CST-IBS/CBS;Descrição CST-IBS/CBS;cClassTrib;Nome cClassTrib;Descrição cClassTrib;LC Redação;LC 214/25;Tipo de Alíquota;pRedIBS;pRedCBS;ind_gTribRegular;ind_gCredPresOper;ind_gMonoPadrao;ind_gMonoReten;ind_gMonoRet;ind_gMonoDif;ind_gEstornoCred;dIniVig;dFimVig;DataAtualização;indNFeABI;indNFe;indNFCe;indCTe;indCTeOS;indBPe;indBPeTA;indBPeTM;indNF3e;indNFSe;indNFSe Via;indNFCom;indNFAg;indNFGas;indDERE;ANEXO;Link
000;Tributação integral;000001;Situações tributadas integralmente pelo IBS e CBS.;Situações tributadas integralmente pelo IBS e CBS.;;;Padrão;0;0;0;0;0;0;0;0;0;01/01/2026;;19/11/2025;0;1;1;1;1;1;1;1;1;1;0;1;1;1;0;;https://www.planalto.gov.br/ccivil_03/leis/lcp/lcp214.htm#art4
000;Tributação integral;000002;Exploração de via;Exploração de via, observado o art. 11 da Lei Complementar nº 214, de 2025.;"Art. 11. Considera-se local da operação com:
VIII - serviço de exploração de via, mediante cobrança de valor a qualquer título, incluindo tarifas, pedágios e quaisquer outras formas de cobrança, o território de cada Município e Estado, ou do Distrito Federal, proporcionalmente à correspondente extensão da via explorada";Art. 11, VIII;Padrão;0;0;0;0;0;0;0;0;0;01/01/2026;;19/11/2025;0;0;0;0;0;0;0;0;0;0;1;0;0;0;0;;https://www.planalto.gov.br/ccivil_03/leis/lcp/lcp214.htm#art11
000;Tributação integral;000003;Regime automotivo - projetos incentivados (art. 311);Regime automotivo - projetos incentivados, observado o art. 311 da Lei Complementar nº 214, de 2025.;Art. 311. Em relação aos projetos habilitados à fruição dos benefícios estabelecidos pelo art. 11-C da Lei nº 9.440, de 14 de março de 1997, o crédito presumido de que trata o art. 309 desta Lei Complementar será calculado mediante a aplicação dos seguintes percentuais sobre o valor das vendas no mercado interno, em cada mês, dos produtos constantes nos projetos de que trata o art. 309, fabricados ou montados nos estabelecimentos incentivados:;Art. 311;Padrão;0;0;0;1;0;0;0;0;0;01/01/2026;;19/05/2025;0;1;0;0;0;0;0;0;0;0;0;0;0;0;0;;https://www.planalto.gov.br/ccivil_03/leis/lcp/lcp214.htm#art311
000;Tributação integral;000004;Regime automotivo - projetos incentivados (art. 312);Regime automotivo - projetos incentivados, observado o art. 312 da Lei Complementar nº 214, de 2025.;Art. 312. Em relação aos projetos habilitados à fruição dos benefícios estabelecidos pelos arts. 1º a 4º da Lei nº 9.826, de 23 de agosto de 1999, o crédito presumido de que trata o art. 309 desta Lei Complementar corresponderá ao produto da multiplicação dos seguintes fatores:;Art. 312;Padrão;0;0;0;1;0;0;0;0;0;01/01/2026;;19/05/2025;0;1;0;0;0;0;0;0;0;0;0;0;0;0;0;;https://www.planalto.gov.br/ccivil_03/leis/lcp/lcp214.htm#art312
010;Tributação com alíquotas uniformes - operações do FGTS;010001;Operações do FGTS não realizadas pela Caixa Econômica Federal;Operações do FGTS não realizadas pela Caixa Econômica Federal, observado o art. 212 da Lei Complementar nº 214, de 2025.;"Art. 212. As operações relacionadas ao Fundo de Garantia do Tempo de Serviço (FGTS) ficam sujeitas à incidência do IBS e da CBS, por alíquota nacionalmente uniforme, a ser fixada de modo a manter a carga tributária incidente sobre essas operações.
 § 3º Ficam sujeitas:
 II - às alíquotas necessárias para manter a carga tributária, as operações previstas nos incisos II e III do § 2º deste artigo.";Art. 212;Uniforme setorial;0;0;0;0;0;0;0;0;0;01/01/2026;;19/05/2025;0;0;0;0;0;0;0;0;0;1;0;0;0;0;1;;https://www.planalto.gov.br/ccivil_03/leis/lcp/lcp214.htm#art212
010;Tributação com alíquotas uniformes - operações setor financeiro;010002;Operações do serviço financeiro;Operações do serviço financeiro;Art. 233. De 2027 a 2033, as alíquotas do IBS e da CBS incidentes sobre os serviços financeiros de que trata o art. 189 desta Lei Complementar serão fixadas de modo a manter a carga tributária incidente sobre as operações de crédito das instituições financeiras bancárias.;Art. 233;Uniforme setorial;0;0;0;0;0;0;0;0;0;01/01/2026;;19/11/2025;0;0;0;0;0;0;0;0;0;1;0;0;0;0;1;;https://www.planalto.gov.br/ccivil_03/leis/lcp/lcp214.htm#art233
011;Tributação com alíquotas uniformes reduzidas em 60%;011001;Planos de assistência funerária.;Planos de assistência funerária, observado o art. 236 da Lei Complementar nº 214, de 2025.;Art. 236. Os planos de assistência funerária ficam sujeitos ao disposto nos arts. 234 a 242 desta Lei Complementar.;Art. 236;Uniforme nacional (referência);60;60;0;0;0;0;0;0;0;01/01/2026;;19/05/2025;0;0;0;0;0;0;0;0;0;0;0;0;0;0;1;;https://www.planalto.gov.br/ccivil_03/leis/lcp/lcp214.htm#art236
011;Tributação com alíquotas uniformes reduzidas em 60%;011002;Planos de assistência à saúde;Planos de assistência à saúde, observado o art. 237 da Lei Complementar nº 214, de 2025.;Art. 237. As alíquotas de IBS e de CBS no regime específico de planos de assistência à saúde são nacionalmente uniformes e correspondem às alíquotas de referência de cada esfera federativa, reduzidas em 60% (sessenta por cento).;Art. 237;Uniforme nacional (referência);60;60;0;0;0;0;0;0;0;01/01/2026;;19/05/2025;0;0;0;0;0;0;0;0;0;0;0;0;0;0;1;;https://www.planalto.gov.br/ccivil_03/leis/lcp/lcp214.htm#art237
011;Tributação com alíquotas uniformes reduzidas em 60%;011003;Intermediação de planos de assistência à saúde;Intermediação de planos de assistência à saúde, observado o art. 240 da Lei Complementar nº 214, de 2025.;Art. 240. Os serviços de intermediação de planos de assistência à saúde ficam sujeitos à incidência do IBS e da CBS sobre o valor da operação pela mesma alíquota aplicável ao plano de assistência à saúde.;Art. 240;Uniforme nacional (referência);60;60;0;0;0;0;0;0;0;01/01/2026;;19/05/2025;0;0;0;0;0;0;0;0;0;1;0;0;0;0;0;;https://www.planalto.gov.br/ccivil_03/leis/lcp/lcp214.htm#art240
011;Tributação com alíquotas uniformes;011004;Concursos e prognósticos;Concursos e prognósticos, observado o art. 246 da Lei Complementar nº 214, de 2025.;Art. 246. As alíquotas do IBS e da CBS sobre concursos de prognósticos são nacionalmente uniformes e correspondem à soma das alíquotas de referência das esferas federativas.;Art. 246;Uniforme nacional (referência);0;0;0;0;0;0;0;0;0;01/01/2026;;19/05/2025;0;0;0;0;0;0;0;0;0;0;0;0;0;0;1;;https://www.planalto.gov.br/ccivil_03/leis/lcp/lcp214.htm#art246
011;Tributação com alíquotas uniformes reduzidas em 30%;011005;Planos de assistência à saúde de animais domésticos;Planos de assistência à saúde de animais domésticos, observado o art. 243 da Lei Complementar nº 214, de 2025.;Art. 243. Os planos de assistência à saúde de animais domésticos ficam sujeitos ao disposto nos arts. 234 a 242 desta Lei Complementar, com exceção das alíquotas aplicáveis, que serão nacionalmente uniformes e corresponderão à soma das alíquotas de referência de cada esfera federativa, reduzidas em 30% (trinta por cento), vedado o crédito ao adquirente.;Art. 243;Uniforme nacional (referência);30;30;0;0;0;0;0;0;0;01/01/2026;;19/05/2025;0;0;0;0;0;0;0;0;0;0;0;0;0;0;1;;https://www.planalto.gov.br/ccivil_03/leis/lcp/lcp214.htm#art243
200;Alíquota zero;200001;Aquisições realizadas entre empresas autorizadas a operar em zonas de processamento de exportação;Aquisições de máquinas, de aparelhos, de instrumentos, de equipamentos, de matérias-primas, de produtos intermediários e de materiais de embalagem realizadas entre empresas autorizadas a operar em zonas de processamento de exportação, observado o art. 103 da Lei Complementar nº 214, de 2025.;"Art. 103. Ficam reduzidas a zero as alíquotas do IBS e da CBS incidentes sobre os serviços de transporte:
 I - dos bens de que tratam os arts. 99 e 100 desta Lei Complementar, até as zonas de processamento de exportação; e
 II - dos bens exportados a partir das zonas de processamento de exportação.";Art. 103;Padrão;100;100;0;0;0;0;0;0;0;01/01/2026;;19/05/2025;0;1;0;1;0;0;0;0;0;1;0;0;0;0;0;;https://www.planalto.gov.br/ccivil_03/leis/lcp/lcp214.htm#art103
200;Alíquota zero;200002;Fornecimento ou importação para produtor rural não contribuinte ou TAC;Fornecimento ou importação de tratores, máquinas e implementos agrícolas, destinados a produtor rural não contribuinte, e de veículos de transporte de carga destinados a transportador autônomo de carga pessoa física não contribuinte, observado o art. 110 da Lei Complementar nº 214, de 2025.;"Art. 110. Ficam reduzidas a zero as alíquotas do IBS e da CBS no fornecimento e na importação: 
 I - de tratores, máquinas e implementos agrícolas, destinados a produtor rural não contribuinte de que trata o art. 164; e 
 II - de veículos de transporte de carga destinados a transportador autônomo de carga pessoa física não contribuinte de que trata o art. 169.";Art. 110;Padrão;100;100;0;0;0;0;0;0;0;01/01/2026;;19/05/2025;0;1;1;0;0;0;0;0;0;0;0;0;0;0;0;;https://www.planalto.gov.br/ccivil_03/leis/lcp/lcp214.htm#art110
200;Alíquota zero;200003;Vendas de produtos destinados à alimentação humana (Anexo I);Vendas de produtos destinados à alimentação humana relacionados no Anexo I da Lei Complementar nº 214, de 2025, com a especificação das respectivas classificações da NCM/SH, que compõem a Cesta Básica Nacional de Alimentos, criada nos termos do art. 8º da Emenda Constitucional nº 132, de 20 de dezembro de 2023, observado o art. 125 da Lei Complementar nº 214, de 2025.;Art. 125. Ficam reduzidas a zero as alíquotas do IBS e da CBS incidentes sobre as vendas de produtos destinados à alimentação humana relacionados no Anexo I desta Lei Complementar, com a especificação das respectivas classificações da NCM/SH, que compõem a Cesta Básica Nacional de Alimentos, criada nos termos do art. 8º da Emenda Constitucional nº 132, de 20 de dezembro de 2023.;Art. 125;Padrão;100;100;0;0;0;0;0;0;0;01/01/2026;;19/05/2025;0;1;1;0;0;0;0;0;0;0;0;0;0;0;0;1;https://www.planalto.gov.br/ccivil_03/leis/lcp/lcp214.htm#art125
200;Alíquota zero;200004;Venda de dispositivos médicos (Anexo XII);Venda de dispositivos médicos com a especificação das respectivas classificações da NCM/SH previstas no Anexo XII da Lei Complementar nº 214, de 2025, observado o art. 144 da Lei Complementar nº 214, de 2025.;"Art. 144. Ficam reduzidas a zero as alíquotas do IBS e da CBS incidentes sobre o fornecimento dos dispositivos médicos relacionados: no Anexo XII desta Lei Complementar, com a especificação das respectivas classificações da NCM/SH; e";Art. 144, I;Padrão;100;100;0;0;0;0;0;0;0;01/01/2026;;19/05/2025;0;1;1;0;0;0;0;0;0;1;0;0;0;0;0;12;https://www.planalto.gov.br/ccivil_03/leis/lcp/lcp214.htm#art144
200;Alíquota zero;200005;Venda de dispositivos médicos adquiridos por órgãos da administração pública (Anexo IV);Venda de dispositivos médicos com a especificação das respectivas classificações da NCM/SH previstas no Anexo IV da Lei Complementar nº 214, de 2025, quando adquiridos por órgãos da administração pública direta, autarquias e fundações públicas, observado o art. 144 da Lei Complementar nº 214, de 2025.;"Art. 144. Ficam reduzidas a zero as alíquotas do IBS e da CBS incidentes sobre o fornecimento dos dispositivos médicos relacionados:
 II - no Anexo IV desta Lei Complementar, com a especificação das respectivas classificações da NCM/SH, caso adquiridos por: a) órgãos da administração pública direta, autarquias e fundações públicas; e 
 b) as entidades de saúde imunes ao IBS e à CBS que possuam Certificação de Entidade Beneficente de Assistência Social (CEBAS) por comprovarem a prestação de serviços ao SUS, nos termos dos arts. 9º a 11 da Lei Complementar nº 187, de 16 de dezembro de 2021.";Art. 144, II;Padrão;100;100;0;0;0;0;0;0;0;01/01/2026;;19/05/2025;0;1;0;0;0;0;0;0;0;1;0;0;0;0;0;4;https://www.planalto.gov.br/ccivil_03/leis/lcp/lcp214.htm#art144
200;Alíquota zero;200006;Situação de emergência de saúde pública reconhecida pelo Poder público (Anexo XII);Situação de emergência de saúde pública reconhecida pelo Poder Legislativo federal, estadual, distrital ou municipal competente, ato conjunto do Ministro da Fazenda e do Comitê Gestor do IBS poderá ser editado, a qualquer momento, para incluir dispositivos não listados no Anexo XII da Lei Complementar nº 214, de 2025, limitada a vigência do benefício ao período e à localidade da emergência de saúde pública, observado o art. 144 da Lei Complementar nº 214, de 2025.;"Art. 144. Ficam reduzidas a zero as alíquotas do IBS e da CBS incidentes sobre o fornecimento dos dispositivos médicos relacionados:
 § 3º Em caso de emergência de saúde pública reconhecida pelo Poder Legislativo federal, estadual, distrital ou municipal competente, ato conjunto do Ministro de Estado da Fazenda e do Comitê Gestor do IBS poderá ser editado, a qualquer momento, para incluir dispositivos não listados no Anexo XII desta Lei Complementar, limitada a vigência do benefício ao período e à localidade da emergência de saúde pública.";Art. 144, § 3º;Padrão;100;100;0;0;0;0;0;0;0;01/01/2026;;19/05/2025;0;1;1;0;0;0;0;0;0;1;0;0;0;0;0;;https://www.planalto.gov.br/ccivil_03/leis/lcp/lcp214.htm#art144
200;Alíquota zero;200007;Fornecimento dos dispositivos de acessibilidade próprios para pessoas com deficiência (Anexo XIII);Fornecimento dos dispositivos de acessibilidade próprios para pessoas com deficiência relacionados no Anexo XIII da Lei Complementar nº 214, de 2025, com a especificação das respectivas classificações da NCM/SH, observado o art. 145 da Lei Complementar nº 214, de 2025.;"Art. 145. Ficam reduzidas a zero as alíquotas do IBS e da CBS incidentes sobre o fornecimento dos dispositivos de acessibilidade próprios para pessoas com deficiência relacionados: 
 I - no Anexo XIII desta Lei Complementar, com a especificação das respectivas classificações da NCM/SH; e";Art. 145, I;Padrão;100;100;0;0;0;0;0;0;0;01/01/2026;;19/05/2025;0;1;1;0;0;0;0;0;0;1;0;0;0;0;0;13;https://www.planalto.gov.br/ccivil_03/leis/lcp/lcp214.htm#art145
200;Alíquota zero;200008;Fornecimento dos dispositivos de acessibilidade próprios para pessoas com deficiência adquiridos por órgãos da administração pública (Anexo V);Fornecimento dos dispositivos de acessibilidade próprios para pessoas com deficiência relacionados no Anexo V da Lei Complementar nº 214, de 2025, com a especificação das respectivas classificações da NCM/SH, quando adquiridos por órgãos da administração pública direta, autarquias, fundações públicas e entidades imunes, observado o art. 145 da Lei Complementar nº 214, de 2025.;"Art. 145. Ficam reduzidas a zero as alíquotas do IBS e da CBS incidentes sobre o fornecimento dos dispositivos de acessibilidade próprios para pessoas com deficiência relacionados: II - no Anexo V desta Lei Complementar, com a especificação das respectivas classificações da NCM/SH, quando adquiridos por: a) órgãos da administração pública direta, autarquias e fundações públicas; e b) as entidades de saúde imunes ao IBS e à CBS que possuam CEBAS por comprovarem a prestação de serviços ao SUS, nos termos dos arts. 9º a 11 da Lei Complementar nº 187, de 2021.";Art. 145, II;Padrão;100;100;0;0;0;0;0;0;0;01/01/2026;;19/05/2025;0;1;0;0;0;0;0;0;0;1;0;0;0;0;0;5;https://www.planalto.gov.br/ccivil_03/leis/lcp/lcp214.htm#art145
200;Alíquota zero;200009;Fornecimento de medicamentos (Anexo XIV);Fornecimento dos medicamentos relacionados no Anexo XIV da Lei Complementar nº 214, de 2025, com a especificação das respectivas classificações da NCM/SH, observado o art. 146 da Lei Complementar nº 214, de 2025.;Art. 146. Ficam reduzidas a zero as alíquotas do IBS e da CBS sobre o fornecimento dos medicamentos relacionados no Anexo XIV desta Lei Complementar, com a especificação das respectivas classificações da NCM/SH.;Art. 146;Padrão;100;100;0;0;0;0;0;0;0;01/01/2026;;19/05/2025;0;1;1;0;0;0;0;0;0;0;0;0;0;0;0;14;https://www.planalto.gov.br/ccivil_03/leis/lcp/lcp214.htm#art146
200;Alíquota zero;200010;Fornecimento dos medicamentos registrados na Anvisa, adquiridos por órgãos da administração pública;Fornecimento dos medicamentos registrados na Anvisa, quando adquiridos por órgãos da administração pública direta, autarquias, fundações públicas e entidades imunes, observado o art. 146 da Lei Complementar nº 214, de 2025.;"Art. 146.
 § 1º Ficam também reduzidas a zero as alíquotas do IBS e da CBS sobre o fornecimento de medicamentos registrados na Anvisa, quando adquiridos por: 
 I - órgãos da administração pública direta, autarquias e fundações públicas; e 
 II - as entidades de saúde imunes ao IBS e à CBS que possuam CEBAS por comprovarem a prestação de serviços ao SUS, nos termos dos arts. 9º a 11 da Lei Complementar nº 187, de 2021.";Art. 146, § 1º;Padrão;100;100;0;0;0;0;0;0;0;01/01/2026;;19/05/2025;0;1;1;0;0;0;0;0;0;0;0;0;0;0;0;;https://www.planalto.gov.br/ccivil_03/leis/lcp/lcp214.htm#art146
200;Alíquota zero;200011;Fornecimento das composições para nutrição enteral e parenteral quando adquiridas por órgãos da administração pública (Anexo VI);Fornecimento das composições para nutrição enteral e parenteral, composições especiais e fórmulas nutricionais destinadas às pessoas com erros inatos do metabolismo relacionadas no Anexo VI da Lei Complementar nº 214, de 2025, com a especificação das respectivas classificações da NCM/SH, quando adquiridas por órgãos da administração pública direta, autarquias e fundações públicas, observado o art. 146 da Lei Complementar nº 214, de 2025.;"Art. 146.
 2º A redução de alíquotas de que trata o caput deste artigo aplica-se também ao fornecimento das composições para nutrição enteral e parenteral, composições especiais e fórmulas nutricionais destinadas às pessoas com erros inatos do metabolismo relacionadas no Anexo VI desta Lei Complementar, com a especificação das respectivas classificações da NCM/SH, quando adquiridas pelos órgãos e entidades mencionados nos incisos do § 1º deste artigo.";Art. 146, § 2º;Padrão;100;100;0;0;0;0;0;0;0;01/01/2026;;19/05/2025;0;1;0;0;0;0;0;0;0;0;0;0;0;0;0;6;https://www.planalto.gov.br/ccivil_03/leis/lcp/lcp214.htm#art146
200;Alíquota zero;200012;Situação de emergência de saúde pública reconhecida pelo Poder público (Anexo XIV);Situação de emergência de saúde pública reconhecida pelo Poder Legislativo federal, estadual, distrital ou municipal competente, ato conjunto do Ministro da Fazenda e do Comitê Gestor do IBS poderá ser editado, a qualquer momento, para incluir dispositivos não listados no Anexo XIV da Lei Complementar nº 214, de 2025, limitada a vigência do benefício ao período e à localidade da emergência de saúde pública, observado o art. 146 da Lei Complementar nº 214, de 2025.;"Art. 146.
 § 4º Em caso de emergência de saúde pública reconhecida pelo Poder Legislativo federal, estadual, distrital ou municipal competente, ato conjunto do Ministro de Estado da Fazenda e do Comitê Gestor do IBS poderá ser editado, a qualquer momento, para incluir medicamentos não listados no Anexo XIV desta Lei Complementar, limitada a vigência do benefício ao período e à localidade da emergência de saúde pública.";Art. 146, § 4º;Padrão;100;100;0;0;0;0;0;0;0;01/01/2026;;19/05/2025;0;1;1;0;0;0;0;0;0;0;0;0;0;0;0;;https://www.planalto.gov.br/ccivil_03/leis/lcp/lcp214.htm#art146
200;Alíquota zero;200013;Fornecimento de tampões higiênicos, absorventes higiênicos internos ou externos;Fornecimento de tampões higiênicos, absorventes higiênicos internos ou externos, descartáveis ou reutilizáveis, calcinhas absorventes e coletores menstruais, observado o art. 147 da Lei Complementar nº 214, de 2025.;"Art. 147. Ficam reduzidas a zero as alíquotas do IBS e da CBS incidentes sobre o fornecimento dos seguintes produtos de cuidados básicos à saúde menstrual: 
 I - tampões higiênicos classificados no código 9619.00.00 da NCM/SH; 
 II - absorventes higiênicos internos ou externos, descartáveis ou reutilizáveis, e calcinhas absorventes classificados no código 9619.00.00 da NCM/SH; e 
 III - coletores menstruais classificados no código 9619.00.00 da NCM/SH.";Art. 147;Padrão;100;100;0;0;0;0;0;0;0;01/01/2026;;19/05/2025;0;1;1;0;0;0;0;0;0;0;0;0;0;0;0;;https://www.planalto.gov.br/ccivil_03/leis/lcp/lcp214.htm#art147
200;Alíquota zero;200014;Fornecimento dos produtos hortícolas, frutas e ovos (Anexo XV);Fornecimento dos produtos hortícolas, frutas e ovos, relacionados no Anexo XV da Lei Complementar nº 214 , de 2025, com a especificação das respectivas classificações da NCM/SH e desde que não cozidos, observado o art. 148 da Lei Complementar nº 214, de 2025.;Art. 148. Ficam reduzidas a zero as alíquotas do IBS e da CBS incidentes sobre o fornecimento dos produtos hortícolas, frutas e ovos relacionados no Anexo XV desta Lei Complementar, com a especificação das respectivas classificações da NCM/SH.;Art. 148;Padrão;100;100;0;0;0;0;0;0;0;01/01/2026;;19/05/2025;0;1;1;0;0;0;0;0;0;0;0;0;0;0;0;15;https://www.planalto.gov.br/ccivil_03/leis/lcp/lcp214.htm#art148
200;Alíquota zero;200015;Venda de automóveis de passageiros de fabricação nacional adquiridos por motoristas profissionais ou pessoas com deficiência;"Venda de automóveis de passageiros de fabricação nacional de, no mínimo, 4 (quatro) portas, inclusive a de acesso ao bagageiro, quando adquiridos por motoristas profissionais que exerçam, comprovadamente, em automóvel de sua propriedade, atividade de condutor autônomo de passageiros, na condição de titular de autorização, permissão ou concessão do poder público, e que destinem o automóvel à utilização na categoria de aluguel (táxi), ou por pessoas com deficiência física, visual, auditiva, deficiência mental severa ou profunda, transtorno do espectro autista, com prejuízos na 
 comunicação social e em padrões restritos ou repetitivos de comportamento de nível moderado ou grave, nos termos da legislação relativa à matéria, observado o disposto no art. 149 da Lei Complementar nº 214, de 2025.";Art. 149. Ficam reduzidas a zero as alíquotas do IBS e da CBS incidentes sobre a venda de automóveis de passageiros de fabricação nacional de, no mínimo, 4 (quatro) portas, inclusive a de acesso ao bagageiro, quando adquiridos por:;Art. 149;Padrão;100;100;0;0;0;0;0;0;0;01/01/2026;;19/05/2025;0;1;1;0;0;0;0;0;0;0;0;0;0;0;0;;https://www.planalto.gov.br/ccivil_03/leis/lcp/lcp214.htm#art149
200;Alíquota zero;200016;Prestação de serviços de pesquisa e desenvolvimento por Instituição Científica, Tecnológica e de Inovação (ICT);Prestação de serviços de pesquisa e desenvolvimento por Instituição Científica, Tecnológica e de Inovação (ICT) sem fins lucrativos para a administração pública direta, autarquias e fundações públicas ou para o contribuinte sujeito ao regime regular do IBS e da CBS, observado o disposto no art. 156 da Lei Complementar nº 214, de 2025.;"Art. 156. Ficam reduzidas a zero as alíquotas do IBS e da CBS incidentes sobre a prestação de serviços de pesquisa e desenvolvimento por Instituição Científica, Tecnológica e de Inovação (ICT) sem fins lucrativos para: 
 I - a administração pública direta, autarquias e fundações públicas; ou II - contribuinte sujeito ao regime regular do IBS e da CBS.";Art. 156;Padrão;100;100;0;0;0;0;0;0;0;01/01/2026;;19/05/2025;0;0;0;0;0;0;0;0;0;1;0;0;0;0;0;;https://www.planalto.gov.br/ccivil_03/leis/lcp/lcp214.htm#art156
200;Alíquota zero;200017;Operações relacionadas ao FGTS;Operações relacionadas ao FGTS, considerando aquelas necessárias à aplicação da Lei nº 8.036, de 1990, realizadas pelo Conselho Curador ou Secretaria Executiva do FGTS, observado o art. 212 da Lei Complementar nº 214, de 2025.;"Art. 212. As operações relacionadas ao Fundo de Garantia do Tempo de Serviço (FGTS) ficam sujeitas à incidência do IBS e da CBS, por alíquota nacionalmente uniforme, a ser fixada de modo a manter a carga tributária incidente sobre essas operações.
 § 2º As operações relacionadas ao FGTS são aquelas necessárias à aplicação da Lei nº 8.036, de 11 de maio de 1990, realizadas: 
 I – pelo agente operador do FGTS;
 § 3º Ficam sujeitas:
 I - à alíquota zero do IBS e da CBS, as operações previstas no inciso I do § 2º deste artigo;";Art. 212, § 3º, I;Padrão;100;100;0;0;0;0;0;0;0;01/01/2026;;19/05/2025;0;0;0;0;0;0;0;0;0;1;0;0;0;0;1;;https://www.planalto.gov.br/ccivil_03/leis/lcp/lcp214.htm#art212
200;Alíquota zero;200018;Operações de resseguro e retrocessão;Operações de resseguro e retrocessão ficam sujeitas à incidência à alíquota zero, inclusive quando os prêmios de resseguro e retrocessão forem cedidos ao exterior, observado o art. 223 da Lei Complementar nº 214, de 2025.;"Art. 223. Para fins de determinação da base de cálculo, nas operações de seguros e resseguros de que tratam, respectivamente, os incisos XI e XII do caput do art. 182 desta Lei Complementar:
 § 4º As operações de resseguro e retrocessão ficam sujeitas à incidência à alíquota zero, inclusive quando os prêmios de resseguro e retrocessão forem cedidos ao exterior.";Art. 223, § 4º;Padrão;100;100;0;0;0;0;0;0;0;01/01/2026;;19/05/2025;0;0;0;0;0;0;0;0;0;0;0;0;0;0;1;;https://www.planalto.gov.br/ccivil_03/leis/lcp/lcp214.htm#art223
200;Alíquota zero;200019;Importador dos serviços financeiros contribuinte;Importador dos serviços financeiros seja contribuinte que realize as operações de que tratam os incisos I a V do caput do art. 182, será aplicada alíquota zero na importação, sem prejuízo da manutenção do direito de dedução dessas despesas da base de cálculo do IBS e da CBS, segundo, observado o art. 231 da Lei Complementar nº 214, de 2025.;"Art. 231. Os serviços financeiros de que trata o art. 182 desta Lei Complementar, quando forem considerados importados, nos termos da Seção II do Capítulo IV do Título I deste Livro, ficam sujeitos à incidência do IBS e da CBS pela mesma alíquota aplicável aos respectivos serviços financeiros adquiridos de fornecedores domiciliados no País.
 § 1º Na importação de serviços financeiros:
 II - nas hipóteses em que o importador dos serviços financeiros seja contribuinte do IBS e da CBS sujeito ao regime regular e tenha direito de apropriação de créditos desses tributos na aquisição do mesmo serviço financeiro no País, de acordo com o disposto neste Capítulo, será aplicada alíquota zero na importação, e não serão apropriados créditos do IBS e da CBS; e";Art. 231, § 1º, II;Padrão;100;100;0;0;0;0;0;0;0;01/01/2026;;19/05/2025;0;0;0;0;0;0;0;0;0;0;0;0;0;0;1;;https://www.planalto.gov.br/ccivil_03/leis/lcp/lcp214.htm#art231
200;Alíquota zero;200020;Operação praticada por sociedades cooperativas optantes por regime específico do IBS e CBS;Operação praticada por sociedades cooperativas optantes por regime específico do IBS e CBS, quando o associado destinar bem ou serviço à cooperativa de que participa, e a cooperativa fornecer bem ou serviço ao associado sujeito ao regime regular do IBS e da CBS, observado o art. 271 da Lei Complementar nº 214, de 2025.;"Art. 271. As sociedades cooperativas poderão optar por regime específico do IBS e da CBS no qual ficam reduzidas a zero as alíquotas do IBS e da CBS incidentes na operação em que: 
 I - o associado fornece bem ou serviço à cooperativa de que participa; e II - a cooperativa fornece bem ou serviço a associado sujeito ao regime regular do IBS e da CBS.";Art. 271;Padrão;100;100;0;0;0;0;0;0;0;01/01/2026;;19/05/2025;0;1;1;0;0;0;0;0;0;1;0;0;0;0;0;;https://www.planalto.gov.br/ccivil_03/leis/lcp/lcp214.htm#art271
200;Alíquota zero;200021;Serviços de transporte público coletivo de passageiros ferroviário e hidroviário;Serviços de transporte público coletivo de passageiros ferroviário e hidroviário urbanos, semiurbanos e metropolitanos, observado o art. 285 da Lei Complementar nº 214, de 2025.;"Art. 285. Em relação aos serviços de transporte público coletivo de passageiros ferroviário e hidroviário de caráter urbano, semiurbano e metropolitano: I - ficam reduzidas em 100% (cem por cento) as alíquotas do IBS e da CBS incidentes sobre o fornecimento desses serviços;";Art. 285, I;Padrão;100;100;0;0;0;0;0;0;0;01/01/2026;;19/05/2025;0;0;0;0;0;0;0;1;0;1;0;0;0;0;0;;https://www.planalto.gov.br/ccivil_03/leis/lcp/lcp214.htm#art285
200;Alíquota zero;200022;Operação originada fora da ZFM que destine bem material industrializado a contribuinte estabelecido na ZFM;Operação originada fora da Zona Franca de Manaus que destine bem material industrializado de origem nacional a contribuinte estabelecido na Zona Franca de Manaus que seja habilitado nos termos do art. 442 da Lei Complementar nº 214, de 2025, e sujeito ao regime regular do IBS e da CBS ou optante pelo regime do Simples Nacional de que trata o art. 12 da Lei Complementar nº 123, de 2006, observado o art. 445 da Lei Complementar nº 214, de 2025.;Art. 445. Ficam reduzidas a zero as alíquotas do IBS e da CBS incidentes sobre operação originada fora da Zona Franca de Manaus que destine bem material industrializado de origem nacional a contribuinte estabelecido na Zona Franca de Manaus que seja:;Art. 445;Padrão;100;100;1;0;0;0;0;0;0;01/01/2026;;21/08/2025;0;1;0;0;0;0;0;0;0;0;0;0;0;0;0;;https://www.planalto.gov.br/ccivil_03/leis/lcp/lcp214.htm#art445
200;Alíquota zero;200023;Operação realizada por indústria incentivada que destine bem material intermediário para outra indústria incentivada na ZFM;Operação realizada por indústria incentivada que destine bem material intermediário para outra indústria incentivada na Zona Franca de Manaus, desde que a entrega ou disponibilização dos bens ocorra dentro da referida área, observado o art. 448 da Lei Complementar nº 214, de 2025.;Art. 448. Ficam reduzidas a zero as alíquotas do IBS e da CBS incidentes sobre operação realizada por indústria incentivada que destine bem material intermediário para outra indústria incentivada na Zona Franca de Manaus, desde que a entrega ou disponibilização dos bens ocorra dentro da referida área.;Art. 448;Padrão;100;100;0;0;0;0;0;0;0;01/01/2026;;19/05/2025;0;1;0;0;0;0;0;0;0;0;0;0;0;0;0;;https://www.planalto.gov.br/ccivil_03/leis/lcp/lcp214.htm#art448
200;Alíquota zero;200024;Operação originada fora das Áreas de Livre Comércio destinadas a contribuinte estabelecido nas Áreas de Livre Comércio;Operação originada fora das Áreas de Livre Comércio que destine bem material industrializado de origem nacional a contribuinte estabelecido nas Áreas de Livre Comércio que seja habilitado nos termos do art. 456 da Lei Complementar nº 214, de 2025, e sujeito ao regime regular do IBS e da CBS ou optante pelo regime do Simples Nacional de que trata o art. 12 da Lei Complementar nº 123, de 2006, observado o art. 463 da Lei Complementar nº 214, de 2025.;Art. 463. Ficam reduzidas a zero as alíquotas do IBS e da CBS incidentes sobre operação originada fora da área de livre comércio que destine bem material industrializado de origem nacional a contribuinte estabelecido na área de livre comércio que seja:;Art. 463;Padrão;100;100;1;0;0;0;0;0;0;01/01/2026;;19/05/2025;0;1;0;0;0;0;0;0;0;0;0;0;0;0;0;;https://www.planalto.gov.br/ccivil_03/leis/lcp/lcp214.htm#art463
200;Alíquota zero apenas CBS e reduzida em 60% para IBS;200025;Fornecimento dos serviços de educação relacionados ao Programa Universidade para Todos (Prouni);Fornecimento dos serviços de educação relacionados ao Programa Universidade para Todos (Prouni), instituído pela Lei nº 11.096, de 13 de janeiro de 2005, observado o art. 308 da Lei Complementar nº 214, de 2025.;Art. 308. Fica reduzida a zero a alíquota da CBS incidente sobre o fornecimento de serviços de educação de ensino superior por instituição privada de ensino, com ou sem fins lucrativos, durante o período de adesão e vinculação ao Programa Universidade para Todos - Prouni, instituído pela Lei nº 11.096, de 13 de janeiro de 2005.;Art. 308;Padrão;60;100;0;0;0;0;0;0;0;01/01/2026;;19/05/2025;0;0;0;0;0;0;0;0;0;1;0;0;0;0;0;;https://www.planalto.gov.br/ccivil_03/leis/lcp/lcp214.htm#art308
200;Alíquota reduzida em 80%;200026;Locação de imóveis localizados nas zonas reabilitadas;Locação de imóveis localizados nas zonas reabilitadas, pelo prazo de 5 (cinco) anos, contado da data de expedição do habite-se, e relacionados a projetos de reabilitação urbana de zonas históricas e de áreas críticas de recuperação e reconversão urbanística dos Municípios ou do Distrito Federal, a serem delimitadas por lei municipal ou distrital, observado o art. 158 da Lei Complementar nº 214, de 2025.;"Art. 158. Observado o disposto neste Capítulo, ficam reduzidas em 60% (sessenta por cento) as alíquotas do IBS e da CBS sobre operações relacionadas a projetos de reabilitação urbana de zonas históricas e de áreas críticas de recuperação e reconversão urbanística dos Municípios ou do Distrito Federal, a serem delimitadas por lei municipal ou distrital. 
 Parágrafo único. Na hipótese de locação de imóveis prevista no inciso VI do caput do art. 162 desta Lei Complementar, a redução de alíquotas de que trata o caput deste artigo será de 80% (oitenta por cento).";Art. 158, parágrafo único;Padrão;80;80;0;0;0;0;0;0;0;01/01/2026;;19/05/2025;0;0;0;0;0;0;0;0;0;1;0;0;0;0;0;;https://www.planalto.gov.br/ccivil_03/leis/lcp/lcp214.htm#art158
200;Alíquota reduzida em 70%;200027;Operações de locação, cessão onerosa e arrendamento de bens imóveis;Operações de locação, cessão onerosa e arrendamento de bens imóveis, observado o art. 261 da Lei Complementar nº 214, de 2025.;"Art. 261.
 Parágrafo único. As alíquotas do IBS e da CBS relativas às operações de locação, cessão onerosa e arrendamento de bens imóveis ficam reduzidas em 70% (setenta por cento).";Art. 261, parágrafo único;Padrão;70;70;0;0;0;0;0;0;0;01/01/2026;;19/05/2025;1;0;0;0;0;0;0;0;0;1;0;0;0;0;0;;https://www.planalto.gov.br/ccivil_03/leis/lcp/lcp214.htm#art261
200;Alíquota reduzida em 60%;200028;Fornecimento dos serviços de educação (Anexo II);Fornecimento dos serviços de educação relacionados no Anexo II da Lei Complementar nº 214, de 2025, com a especificação das respectivas classificações da Nomenclatura Brasileira de Serviços, Intangíveis e Outras Operações que Produzam Variações no Patrimônio (NBS), observado o art. 129 da Lei Complementar nº 214, de 2025.;Art. 129. Ficam reduzidas em 60% (sessenta por cento) as alíquotas do IBS e da CBS incidentes sobre o fornecimento dos serviços de educação relacionados no Anexo II desta Lei Complementar, com a especificação das respectivas classificações da Nomenclatura Brasileira de Serviços, Intangíveis e Outras Operações que Produzam Variações no Patrimônio (NBS).;Art. 129;Padrão;60;60;0;0;0;0;0;0;0;01/01/2026;;19/05/2025;0;0;0;0;0;0;0;0;0;1;0;0;0;0;0;2;https://www.planalto.gov.br/ccivil_03/leis/lcp/lcp214.htm#art129
200;Alíquota reduzida em 60%;200029;Fornecimento dos serviços de saúde humana (Anexo III);Fornecimento dos serviços de saúde humana relacionados no Anexo III da Lei Complementar nº 214, de 2025, com a especificação das respectivas classificações da NBS, observado o art. 130 da Lei Complementar nº 214, de 2025.;Art. 130. Ficam reduzidas em 60% (sessenta por cento) as alíquotas do IBS e da CBS incidentes sobre o fornecimento dos serviços de saúde relacionados no Anexo III desta Lei Complementar, com a especificação das respectivas classificações da NBS.;Art. 130;Padrão;60;60;0;0;0;0;0;0;0;01/01/2026;;19/05/2025;0;0;0;0;0;0;0;0;0;1;0;0;0;0;0;3;https://www.planalto.gov.br/ccivil_03/leis/lcp/lcp214.htm#art130
200;Alíquota reduzida em 60%;200030;Venda dos dispositivos médicos (Anexo IV);Venda dos dispositivos médicos relacionados no Anexo IV da Lei Complementar nº 214, de 2025, com a especificação das respectivas classificações da NCM/SH, observado o art. 131 da Lei Complementar nº 214, de 2025.;Art. 131. Ficam reduzidas em 60% (sessenta por cento) as alíquotas do IBS e da CBS incidentes sobre o fornecimento dos dispositivos médicos relacionados no Anexo IV desta Lei Complementar, com a especificação das respectivas classificações da NCM/SH.;Art. 131;Padrão;60;60;0;0;0;0;0;0;0;01/01/2026;;19/05/2025;0;1;1;0;0;0;0;0;0;1;0;0;0;0;0;4;https://www.planalto.gov.br/ccivil_03/leis/lcp/lcp214.htm#art131
200;Alíquota reduzida em 60%;200031;Fornecimento dos dispositivos de acessibilidade próprios para pessoas com deficiência (Anexo V);Fornecimento dos dispositivos de acessibilidade próprios para pessoas com deficiência relacionados no Anexo V da Lei Complementar nº 214, de 2025, com a especificação das respectivas classificações da NCM/SH, observado o art. 132 da Lei Complementar nº 214, de 2025.;Art. 132. Ficam reduzidas em 60% (sessenta por cento) as alíquotas do IBS e da CBS incidentes sobre o fornecimento dos dispositivos de acessibilidade próprios para pessoas com deficiência relacionados no Anexo V desta Lei Complementar, com a especificação das respectivas classificações da NCM/SH.;Art. 132;Padrão;60;60;0;0;0;0;0;0;0;01/01/2026;;19/05/2025;0;1;1;0;0;0;0;0;0;1;0;0;0;0;0;5;https://www.planalto.gov.br/ccivil_03/leis/lcp/lcp214.htm#art132
200;Alíquota reduzida em 60%;200032;Fornecimento dos medicamentos registrados na Anvisa ou produzidos por farmácias de manipulação, ressalvados os medicamentos sujeitos à alíquota zero;Fornecimento dos medicamentos registrados na Anvisa ou produzidos por farmácias de manipulação, ressalvados os medicamentos sujeitos à alíquota zero de que trata o art. 141 da Lei Complementar nº 214, de 2025, observado o art. 133 da Lei Complementar nº 214, de 2025.;Art. 133. Ficam reduzidas em 60% (sessenta por cento) as alíquotas do IBS e da CBS incidentes sobre o fornecimento dos medicamentos registrados na Anvisa ou produzidos por farmácias de manipulação, ressalvados os medicamentos sujeitos à alíquota zero de que trata o art. 146 desta Lei Complementar.;Art. 133;Padrão;60;60;0;0;0;0;0;0;0;01/01/2026;;19/05/2025;0;1;1;0;0;0;0;0;0;0;0;0;0;0;0;;https://www.planalto.gov.br/ccivil_03/leis/lcp/lcp214.htm#art133
200;Alíquota reduzida em 60%;200033;Fornecimento das composições para nutrição enteral e parenteral (Anexo VI);Fornecimento das composições para nutrição enteral e parenteral, composições especiais e fórmulas nutricionais destinadas às pessoas com erros inatos do metabolismo relacionadas no Anexo VI da Lei Complementar nº 214, de 2025, com a especificação das respectivas classificações da NCM/SH, observado o art. 133 da Lei Complementar nº 214, de 2025.;"Art. 133.
 § 1º A redução de alíquotas prevista no caput deste artigo aplica-se também às operações de fornecimento das composições para nutrição enteral e parenteral, composições especiais e fórmulas nutricionais destinadas às pessoas com erros inatos do metabolismo relacionadas no Anexo VI desta Lei Complementar, com a especificação das respectivas classificações da NCM/SH.";Art. 133, § 1º;Padrão;60;60;0;0;0;0;0;0;0;01/01/2026;;19/05/2025;0;1;1;0;0;0;0;0;0;0;0;0;0;0;0;6;https://www.planalto.gov.br/ccivil_03/leis/lcp/lcp214.htm#art133
200;Alíquota reduzida em 60%;200034;Fornecimento dos alimentos destinados ao consumo humano (Anexo VII);Fornecimento dos alimentos destinados ao consumo humano relacionados no Anexo VII da Lei Complementar nº 214, de 2025, com a especificação das respectivas classificações da NCM/SH, observado o art. 135 da Lei Complementar nº 214, de 2025.;Art. 135. Ficam reduzidas em 60% (sessenta por cento) as alíquotas do IBS e da CBS incidentes sobre o fornecimento dos alimentos destinados ao consumo humano relacionados no Anexo VII desta Lei Complementar, com a especificação das respectivas classificações da NCM/SH.;Art. 135;Padrão;60;60;0;0;0;0;0;0;0;01/01/2026;;19/05/2025;0;1;1;0;0;0;0;0;0;0;0;0;0;0;0;7;https://www.planalto.gov.br/ccivil_03/leis/lcp/lcp214.htm#art135
200;Alíquota reduzida em 60%;200035;Fornecimento dos produtos de higiene pessoal e limpeza (Anexo VIII);Fornecimento dos produtos de higiene pessoal e limpeza relacionados no Anexo VIII da Lei Complementar nº 214, de 2025, com a especificação das respectivas classificações da NCM/SH, observado o art. 136 da Lei Complementar nº 214, de 2025.;Art. 136. Ficam reduzidas em 60% (sessenta por cento) as alíquotas do IBS e da CBS incidentes sobre o fornecimento dos produtos de higiene pessoal e limpeza relacionados no Anexo VIII desta Lei Complementar, com a especificação das respectivas classificações da NCM/SH.;Art. 136;Padrão;60;60;0;0;0;0;0;0;0;01/01/2026;;19/05/2025;0;1;1;0;0;0;0;0;0;0;0;0;0;0;0;8;https://www.planalto.gov.br/ccivil_03/leis/lcp/lcp214.htm#art136
200;Alíquota reduzida em 60%;200036;Fornecimento de produtos agropecuários, aquícolas, pesqueiros, florestais e extrativistas vegetais in natura;Fornecimento de produtos agropecuários, aquícolas, pesqueiros, florestais e extrativistas vegetais in natura, observado o art. 137 da Lei Complementar nº 214, de 2025.;Art. 137. Ficam reduzidas em 60% (sessenta por cento) as alíquotas do IBS e da CBS incidentes sobre o fornecimento de produtos agropecuários, aquícolas, pesqueiros, florestais e extrativistas vegetais in natura.;Art. 137;Padrão;60;60;0;0;0;0;0;0;0;01/01/2026;;19/05/2025;0;1;1;0;0;0;0;0;0;0;0;0;0;0;0;;https://www.planalto.gov.br/ccivil_03/leis/lcp/lcp214.htm#art137
200;Alíquota reduzida em 60%;200037;Fornecimento de serviços ambientais de conservação ou recuperação da vegetação nativa;Fornecimento de serviços ambientais de conservação ou recuperação da vegetação nativa, mesmo que fornecidos sob a forma de manejo sustentável de sistemas agrícolas, agroflorestais e agrossilvopastoris, em conformidade com as definições e requisitos da legislação específica, observado o art. 137 da Lei Complementar nº 214, de 2025.;"Art. 137.
 § 3º Para fins do disposto no caput deste artigo, considera-se fornecimento de produto florestal inclusive o fornecimento dos serviços ambientais de conservação ou recuperação da vegetação nativa, mesmo que fornecidos sob a forma de manejo sustentável de sistemas agrícolas, agroflorestais e agrossilvopastoris, em conformidade com as definições e requisitos da legislação específica.";Art. 137, § 3º;Padrão;60;60;0;0;0;0;0;0;0;01/01/2026;;19/05/2025;0;0;0;0;0;0;0;0;0;1;0;0;0;0;0;;https://www.planalto.gov.br/ccivil_03/leis/lcp/lcp214.htm#art137
200;Alíquota reduzida em 60%;200038;Fornecimento dos insumos agropecuários e aquícolas (Anexo IX);Fornecimento dos insumos agropecuários e aquícolas relacionados no Anexo IX da Lei Complementar nº 214, de 2025, com a especificação das respectivas classificações da NCM/SH e da NBS, observado o art. 138 da Lei Complementar nº 214, de 2025.;Art. 138. Ficam reduzidas em 60% (sessenta por cento) as alíquotas do IBS e da CBS incidentes sobre o fornecimento dos insumos agropecuários e aquícolas relacionados no Anexo IX desta Lei Complementar, com a especificação das respectivas classificações da NCM/SH e da NBS.;Art. 138;Padrão;60;60;0;0;0;0;0;0;0;01/01/2026;;19/05/2025;0;1;1;0;0;0;0;0;0;1;0;0;0;0;0;9;https://www.planalto.gov.br/ccivil_03/leis/lcp/lcp214.htm#art138
200;Alíquota reduzida em 60%;200039;Fornecimento dos serviços e o licenciamento ou cessão dos direitos destinados às produções nacionais artísticas (Anexo X);"Fornecimento dos serviços e o licenciamento ou cessão dos direitos relacionados no Anexo X da Lei Complementar nº 214, de 2025, com a especificação das respectivas classificações da NBS, quando destinados às seguintes produções nacionais artísticas, culturais, de eventos, jornalísticas e audiovisuais: espetáculos teatrais, circenses e de dança, shows musicais, desfiles carnavalescos ou folclóricos, eventos acadêmicos e científicos, como congressos, conferências e simpósios, feiras de negócios, exposições, feiras e mostras culturais, artísticas e literárias; programas de auditório ou jornalísticos, filmes, documentários, séries, novelas, entrevistas e clipes musicais, observado o art. 139 da Lei Complementar nº 214, de 2025.";Art. 139. Ficam reduzidas em 60% (sessenta por cento) as alíquotas do IBS e da CBS incidentes sobre o fornecimento dos bens e serviços listados no Anexo X desta Lei Complementar, com a especificação das respectivas classificações da NCM/SH e NBS, nos casos relacionados com as seguintes produções nacionais artísticas, culturais, de eventos, jornalísticas e audiovisuais:;Art. 139;Padrão;60;60;0;0;0;0;0;0;0;01/01/2026;;19/05/2025;0;1;0;0;0;0;0;0;0;1;0;0;0;0;0;10;https://www.planalto.gov.br/ccivil_03/leis/lcp/lcp214.htm#art139
200;Alíquota reduzida em 60%;200040;Fornecimento de serviços de comunicação institucional à administração pública;Fornecimento dos seguintes serviços de comunicação institucional à administração pública direta, autarquias e fundações públicas: serviços direcionados ao planejamento, criação, programação e manutenção de páginas eletrônicas da administração pública, ao monitoramento e gestão de suas redes sociais e à otimização de páginas e canais digitais para mecanismos de buscas e produção de mensagens, infográficos, painéis interativos e conteúdo institucional, serviços de relações com a imprensa, que reúnem estratégias organizacionais para promover e reforçar a comunicação dos órgãos e das entidades contratantes com seus públicos de interesse, por meio da interação com profissionais da imprensa, e serviços de relações públicas, que compreendem o esforço de comunicação planejado, coeso e contínuo que tem por objetivo estabelecer adequada percepção da atuação e dos objetivos institucionais, a partir do estímulo à compreensão mútua e da manutenção de padrões de relacionamento e fluxos de informação entre os órgãos e as entidades contratantes e seus públicos de interesse, no País e no exterior, observado o art. 140 da Lei Complementar nº 214, de 2025.;Art. 140. Ficam reduzidas em 60% (sessenta por cento) as alíquotas do IBS e da CBS incidentes sobre o fornecimento dos seguintes serviços de comunicação institucional à administração pública direta, autarquias e fundações públicas:;Art. 140;Padrão;60;60;0;0;0;0;0;0;0;01/01/2026;;19/05/2025;0;0;0;0;0;0;0;0;0;1;0;0;0;0;0;;https://www.planalto.gov.br/ccivil_03/leis/lcp/lcp214.htm#art140
200;Alíquota reduzida em 60%;200041;Fornecimento de serviço de educação desportiva (art. 141. I);Operações relacionadas às seguintes atividades desportivas: fornecimento de serviço de educação desportiva, classificado no código 1.2205.12.00 da NBS, observado o art. 141 da Lei Complementar nº 214, de 2025.;"Art. 141. Ficam reduzidas em 60% (sessenta por cento) as alíquotas do IBS e da CBS incidentes sobre as seguintes operações relacionadas a atividades desportivas: I - fornecimento de serviço de educação desportiva, classificado no código 1.2205.12.00 da NBS;";Art. 141, I;Padrão;60;60;0;0;0;0;0;0;0;01/01/2026;;19/05/2025;0;0;0;0;0;0;0;0;0;1;0;0;0;0;0;;https://www.planalto.gov.br/ccivil_03/leis/lcp/lcp214.htm#art141
200;Alíquota reduzida em 60%;200042;Fornecimento de serviço de educação desportiva (art. 141. II);Operações relacionadas às seguintes atividades desportivas: operações e prestações de serviços de segurança da informação e segurança cibernética, observado o art. 141 da Lei Complementar nº 214, de 2025.;Art. 141. Ficam reduzidas em 60% (sessenta por cento) as alíquotas do IBS e da CBS incidentes sobre as seguintes operações relacionadas a atividades desportivas: II - gestão e exploração do desporto por associações e clubes esportivos filiados ao órgão estadual ou federal responsável pela coordenação dos desportos, inclusive por meio de venda de ingressos para eventos desportivos, fornecimento oneroso ou não de bens e serviços, inclusive ingressos, por meio de programas de sócio-torcedor, cessão dos direitos desportivos dos atletas e transferência de atletas para outra entidade desportiva ou seu retorno à atividade em outra entidade desportiva.;Art. 141, II;Padrão;60;60;0;0;0;0;0;0;0;01/01/2026;;19/05/2025;0;0;0;0;0;0;0;0;0;1;0;0;0;0;0;;https://www.planalto.gov.br/ccivil_03/leis/lcp/lcp214.htm#art141
200;Alíquota reduzida em 60%;200043;Fornecimento à administração pública dos serviços e dos bens relativos à soberania (Anexo XI);Fornecimento à administração pública direta, autarquias e fundações púbicas dos serviços e dos bens relativos à soberania e à segurança nacional, à segurança da informação e à segurança cibernética relacionados no Anexo XI da Lei Complementar nº 214, de 2025, com a especificação das respectivas classificações da NBS e da NCM/SH, observado o art. 142 da Lei Complementar nº 214, de 2025.;"Art. 142. Ficam reduzidas em 60% (sessenta por cento) as alíquotas do IBS e da CBS sobre: 
 I - fornecimento à administração pública direta, autarquias e fundações púbicas dos serviços e dos bens relativos à soberania e à segurança nacional, à segurança da informação e à segurança cibernética relacionados no Anexo XI desta Lei Complementar, com a especificação das respectivas classificações da NBS e da NCM/SH; e";Art. 142, I;Padrão;60;60;0;0;0;0;0;0;0;01/01/2026;;19/05/2025;0;1;0;0;0;0;0;0;0;1;0;0;0;0;0;11;https://www.planalto.gov.br/ccivil_03/leis/lcp/lcp214.htm#art142
200;Alíquota reduzida em 60%;200044;Operações e prestações de serviços de segurança da informação e segurança cibernética desenvolvidos por sociedade que tenha sócio brasileiro (Anexo XI);Operações e prestações de serviços de segurança da informação e segurança cibernética desenvolvidos por sociedade que tenha sócio brasileiro com o mínimo de 20% (vinte por cento) do seu capital social, relacionados no Anexo XI da Lei Complementar nº 214, de 2025, com a especificação das respectivas classificações da NBS e da NCM/SH, observado o art. 142 da Lei Complementar nº 214, de 2025.;"Art. 142. Ficam reduzidas em 60% (sessenta por cento) as alíquotas do IBS e da CBS sobre: 
 II - operações e prestações de serviços de segurança da informação e segurança cibernética desenvolvidos por sociedade que tenha sócio brasileiro com o mínimo de 20% (vinte por cento) do seu capital social, relacionados no Anexo XI desta Lei Complementar, com a especificação das respectivas classificações da NBS e da NCM/SH.";Art. 142, II;Padrão;60;60;0;0;0;0;0;0;0;01/01/2026;;19/05/2025;0;1;1;0;0;0;0;0;0;1;0;0;0;0;0;11;https://www.planalto.gov.br/ccivil_03/leis/lcp/lcp214.htm#art142
200;Alíquota reduzida em 60%;200045;Operações relacionadas a projetos de reabilitação urbana de zonas históricas e de áreas críticas de recuperação e reconversão urbanística;Operações relacionadas a projetos de reabilitação urbana de zonas históricas e de áreas críticas de recuperação e reconversão urbanística dos Municípios ou do Distrito Federal, a serem delimitadas por lei municipal ou distrital, observado o art. 158 da Lei Complementar nº 214, de 2025.;Art. 158. Observado o disposto neste Capítulo, ficam reduzidas em 60% (sessenta por cento) as alíquotas do IBS e da CBS sobre operações relacionadas a projetos de reabilitação urbana de zonas históricas e de áreas críticas de recuperação e reconversão urbanística dos Municípios ou do Distrito Federal, a serem delimitadas por lei municipal ou distrital.;Art. 158;Padrão;60;60;0;0;0;0;0;0;0;01/01/2026;;19/05/2025;1;0;0;0;0;0;0;0;0;1;0;0;0;0;0;;https://www.planalto.gov.br/ccivil_03/leis/lcp/lcp214.htm#art158
200;Alíquota reduzida em 50%;200046;Operações com bens imóveis;Operações com bens imóveis, observado o art. 261 da Lei Complementar nº 214, de 2025.;Art. 261. As alíquotas do IBS e da CBS relativas às operações de que trata este Capítulo ficam reduzidas em 50% (cinquenta por cento).;Art. 261;Padrão;50;50;0;0;0;0;0;0;0;01/01/2026;;19/05/2025;1;0;0;0;0;0;0;0;0;1;0;0;0;0;0;;https://www.planalto.gov.br/ccivil_03/leis/lcp/lcp214.htm#art261
200;Alíquota reduzida em 40%;200047;Bares e Restaurantes;Bares e Restaurantes, observado o art. 275 da Lei Complementar nº 214, de 2025.;Art. 275. As alíquotas do IBS e da CBS relativas às operações de que trata este Capítulo ficam reduzidas em 40% (quarenta por cento).;Art. 275;Padrão;40;40;0;0;0;0;0;0;0;01/01/2026;;19/05/2025;0;1;1;0;0;0;0;0;0;0;0;0;0;0;0;;https://www.planalto.gov.br/ccivil_03/leis/lcp/lcp214.htm#art275
200;Alíquota reduzida em 40%;200048;Hotelaria, Parques de Diversão e Parques Temáticos;Hotelaria, Parques de Diversão e Parques Temáticos, observado o art. 281 da Lei Complementar nº 214, de 2025.;Art. 281. As alíquotas do IBS e da CBS relativas às operações de que trata este Capítulo ficam reduzidas em 40% (quarenta por cento).;Art. 281;Padrão;40;40;0;0;0;0;0;0;0;01/01/2026;;19/05/2025;0;0;0;0;0;0;0;0;0;1;0;0;0;0;0;;https://www.planalto.gov.br/ccivil_03/leis/lcp/lcp214.htm#art281
200;Alíquota reduzida em 40%;200049;Transporte coletivo de passageiros rodoviário, ferroviário e hidroviário;Transporte coletivo de passageiros rodoviário, ferroviário e hidroviário intermunicipais e interestaduais, observado o art. 286 da Lei Complementar nº 214, de 2025.;Art. 286. Em relação aos serviços de transporte coletivo de passageiros rodoviário, ferroviário e hidroviário intermunicipais e interestaduais, as alíquotas do IBS e da CBS do regime específico de que trata essa Seção ficam reduzidas em 40% (quarenta por cento).;Art. 286;Padrão;40;40;0;0;0;0;0;0;0;01/01/2026;;19/05/2025;0;0;0;0;0;1;0;0;0;0;0;0;0;0;0;;https://www.planalto.gov.br/ccivil_03/leis/lcp/lcp214.htm#art286
200;Alíquota reduzida em 40%;200050;Serviços de transporte aéreo regional coletivo de passageiros ou de carga;Serviços de transporte aéreo regional coletivo de passageiros ou de carga, observado o art. 287 da Lei Complementar nº 214, de 2025.;Art. 287. Ficam reduzidas em 40% (quarenta por cento) as alíquotas do IBS e da CBS incidentes sobre o fornecimento do serviço de transporte aéreo regional coletivo de passageiros ou de carga.;Art. 287;Padrão;40;40;0;0;0;0;0;0;0;01/01/2026;;12/12/2025;0;0;0;1;1;0;1;0;0;0;0;0;0;0;0;;https://www.planalto.gov.br/ccivil_03/leis/lcp/lcp214.htm#art287
200;Alíquota reduzida em 40%;200051;Agências de Turismo;Agências de Turismo, observado o art. 289 da Lei Complementar nº 214, de 2025.;"Art. 289. Nos demais serviços de intermediação prestados por agências de turismo:
 II - a alíquota é a mesma aplicável aos serviços de hotelaria, parques de diversão e parques temáticos;";Art. 289, II;Padrão;40;40;0;0;0;0;0;0;0;01/01/2026;;19/05/2025;0;0;0;0;0;0;0;0;0;1;0;0;0;0;0;;https://www.planalto.gov.br/ccivil_03/leis/lcp/lcp214.htm#art289
200;Alíquota reduzida em 30%;200052;Prestação de serviços de profissões intelectuais;Prestação de serviços das seguintes profissões intelectuais de natureza científica, literária ou artística, submetidas à fiscalização por conselho profissional: administradores, advogados, arquitetos e urbanistas, assistentes sociais, bibliotecários, biólogos, contabilistas, economistas, economistas domésticos, profissionais de educação física, engenheiros e agrônomos, estatísticos, médicos veterinários e zootecnistas, museólogos, químicos, profissionais de relações públicas, técnicos industriais e técnicos agrícolas, observado o art. 127 da Lei Complementar nº 214, de 2025.;"Art. 127. Ficam reduzidas em 30% (trinta por cento) as alíquotas do IBS e da CBS incidentes sobre a prestação de serviços pelos seguintes profissionais, que exercerem atividades intelectuais de natureza científica, literária ou artística, submetidas à fiscalização por conselho profissional: 
 I – administradores;
 II – advogados;
 III – arquitetos e urbanistas;
 IV – assistentes sociais;
 V – bibliotecários;
 VI – biólogos;
 VII – contabilistas;
 VIII – economistas;
 IX – economistas domésticos;
 X – profissionais de educação física;
 XI – engenheiros e agrônomos;
 XII – estatísticos;
 XIII - médicos veterinários e zootecnistas;
 XIV – museólogos;
 XV – químicos;
 XVI – profissionais de relações públicas;
 XVII – técnicos industriais; e
 XVIII – técnicos agrícolas;";Art. 127, I a XVIII;Padrão;30;30;0;0;0;0;0;0;0;01/01/2026;;19/05/2025;0;0;0;0;0;0;0;0;0;1;0;0;0;0;0;;https://www.planalto.gov.br/ccivil_03/leis/lcp/lcp214.htm#art127
220;Alíquota fixa;220001;Incorporação imobiliária submetida ao regime especial de tributação;Incorporação imobiliária submetida ao regime especial de tributação, observado o art. 485 da Lei Complementar nº 214, de 2025.;"Art. 485. O contribuinte que realizar incorporação imobiliária submetida ao patrimônio de afetação, nos termos dos artigos 31-A a 31-E da Lei nº 4.591, de 16 de dezembro de 1964, que tenha realizado o pedido de opção pelo regime específico instituído pelo art. 1º e tenha o pedido efetivado nos termos do art. 2º, ambos da Lei Federal nº 10.931 de 2004, antes de 1º de janeiro de 2029, pode optar pelo recolhimento de CBS, da seguinte forma:
 I - a incorporação imobiliária submetida ao regime especial de tributação prevista nos arts. 4º e 8º da Lei Federal nº 10.931/2004 ficará sujeita ao pagamento de CBS em montante equivalente a 2,08% da receita mensal recebida;";Art. 485, I;Fixa;0;0;0;0;0;0;0;0;0;01/01/2026;;19/05/2025;1;0;0;0;0;0;0;0;0;0;0;0;0;0;0;;https://www.planalto.gov.br/ccivil_03/leis/lcp/lcp214.htm#art485
220;Alíquota fixa;220002;Incorporação imobiliária submetida ao regime especial de tributação;Incorporação imobiliária submetida ao regime especial de tributação, observado o art. 485 da Lei Complementar nº 214, de 2025.;"Art. 485. O contribuinte que realizar incorporação imobiliária submetida ao patrimônio de afetação, nos termos dos artigos 31-A a 31-E da Lei nº 4.591, de 16 de dezembro de 1964, que tenha realizado o pedido de opção pelo regime específico instituído pelo art. 1º e tenha o pedido efetivado nos termos do art. 2º, ambos da Lei Federal nº 10.931 de 2004, antes de 1º de janeiro de 2029, pode optar pelo recolhimento de CBS, da seguinte forma:
 II - a incorporação imobiliária submetida ao regime especial de tributação prevista no § 6º e § 8º do art. 4º e parágrafo único do art. 8º da Lei Federal nº 10.931/2004 ficará sujeita ao pagamento de CBS em montante equivalente a 0,53% da receita mensal recebida.";Art. 485, II;Fixa;0;0;0;0;0;0;0;0;0;01/01/2026;;19/05/2025;1;0;0;0;0;0;0;0;0;0;0;0;0;0;0;;https://www.planalto.gov.br/ccivil_03/leis/lcp/lcp214.htm#art485
220;Alíquota fixa;220003;Alienação de imóvel decorrente de parcelamento do solo;Alienação de imóvel decorrente de parcelamento do solo, observado o art. 486 da Lei Complementar nº 214, de 2025.;"Art. 486. O contribuinte que realizar alienação de imóvel decorrente de parcelamento do solo, que tenha o pedido de registro do parcelamento, nos termos da Lei Federal nº 6.766, de 19 de dezembro de 1979, efetivado antes de 1º de janeiro de 2029, pode optar pelo recolhimento de CBS com base na receita bruta recebida.
 § 1º As operações sujeitas ao regime de que trata este artigo estarão sujeitas ao pagamento de CBS em montante equivalente a 3,65% da receita bruta recebida.";Art. 486;Fixa;0;0;0;0;0;0;0;0;0;01/01/2026;;19/05/2025;1;0;0;0;0;0;0;0;0;0;0;0;0;0;0;;https://www.planalto.gov.br/ccivil_03/leis/lcp/lcp214.htm#art486
221;Alíquota fixa proporcional;221001;Locação, cessão onerosa ou arrendamento de bem imóvel com alíquota sobre a receita bruta;Locação, cessão onerosa ou arrendamento de bem imóvel com alíquota sobre a receita bruta, observado o art. 487 da Lei Complementar nº 214, de 2025.;"Art. 487. O contribuinte que realizar locação, cessão onerosa ou arrendamento de bem imóvel decorrente de contratos firmados por prazo determinado poderá optar pelo recolhimento de IBS e CBS com base na receita bruta recebida.
 § 2º As operações sujeitas ao regime de que trata este artigo estarão sujeitas ao pagamento de IBS e CBS em montante equivalente a 3,65% da receita bruta recebida.";Art. 487, § 2º;Fixa;0;0;0;0;0;0;0;0;0;01/01/2026;;19/05/2025;0;0;0;0;0;0;0;0;0;1;0;0;0;0;0;;https://www.planalto.gov.br/ccivil_03/leis/lcp/lcp214.htm#art487
222;Redução de Base de Cálculo;222001;Transporte internacional de passageiros, caso os trechos de ida e volta sejam vendidos em conjunto;Transporte internacional de passageiros, caso os trechos de ida e volta sejam vendidos em conjunto, a base de cálculo será a metade do valor cobrado, observado o Art. 12 § 8º da Lei Complementar nº 214, de 2025.;Art. 12. § 8º No transporte internacional de passageiros, caso os trechos de ida e volta sejam vendidos em conjunto, a base de cálculo será a metade do valor cobrado.;Art. 12 § 8º;Padrão;0;0;0;0;0;0;0;0;0;01/01/2026;;19/11/2025;0;0;0;0;1;1;1;0;0;0;0;0;0;0;0;;https://www.planalto.gov.br/ccivil_03/leis/lcp/lcp214.htm#art12
400;Isenção;400001;Fornecimento de serviços de transporte público coletivo de passageiros rodoviário e metroviário;Fornecimento de serviços de transporte público coletivo de passageiros rodoviário e metroviário de caráter urbano, semiurbano e metropolitano, sob regime de autorização, permissão ou concessão pública, observado o art. 157 da Lei Complementar nº 214, de 2025.;Art. 157. Fica isento do IBS e da CBS o fornecimento de serviços de transporte público coletivo de passageiros rodoviário e metroviário de caráter urbano, semiurbano e metropolitano, sob regime de autorização, permissão ou concessão pública.;Art. 157;Sem alíquota;0;0;0;0;0;0;0;0;0;01/01/2026;;19/05/2025;0;0;0;0;0;1;0;1;0;1;0;0;0;0;0;;https://www.planalto.gov.br/ccivil_03/leis/lcp/lcp214.htm#art157
410;Imunidade e não incidência;410001;Fornecimento de bonificações quando constem no documento fiscal e que não dependam de evento posterior;Fornecimento de bonificações quando constem do respectivo documento fiscal e que não dependam de evento posterior, observado o art. 5º da Lei Complementar nº 214, de 2025.;"Art. 5º O IBS e a CBS também incidem sobre as seguintes operações:
 II – fornecimento de brindes e bonificações;
 § 1º O disposto no inciso II do caput deste artigo:
 I – não se aplica às bonificações que constem do respectivo documento fiscal e que não dependam de evento posterior;";Art. 5º, § 1º, I;Sem alíquota;0;0;0;0;0;0;0;0;0;01/01/2026;;19/05/2025;1;1;1;1;1;1;1;1;1;1;0;1;1;1;0;;https://www.planalto.gov.br/ccivil_03/leis/lcp/lcp214.htm#art5
410;Imunidade e não incidência;410002;Transferências entre estabelecimentos pertencentes ao mesmo contribuinte;Transferências entre estabelecimentos pertencentes ao mesmo contribuinte, observado o art. 6º da Lei Complementar nº 214, de 2025.;"Art. 6º O IBS e a CBS não incidem sobre: 
 II - transferência de bens entre estabelecimentos pertencentes ao mesmo contribuinte, observada a obrigatoriedade de emissão de documento fiscal eletrônico, nos termos do inciso II do § 2º do art. 60 desta Lei Complementar;";Art. 6º, II;Sem alíquota;0;0;0;0;0;0;0;0;0;01/01/2026;;19/05/2025;0;1;0;0;0;0;0;0;0;0;0;0;0;0;0;;https://www.planalto.gov.br/ccivil_03/leis/lcp/lcp214.htm#art6
410;Imunidade e não incidência;410003;Doações sem contraprestação em benefício do doador;Doações que não tenham por objeto bens ou serviços que tenham permitido a apropriação de créditos pelo doador, observado o art. 6º da Lei Complementar nº 214, de 2025.;"Art. 6º O IBS e a CBS não incidem sobre:
 VIII – doações sem contraprestação em benefício do doador;";Art. 6º, VIII;Sem alíquota;0;0;0;0;0;0;0;0;0;01/01/2026;;19/05/2025;1;1;1;1;1;1;1;1;1;1;1;1;1;1;1;;https://www.planalto.gov.br/ccivil_03/leis/lcp/lcp214.htm#art6
410;Imunidade e não incidência;410004;Exportações de bens e serviços;Exportações de bens e serviços, observado o art. 8º da Lei Complementar nº 214, de 2025.;Art. 8º São imunes ao IBS e à CBS as exportações de bens e de serviços, nos termos do Capítulo V deste Título.;Art. 8º;Sem alíquota;0;0;0;0;0;0;0;0;0;01/01/2026;;19/05/2025;0;1;0;1;1;1;1;0;1;1;0;1;0;0;0;;https://www.planalto.gov.br/ccivil_03/leis/lcp/lcp214.htm#art8
410;Imunidade e não incidência;410005;Fornecimentos realizados pela União, pelos Estados, pelo Distrito Federal e pelos Municípios;Fornecimentos realizados pela União, pelos Estados, pelo Distrito Federal e pelos Municípios, observado o art. 9º da Lei Complementar nº 214, de 2025.;"Art. 9º São imunes também ao IBS e à CBS os fornecimentos:
 I – realizados pela União, pelos Estados, pelo Distrito Federal e pelos Municípios;
 § 1º A imunidade prevista no inciso I do caput deste artigo é extensiva às autarquias e às fundações instituídas e mantidas pelo poder público e à empresa pública prestadora de serviço postal, bem como:";Art. 9º, I e § 1º;Sem alíquota;0;0;0;0;0;0;0;0;0;01/01/2026;;19/05/2025;0;1;1;0;0;0;0;0;0;1;0;0;1;0;0;;https://www.planalto.gov.br/ccivil_03/leis/lcp/lcp214.htm#art9
410;Imunidade e não incidência;410006;Fornecimentos realizados por entidades religiosas e templos de qualquer culto;Fornecimentos realizados por entidades religiosas e templos de qualquer culto, inclusive suas organizações assistenciais e beneficentes, observado o art. 9º da Lei Complementar nº 214, de 2025.;"Art. 9º São imunes também ao IBS e à CBS os fornecimentos:
 II - realizados por entidades religiosas e templos de qualquer culto, inclusive suas organizações assistenciais e beneficentes;";Art. 9º, II;Sem alíquota;0;0;0;0;0;0;0;0;0;01/01/2026;;19/05/2025;0;1;1;0;0;0;0;0;0;1;0;0;0;0;0;;https://www.planalto.gov.br/ccivil_03/leis/lcp/lcp214.htm#art9
410;Imunidade e não incidência;410007;Fornecimentos realizados por partidos políticos;Fornecimentos realizados por partidos políticos, inclusive suas fundações, entidades sindicais dos trabalhadores e instituições de educação e de assistência social, sem fins lucrativos, observado o art. 9º da Lei Complementar nº 214, de 2025.;"Art. 9º São imunes também ao IBS e à CBS os fornecimentos:
 III - realizados por partidos políticos, inclusive seus institutos e fundações, entidades sindicais dos trabalhadores e instituições de educação e de assistência social, sem fins lucrativos;";Art. 9º, III;Sem alíquota;0;0;0;0;0;0;0;0;0;01/01/2026;;19/05/2025;0;1;1;0;0;0;0;0;0;1;0;0;0;0;0;;https://www.planalto.gov.br/ccivil_03/leis/lcp/lcp214.htm#art9
410;Imunidade e não incidência;410008;Fornecimentos de livros, jornais, periódicos e do papel destinado a sua impressão;Fornecimentos de livros, jornais, periódicos e do papel destinado a sua impressão, observado o art. 9º da Lei Complementar nº 214, de 2025.;"Art. 9º São imunes também ao IBS e à CBS os fornecimentos:
 IV – de livros, jornais, periódicos e do papel destinado a sua impressão;";Art. 9º, IV;Sem alíquota;0;0;0;0;0;0;0;0;0;01/01/2026;;19/05/2025;0;1;1;0;0;0;0;0;0;1;0;1;0;0;0;;https://www.planalto.gov.br/ccivil_03/leis/lcp/lcp214.htm#art9
410;Imunidade e não incidência;410009;Fornecimentos de fonogramas e videofonogramas musicais produzidos no Brasil;Fornecimentos de fonogramas e videofonogramas musicais produzidos no Brasil contendo obras musicais ou literomusicais de autores brasileiros e/ou obras em geral interpretadas por artistas brasileiros, bem como os suportes materiais ou arquivos digitais que os contenham, salvo na etapa de replicação industrial de mídias ópticas de leitura a laser, observado o art. 9º da Lei Complementar nº 214, de 2025.;"Art. 9º São imunes também ao IBS e à CBS os fornecimentos:
 V - de fonogramas e videofonogramas musicais produzidos no Brasil contendo obras musicais ou literomusicais de autores brasileiros e/ou obras em geral interpretadas por artistas brasileiros, bem como os suportes materiais ou arquivos digitais que os contenham, salvo na etapa de replicação industrial de mídias ópticas de leitura a laser;";Art. 9º, V;Sem alíquota;0;0;0;0;0;0;0;0;0;01/01/2026;;19/05/2025;0;1;1;0;0;0;0;0;0;1;0;1;0;0;0;;https://www.planalto.gov.br/ccivil_03/leis/lcp/lcp214.htm#art9
410;Imunidade e não incidência;410010;Fornecimentos de serviço de comunicação nas modalidades de radiodifusão sonora e de sons e imagens de recepção livre e gratuita;"Fornecimentos de serviço de comunicação nas modalidades de radiodifusão sonora e de sons e imagens de recepção livre e 
 gratuita, observado o art. 9º da Lei Complementar nº 214, de 2025.";"Art. 9º São imunes também ao IBS e à CBS os fornecimentos:
 VI - de serviço de comunicação nas modalidades de radiodifusão sonora e de sons e imagens de recepção livre e gratuita; e";Art. 9º, VI;Sem alíquota;0;0;0;0;0;0;0;0;0;01/01/2026;;19/05/2025;0;0;0;0;0;0;0;0;0;1;0;1;0;0;1;;https://www.planalto.gov.br/ccivil_03/leis/lcp/lcp214.htm#art9
410;Imunidade e não incidência;410011;Fornecimentos de ouro, quando definido em lei como ativo financeiro ou instrumento cambial;Fornecimentos de ouro, quando definido em lei como ativo financeiro ou instrumento cambial, observado o art. 9º da Lei Complementar nº 214, de 2025.;"Art. 9º São imunes também ao IBS e à CBS os fornecimentos:
 VII - de ouro, quando definido em lei como ativo financeiro ou instrumento cambial.";Art. 9º, VII;Sem alíquota;0;0;0;0;0;0;0;0;0;01/01/2026;;19/05/2025;0;0;0;0;0;0;0;0;0;0;0;0;0;0;0;;https://www.planalto.gov.br/ccivil_03/leis/lcp/lcp214.htm#art9
410;Imunidade e não incidência;410012;Fornecimento de condomínio edilício não optante pelo regime regular;Fornecimento de condomínio edilício não optante pelo regime regular, observado o art. 26 da Lei Complementar nº 214, de 2025.;"Art. 26. Não são contribuintes do IBS e da CBS, ressalvado o disposto no
 inciso II do § 1º do art. 156-A da Constituição Federal:
 I – condomínio edilício;
 § 2º Em relação ao condomínio edilício de que trata o inciso I do caput deste artigo:
 I – caso exerça a opção pelo regime regular de que trata o § 1º deste artigo, o IBS e a CBS incidirão sobre todas as taxas e demais valores cobrados pelo condomínio dos seus condôminos e de terceiros; e
 II – caso não exerça a opção pelo regime regular e desde que as taxas e demais valores condominiais cobrados de seus condôminos representem menos de 80% (oitenta por cento) da receita total do condomínio:
 a) ficará sujeito à incidência do IBS e da CBS sobre as operações com bens e com serviços que realizar de acordo com o disposto no inciso I do caput do art. 21 desta Lei Complementar; e
 b) apropriará créditos na proporção da receita decorrente das operações tributadas na forma da alínea “a” deste inciso, em relação à receita total do condomínio.";Art. 26, § 2º, II;Sem alíquota;0;0;0;0;0;0;0;0;0;01/01/2026;;19/05/2025;0;1;1;0;0;0;0;0;0;1;0;0;0;0;0;;https://www.planalto.gov.br/ccivil_03/leis/lcp/lcp214.htm#art26
410;Imunidade e não incidência;410013;Exportações de combustíveis;Exportações de combustíveis, observado o art. 98 da Lei Complementar nº 214, de 2025.;Art. 98. Considera-se exportação o fornecimento de combustível ou lubrificante para abastecimento de aeronaves em tráfego internacional e com destino ao exterior.;Art. 98;Sem alíquota;0;0;0;0;0;0;0;0;0;01/01/2026;;19/05/2025;0;1;0;0;0;0;0;0;0;0;0;0;0;0;0;;https://www.planalto.gov.br/ccivil_03/leis/lcp/lcp214.htm#art98
410;Imunidade e não incidência;410014;Fornecimento de produtor rural não contribuinte;Fornecimento de produtor rural não contribuinte, observado o art. 164 da Lei Complementar nº 214, de 2025.;Art. 164. O produtor rural pessoa física ou jurídica que auferir receita inferior a R$ 3.600.000,00 (três milhões e seiscentos mil reais) no ano-calendário e o produtor rural integrado não serão considerados contribuintes do IBS e da CBS.;Art. 164;Sem alíquota;0;0;0;1;0;0;0;0;0;01/01/2026;;21/08/2025;0;1;1;0;0;0;0;0;0;1;0;0;0;0;0;;https://www.planalto.gov.br/ccivil_03/leis/lcp/lcp214.htm#art164
410;Imunidade e não incidência;410015;Fornecimento por transportador autônomo não contribuinte;Fornecimento por transportador autônomo não contribuinte, observado o art. 169 da Lei Complementar nº 214, de 2025.;Art. 169. O contribuinte de IBS e de CBS sujeito ao regime regular poderá apropriar créditos presumidos dos referidos tributos relativos às aquisições de serviço de transporte de carga de transportador autônomo pessoa física que não seja contribuinte dos referidos tributos ou que seja inscrito como MEI.;Art. 169;Sem alíquota;0;0;0;0;0;0;0;0;0;01/01/2026;;21/08/2025;0;0;0;1;0;0;0;0;0;1;0;0;0;0;0;;https://www.planalto.gov.br/ccivil_03/leis/lcp/lcp214.htm#art169
410;Imunidade e não incidência;410016;Fornecimento ou aquisição de resíduos sólidos;Fornecimento ou aquisição de resíduos sólidos, observado o art. 170 da Lei Complementar nº 214, de 2025.;Art. 170. O contribuinte de IBS e de CBS sujeito ao regime regular poderá apropriar créditos presumidos dos referidos tributos relativos às aquisições de resíduos sólidos de coletores incentivados para utilização em processo de destinação final ambientalmente adequada.;Art. 170;Sem alíquota;0;0;0;1;0;0;0;0;0;01/01/2026;;19/05/2025;0;1;0;0;0;0;0;0;0;0;0;0;0;0;0;;https://www.planalto.gov.br/ccivil_03/leis/lcp/lcp214.htm#art170
410;Imunidade e não incidência;410017;Aquisição de bem móvel com crédito presumido sob condição de revenda realizada;Aquisição de bem móvel com crédito presumido sob condição de revenda realizada, observado o art. 171 da Lei Complementar nº 214, de 2025.;Art. 171. O contribuinte de IBS e de CBS sujeito ao regime regular poderá apropriar créditos presumidos dos referidos tributos relativos às aquisições, para revenda, de bem móvel usado de pessoa física que não seja contribuinte dos referidos tributos ou que seja inscrita como MEI.;Art. 171;Sem alíquota;0;0;0;0;0;0;0;0;0;01/01/2026;;21/08/2025;0;1;0;0;0;0;0;0;0;0;0;0;0;0;0;;https://www.planalto.gov.br/ccivil_03/leis/lcp/lcp214.htm#art171
410;Imunidade e não incidência;410018;Operações relacionadas aos fundos garantidores e executores de políticas públicas;Operações relacionadas aos fundos garantidores e executores de políticas públicas, inclusive de habitação, previstos em lei, assim entendidas os serviços prestados ao fundo pelo seu agente operador e por entidade encarregada da sua administração, observado o art. 213 da Lei Complementar nº 214, de 2025.;Art. 213. Não ficam sujeitas à incidência do IBS e da CBS as operações relacionadas aos demais fundos garantidores e executores de políticas públicas, inclusive de habitação e de desenvolvimento regional, previstos em lei.;Art. 213;Sem alíquota;0;0;0;0;0;0;0;0;0;01/01/2026;;19/05/2025;1;0;0;0;0;0;0;0;0;0;0;0;0;0;1;;https://www.planalto.gov.br/ccivil_03/leis/lcp/lcp214.htm#art213
410;Imunidade e não incidência;410019;Exclusão da gorjeta na base de cálculo no fornecimento de alimentação;Exclusão da gorjeta na base de cálculo no fornecimento de alimentação, observado o art. 274 da Lei Complementar nº 214, de 2025.;"Art. 274. A base de cálculo do IBS e da CBS é o valor da operação de fornecimento de alimentação e das bebidas de que trata o § 1o do art. 273 desta Lei Complementar.
 Parágrafo único. Ficam excluídos da base de cálculo: 
 I - a gorjeta incidente no fornecimento de alimentação, desde que: 
 a) seja repassada integralmente ao empregado, sem prejuízo dos valores da gorjeta que forem retidos pelo empregador em virtude de determinação legal; e 
 b) seu valor não exceda a 15% (quinze por cento) do valor total do fornecimento de alimento e bebidas;";Art. 274, I;Sem alíquota;0;0;0;0;0;0;0;0;0;01/01/2026;;19/05/2025;0;1;1;0;0;0;0;0;0;0;0;0;0;0;0;;https://www.planalto.gov.br/ccivil_03/leis/lcp/lcp214.htm#art274
410;Imunidade e não incidência;410020;Exclusão do valor de intermediação na base de cálculo no fornecimento de alimentação;Exclusão do valor de intermediação na base de cálculo no fornecimento de alimentação, observado o art. 274 da Lei Complementar nº 214, de 2025.;"Art. 274. A base de cálculo do IBS e da CBS é o valor da operação de fornecimento de alimentação e das bebidas de que trata o § 1º do art. 273 desta Lei Complementar.
 Parágrafo único. Ficam excluídos da base de cálculo:
 II - os valores não repassados aos bares e restaurantes pelo serviço de entrega e intermediação de pedidos de alimentação e bebidas por plataforma digital.";Art. 274, II;Sem alíquota;0;0;0;0;0;0;0;0;0;01/01/2026;;19/05/2025;0;1;1;0;0;0;0;0;0;0;0;0;0;0;0;;https://www.planalto.gov.br/ccivil_03/leis/lcp/lcp214.htm#art274
410;Imunidade e não incidência;410021;Contribuição de que trata o art. 149-A da Constituição Federal;Contribuição de que trata o art. 149-A da Constituição Federal, observado o art. 12 da Lei Complementar nº 214, de 2025.;"Art. 12 § 2º Não integram a base de cálculo do IBS e da CBS:
 VI - a contribuição de que trata o art. 149-A da Constituição Federal.";Art. 12 § 2º;Sem alíquota;0;0;0;0;0;0;0;0;0;01/01/2026;;11/06/2025;0;0;0;0;0;0;0;0;1;0;0;0;0;0;0;;https://www.planalto.gov.br/ccivil_03/leis/lcp/lcp214.htm#art12
410;Imunidade e não incidência;410022;Consolidação da propriedade do bem pelo credor;Consolidação da propriedade pelo credor de bens móveis ou imóveis que tenham sido objeto de garantia, observado o art. 200 da Lei Complementar nº 214, de 2025.;"Art. 200. Na alienação de bens móveis ou imóveis que tenham sido objeto de garantia constituída em favor de credor sujeito ao regime específico desta Seção, cuja propriedade tenha sido por ele consolidada ou a ele transmitida em pagamento da dívida, deverá ser observado o seguinte:
 I - a consolidação da propriedade do bem pelo credor não estará sujeita à incidência do IBS e da CBS;";Art. 200, I;Sem alíquota;0;0;0;0;0;0;0;0;0;01/01/2026;;03/10/2025;1;0;0;0;0;0;0;0;0;0;0;0;0;0;0;;https://www.planalto.gov.br/ccivil_03/leis/lcp/lcp214.htm#art200
410;Imunidade e não incidência;410023;Alienação de bens móveis ou imóveis que tenham sido objeto de garantia em que o prestador da garantia não seja contribuinte;Alienação de bens móveis ou imóveis que tenham sido objeto de garantia constituída em favor de credor em que o prestador da garantia não seja contribuinte, observado o art. 200 da Lei Complementar nº 214, de 2025.;"Art. 200. Na alienação de bens móveis ou imóveis que tenham sido objeto de garantia constituída em favor de credor sujeito ao regime específico desta Seção, cuja propriedade tenha sido por ele consolidada ou a ele transmitida em pagamento da dívida, deverá ser observado o seguinte:
 II - na alienação do bem pelo credor:
 a) não haverá incidência do IBS e da CBS, se o prestador da garantia não for contribuinte desses tributos;";Art. 200, II, a;Sem alíquota;0;0;0;0;0;0;0;0;0;01/01/2026;;03/10/2025;1;0;0;0;0;0;0;0;0;0;0;0;0;0;0;;https://www.planalto.gov.br/ccivil_03/leis/lcp/lcp214.htm#art200
410;Imunidade e não incidência;410024;Consolidação da propriedade do bem pelo grupo de consórcio;Consolidação da propriedade pelo grupo de consórcio de bem que tenha sido objeto de garantia, observado o art. 204 da Lei Complementar nº 214, de 2025.;"Art. 204. Na administração de consórcio de que trata o inciso VII do caput do art. 182 desta Lei Complementar, para fins de determinação da base de cálculo, as receitas dos serviços compreendem todas as tarifas, comissões e taxas, bem como os respectivos encargos, multas e juros, decorrentes de contrato de participação em grupo de consórcio, efetivamente pagas, pelo regime de caixa.
 § 3º Na execução de garantia de consorciado, com recebimento dos valores pelo grupo de consórcio, deverá ser observado o seguinte:
 I - a consolidação da propriedade do bem pelo grupo de consórcio não estará sujeita à incidência do IBS e da CBS;";Art. 204, I;Sem alíquota;0;0;0;0;0;0;0;0;0;01/01/2026;;03/10/2025;1;0;0;0;0;0;0;0;0;0;0;0;0;0;0;;https://www.planalto.gov.br/ccivil_03/leis/lcp/lcp214.htm#art204
410;Imunidade e não incidência;410025;Alienação de bem que tenha sido objeto de garantia em que o prestador da garantia não seja contribuinte;Alienação de bem que tenha sido objeto de garantia constituída em favor do grupo de consórcio em que o prestador da garantia não seja contribuinte, observado o art. 204 da Lei Complementar nº 214, de 2025.;"Art. 204. Na administração de consórcio de que trata o inciso VII do caput do art. 182 desta Lei Complementar, para fins de determinação da base de cálculo, as receitas dos serviços compreendem todas as tarifas, comissões e taxas, bem como os respectivos encargos, multas e juros, decorrentes de contrato de participação em grupo de consórcio, efetivamente pagas, pelo regime de caixa.
 § 3º Na execução de garantia de consorciado, com recebimento dos valores pelo grupo de consórcio, deverá ser observado o seguinte:
 II - na alienação do bem pelo grupo de consórcio:
 a) não haverá incidência do IBS e da CBS, se o consorciado não for contribuinte do IBS e da CBS;";Art. 204, II, a;Sem alíquota;0;0;0;0;0;0;0;0;0;01/01/2026;;03/10/2025;1;0;0;0;0;0;0;0;0;0;0;0;0;0;0;;https://www.planalto.gov.br/ccivil_03/leis/lcp/lcp214.htm#art204
410;Imunidade e não incidência;410026;Doação com anulação de crédito;Doações sem contraprestação em benefício do doador, com anulação de crédito apropriados pelo doador referente ao fornecimento doado, observado o art. 6º da Lei Complementar nº 214, de 2025.;"Art. 6º O IBS e a CBS não incidem sobre:
 VIII - doações sem contraprestação em benefício do doador;
 § 2º Caso as doações de que trata o inciso VIII do caput deste artigo tenham por objeto bens ou serviços que tenham permitido a apropriação de créditos pelo doador, inclusive na produção:
 II - por opção do contribuinte, os créditos serão anulados.";Art. 6º;Sem alíquota;0;0;0;0;0;0;0;0;1;01/01/2026;;03/10/2025;1;1;1;1;1;1;1;1;1;1;1;1;1;1;1;;https://www.planalto.gov.br/ccivil_03/leis/lcp/lcp214.htm#art6
410;Imunidade e não incidência;410027;Exportação de serviço ou de bem imaterial;Serviços vinculados direta e exclusivamente à exportação de bens materiais ou associados à entrega no exterior de bens materiais, considerados exportação de serviços ou de bem imaterial, observado o art. 6º da Lei Complementar nº 214, de 2025.;"Art. 80. Para fins do disposto no art. 79 desta Lei Complementar, considera-se exportação de serviço ou de bem imaterial, inclusive direitos, o fornecimento para residente ou domiciliado no exterior e consumo no exterior.
 II - a prestação dos seguintes serviços, desde que vinculados direta e exclusivamente à exportação de bens materiais ou associados à entrega no exterior de bens materiais:
 a) intermediação na distribuição de mercadorias no exterior (comissão de agente);
 b) seguro de cargas;
 c) despacho aduaneiro;
 d) armazenagem de mercadorias;
 e) transporte rodoviário, ferroviário, aéreo, aquaviário ou multimodal de cargas;
 f) manuseio de cargas;
 g) manuseio de contêineres;
 h) unitização ou desunitização de cargas;
 i) consolidação ou desconsolidação documental de cargas;
 j) agenciamento de transporte de cargas;
 k) remessas expressas;
 l) pesagem e medição de cargas;
 m) refrigeração de cargas;
 n) arrendamento mercantil operacional ou locação de contêineres;
 o) instalação e montagem de mercadorias exportadas; e
 p) treinamento para uso de mercadorias exportadas.";Art. 80 II;Sem alíquota;0;0;0;0;0;0;0;0;0;01/01/2026;;19/11/2025;0;0;0;1;1;0;0;0;0;1;0;0;0;0;0;;https://www.planalto.gov.br/ccivil_03/leis/lcp/lcp214.htm#art80
410;Imunidade e não incidência;410028;Operações com bens imóveis realizadas por pessoas físicas não consideradas contribuintes;Operações com bens imóveis realizadas por pessoas físicas não consideradas contribuintes do regime regular do IBS e da CBS, observado o art. 251 da Lei Complementar nº 214, de 2025.;"Art. 251. As operações com bens imóveis realizadas por contribuintes que apurarem o IBS e a CBS no regime regular ficam sujeitas ao regime específico previsto neste Capítulo.
 § 1º As pessoas físicas que realizarem operações com bens imóveis serão consideradas contribuintes do regime regular do IBS e da CBS e sujeitas ao regime de que trata este Capítulo, nos casos de:";Art. 251, § 1º;Sem alíquota;0;0;0;0;0;0;0;0;0;46023;;19/11/2025;1;0;0;0;0;0;0;0;0;1;0;0;0;0;0;;https://www.planalto.gov.br/ccivil_03/leis/lcp/lcp214.htm#art251
410;Imunidade e não incidência;410029;Operações acobertadas somente pelo ICMS;Operações não sujeitas à incidência de IBS e de CBS, alcançadas apenas por obrigação acessória do ICMS, observado o art. 4º da Lei Complementar nº 214, de 2025.;"Art. 4º O IBS e a CBS incidem sobre operações onerosas com bens ou com serviços.
 § 2º Para fins do disposto neste artigo, considera-se operação onerosa com bens ou com serviços qualquer fornecimento com contraprestação, incluindo o decorrente de:
 I - compra e venda, troca ou permuta, dação em pagamento e demais espécies de alienação;
 II - locação;
 III - licenciamento, concessão, cessão;
 IV - mútuo oneroso;
 V - doação com contraprestação em benefício do doador;
 VI - instituição onerosa de direitos reais;
 VII - arrendamento, inclusive mercantil; e
 VIII - prestação de serviços.";Art. 4º;Sem alíquota;0;0;0;0;0;0;0;0;0;46023;;19/11/2025;0;1;1;0;0;0;0;0;0;0;0;0;0;0;0;;https://www.planalto.gov.br/ccivil_03/leis/lcp/lcp214.htm#art4
410;Imunidade e não incidência;410030;Estorno de crédito por perecimento, deteriorização, roubo, furto ou extravio.;Estorno de crédito apropriado de bens adquiridos e venham a perecer, deteriorar-se ou ser objeto de roubo, furto ou extravio, observado o art. 47 da Lei Complementar nº 214, de 2025.;"Art. 47. O contribuinte sujeito ao regime regular poderá apropriar créditos do IBS e da CBS quando ocorrer a extinção por qualquer das modalidades previstas no art. 27 dos débitos relativos às operações em que seja adquirente, excetuadas exclusivamente aquelas consideradas de uso ou consumo pessoal, nos termos do art. 57 desta Lei Complementar, e as demais hipóteses previstas nesta Lei Complementar.
§ 6º O adquirente deverá estornar o crédito apropriado caso o bem adquirido venha a perecer, deteriorar-se ou ser objeto de roubo, furto ou extravio.";Art. 47, § 6º ;Sem alíquota;0;0;0;0;0;0;0;0;1;01/01/2026;;19/11/2025;0;1;0;0;0;0;0;0;0;0;0;0;0;0;0;;https://www.planalto.gov.br/ccivil_03/leis/lcp/lcp214.htm#art47
410;Imunidade e não incidência;410031;Fornecimento em período anterior ao início de vigência de incidências de CBS e IBS;Fornecimento em período anterior ao início de vigência de incidências de CBS e IBS, observado o art. 544 da Lei Complementar nº 214, de 2025.;"Art. 544. Esta Lei Complementar entra em vigor na data de sua publicação, produzindo efeitos:
VI - a partir de 1º de janeiro de 2026, em relação aos demais dispositivos.";Art. 544, VI;Sem alíquota;0;0;0;0;0;0;0;0;0;01/01/2026;;12/12/2025;0;1;0;0;0;0;0;0;1;0;0;1;1;1;0;;https://www.planalto.gov.br/ccivil_03/leis/lcp/lcp214.htm#art544
410;Imunidade e não incidência;410999;Operações não onerosas sem previsão de tributação, não especificadas anteriormente;Operações não onerosas sem previsão de tributação, não especificadas anteriormente, observado o art. 4º da Lei Complementar nº 214, de 2025.;"Art. 4º O IBS e a CBS incidem sobre operações onerosas com bens ou com serviços.
 § 1º As operações não onerosas com bens ou com serviços serão tributadas nas hipóteses expressamente previstas nesta Lei Complementar.";Art. 4º, § 1º;Sem alíquota;0;0;0;0;0;0;0;0;0;01/01/2026;;11/06/2025;1;1;1;1;1;1;1;1;1;1;0;1;1;1;0;;https://www.planalto.gov.br/ccivil_03/leis/lcp/lcp214.htm#art4
510;Diferimento;510001;Operações, sujeitas a diferimento, com energia elétrica, relativas à geração, comercialização, distribuição e transmissão;Operações, sujeitas a diferimento, com energia elétrica ou com direitos a ela relacionados, relativas à geração, comercialização, distribuição e transmissão, observado o art. 28 da Lei Complementar nº 214, de 2025.;"Art. 28. Nas operações com energia elétrica ou com direitos a ela relacionados, o recolhimento do IBS e da CBS relativo à geração, comercialização e distribuição e transmissão será realizado exclusivamente: 
 § 1º O recolhimento do IBS e da CBS incidentes nas operações com energia elétrica, ou com direitos a ela relacionados, relativas à geração, comercialização, distribuição e transmissão ocorrerá somente no fornecimento: 
 I - para consumo; ou II - para contribuinte não sujeito ao regime regular do IBS e da CBS.";Art. 28, § 1º;Sem alíquota;0;0;0;0;0;0;0;0;0;01/01/2026;;19/05/2025;0;1;0;0;0;0;0;0;1;0;0;0;0;0;0;;https://www.planalto.gov.br/ccivil_03/leis/lcp/lcp214.htm#art28
515;Diferimento com redução de alíquota;515001;Operações, sujeitas a diferimento, com insumos agropecuários e aquícolas (Anexo IX);Operações, sujeitas a diferimento, com insumos agropecuários e aquícolas, observado o art. 138 da Lei Complementar nº 214, de 2025.;"Art. 138. Ficam reduzidas em 60% (sessenta por cento) as alíquotas do IBS e da CBS incidentes sobre o fornecimento dos insumos agropecuários e aquícolas relacionados no Anexo IX desta Lei Complementar, com a especificação das respectivas classificações da NCM/SH e da NBS. 
 § 2º Fica diferido o recolhimento do IBS e da CBS incidentes nas seguintes operações com insumos agropecuários e aquícolas de que trata o caput:";Art. 138, § 2º;Padrão;60;60;0;0;0;0;0;0;0;01/01/2026;;19/11/2025;0;1;0;0;0;0;0;0;0;1;0;0;0;0;0;;https://www.planalto.gov.br/ccivil_03/leis/lcp/lcp214.htm#art138
550;Suspensão;550001;Exportações de bens materiais;Exportações de bens materiais, observado o art. 82 da Lei Complementar nº 214, de 2025.;Art. 82. Poderá ser suspenso o pagamento do IBS e da CBS no fornecimento de bens materiais com o fim específico de exportação a empresa comercial exportadora que atenda cumulativamente aos seguintes requisitos:;Art. 82;Sem alíquota;0;0;1;0;0;0;0;0;0;01/01/2026;;19/05/2025;0;1;0;0;0;0;0;0;0;0;0;0;0;0;0;;https://www.planalto.gov.br/ccivil_03/leis/lcp/lcp214.htm#art82
550;Suspensão;550002;Regime de Trânsito;Regime de Trânsito, observado o art. 84 da Lei Complementar nº 214, de 2025.;Art. 84. Fica suspenso o pagamento do IBS e da CBS incidentes na importação enquanto os bens materiais estiverem submetidos ao regime aduaneiro especial de trânsito aduaneiro, em qualquer de suas modalidades, observada a disciplina estabelecida na legislação aduaneira.;Art. 84;Sem alíquota;0;0;1;0;0;0;0;0;0;01/01/2026;;19/05/2025;0;1;0;0;0;0;0;0;0;0;0;0;0;0;0;;https://www.planalto.gov.br/ccivil_03/leis/lcp/lcp214.htm#art84
550;Suspensão;550003;Regimes de Depósito (art. 85);Regimes de Depósito, observado o art. 85 da Lei Complementar nº 214, de 2025.;Art. 85. Fica suspenso o pagamento do IBS e da CBS incidentes na importação enquanto os bens materiais estiverem submetidos a regime aduaneiro especial de depósito, observada a disciplina estabelecida na legislação aduaneira.;Art. 85;Sem alíquota;0;0;1;0;0;0;0;0;0;01/01/2026;;19/05/2025;0;1;0;0;0;0;0;0;0;0;0;0;0;0;0;;https://www.planalto.gov.br/ccivil_03/leis/lcp/lcp214.htm#art85
550;Suspensão;550004;Regimes de Depósito (art. 87);Regimes de Depósito, observado o art. 87 da Lei Complementar nº 214, de 2025.;Art. 87. Fica suspenso o pagamento do IBS e da CBS incidentes na importação e na aquisição no mercado interno de bens materiais submetidos a regime aduaneiro especial de lojas franca, observada a disciplina estabelecida na legislação aduaneira.;Art. 87;Sem alíquota;0;0;1;0;0;0;0;0;0;01/01/2026;;19/05/2025;0;1;0;0;0;0;0;0;0;0;0;0;0;0;0;;https://www.planalto.gov.br/ccivil_03/leis/lcp/lcp214.htm#art87
550;Suspensão;550005;Regimes de Depósito (art. 87, Parágrafo único);Regimes de Depósito, observado o art. 87 da Lei Complementar nº 214, de 2025.;"Art. 87. 
 Parágrafo único. Aplica-se o regime previsto no caput ao fornecimento de bens materiais destinados ao uso ou consumo de bordo, em aeronaves exclusivamente em tráfego internacional com destino ao exterior e entregues em zona primária alfandegada ou área de porto organizado alfandegado.";Art. 87, parágrafo único;Sem alíquota;0;0;1;0;0;0;0;0;0;01/01/2026;;19/05/2025;0;1;0;0;0;0;0;0;0;0;0;0;0;0;0;;https://www.planalto.gov.br/ccivil_03/leis/lcp/lcp214.htm#art87
550;Suspensão;550006;Regimes de Permanência Temporária;Regimes de Permanência Temporária, observado o art. 88 da Lei Complementar nº 214, de 2025.;Art. 88. Fica suspenso o pagamento do IBS e da CBS incidentes na importação enquanto os bens materiais estiverem submetidos a regime aduaneiro especial de permanência temporária no País ou de saída temporária do País, observada a disciplina estabelecida na legislação aduaneira.;Art. 88;Sem alíquota;0;0;1;0;0;0;0;0;0;01/01/2026;;19/05/2025;0;1;0;0;0;0;0;0;0;0;0;0;0;0;0;;https://www.planalto.gov.br/ccivil_03/leis/lcp/lcp214.htm#art88
550;Suspensão;550007;Regimes de Aperfeiçoamento;Regimes de Aperfeiçoamento, observado o art. 90 da Lei Complementar nº 214, de 2025.;Art. 90. Fica suspenso o pagamento do IBS e da CBS incidentes na importação enquanto os bens materiais estiverem submetidos a regime aduaneiro especial de aperfeiçoamento, observada a disciplina estabelecida na legislação aduaneira.;Art. 90;Sem alíquota;0;0;1;0;0;0;0;0;0;01/01/2026;;19/05/2025;0;1;0;0;0;0;0;0;0;0;0;0;0;0;0;;https://www.planalto.gov.br/ccivil_03/leis/lcp/lcp214.htm#art90
550;Suspensão;550008;Importação de bens para o Regime de Repetro-Temporário;Importação de bens para o Regime de Repetro-Temporário, de que tratam o inciso I do art. 93 da Lei Complementar nº 214, de 2025.;"Art. 93. Observada a disciplina estabelecida na legislação aduaneira, fica suspenso o pagamento do IBS e da CBS nas seguintes operações: I - importação de bens destinados às atividades de exploração, de desenvolvimento e de produção de petróleo, de gás natural e de outros hidrocarbonetos fluidos previstas na legislação específica, cuja permanência no País seja de natureza temporária, constantes de relação especificada no regulamento (Repetro- Temporário);";Art. 93, I;Sem alíquota;0;0;1;0;0;0;0;0;0;01/01/2026;;19/05/2025;0;1;0;0;0;0;0;0;0;0;0;0;0;0;0;;https://www.planalto.gov.br/ccivil_03/leis/lcp/lcp214.htm#art93
550;Suspensão;550009;GNL-Temporário;GNL-Temporário, de que trata o inciso II do art. 93 da Lei Complementar nº 214, de 2025.;"Art. 93. Observada a disciplina estabelecida na legislação aduaneira, fica suspenso o pagamento do IBS e da CBS nas seguintes operações: II - importação de bens destinados às atividades de transporte, movimentação, transferência, armazenamento ou regaseificação de gás natural liquefeito constantes de relação especificada no regulamento (GNL-Temporário);";Art. 93, II;Sem alíquota;0;0;1;0;0;0;0;0;0;01/01/2026;;19/05/2025;0;1;0;0;0;0;0;0;0;0;0;0;0;0;0;;https://www.planalto.gov.br/ccivil_03/leis/lcp/lcp214.htm#art93
550;Suspensão;550010;Repetro-Permanente;Repetro-Permanente, de que trata o inciso III do art. 93 da Lei Complementar nº 214, de 2025.;"Art. 93. Observada a disciplina estabelecida na legislação aduaneira, fica suspenso o pagamento do IBS e da CBS nas seguintes operações: III - importação de bens constantes de relação especificada no regulamento cuja permanência no País seja definitiva e que sejam destinados às atividades a que se refere o inciso I deste caput (Repetro-Permanente);";Art. 93, III;Sem alíquota;0;0;1;0;0;0;0;0;0;01/01/2026;;19/05/2025;0;1;0;0;0;0;0;0;0;0;0;0;0;0;0;;https://www.planalto.gov.br/ccivil_03/leis/lcp/lcp214.htm#art93
550;Suspensão;550011;Repetro-Industrialização;Repetro-Industrialização, de que trata o inciso IV do art. 93 da Lei Complementar nº 214, de 2025.;"Art. 93. Observada a disciplina estabelecida na legislação aduaneira, fica suspenso o pagamento do IBS e da CBS nas seguintes operações: IV - importação ou aquisição no mercado interno de matérias-primas, produtos intermediários e materiais de embalagem para ser utilizados integralmente no processo produtivo de produto final a ser fornecido a empresa que o destine às atividades a que se refere o inciso I deste caput (Repetro-Industrialização);";Art. 93, IV;Sem alíquota;0;0;1;0;0;0;0;0;0;01/01/2026;;19/05/2025;0;1;0;0;0;0;0;0;0;0;0;0;0;0;0;;https://www.planalto.gov.br/ccivil_03/leis/lcp/lcp214.htm#art93
550;Suspensão;550012;Repetro-Nacional;Repetro-Nacional, de que trata o inciso V do art. 93 da Lei Complementar nº 214, de 2025.;"Art. 93. Observada a disciplina estabelecida na legislação aduaneira, fica suspenso o pagamento do IBS e da CBS nas seguintes operações: V - aquisição de produto final a que se refere o inciso IV deste caput (Repetro-Nacional);";Art. 93, V;Sem alíquota;0;0;1;0;0;0;0;0;0;01/01/2026;;19/05/2025;0;1;0;0;0;0;0;0;0;0;0;0;0;0;0;;https://www.planalto.gov.br/ccivil_03/leis/lcp/lcp214.htm#art93
550;Suspensão;550013;Repetro-Entreposto;Repetro-Entreposto, de que trata o inciso VI do art. 93 da Lei Complementar nº 214, de 2025.;Art. 93. Observada a disciplina estabelecida na legislação aduaneira, fica suspenso o pagamento do IBS e da CBS nas seguintes operações: VI - importação ou aquisição no mercado interno de bens constantes de relação especificada no regulamento, para conversão ou construção de outros bens no País, contratada por empresa sediada no exterior, cujo produto final deverá ser destinado às atividades a que se refere o inciso I deste caput (Repetro- Entreposto).;Art. 93, VI;Sem alíquota;0;0;1;0;0;0;0;0;0;01/01/2026;;19/05/2025;0;1;0;0;0;0;0;0;0;0;0;0;0;0;0;;https://www.planalto.gov.br/ccivil_03/leis/lcp/lcp214.htm#art93
550;Suspensão;550014;Zona de Processamento de Exportação;Zona de Processamento de Exportação, observado os arts. 99, 100 e 102 da Lei Complementar nº 214, de 2025.;"Art. 99. As importações ou as aquisições no mercado interno de máquinas, de aparelhos, de instrumentos e de equipamentos realizadas por empresa autorizada a operar em zonas de processamento de exportação serão efetuadas com suspensão do pagamento do IBS e da CBS.
 Art. 100. As importações ou as aquisições no mercado interno de matérias-primas, de produtos intermediários e de materiais de embalagem realizadas por empresa autorizada a operar em zonas de processamento de exportação serão efetuadas com suspensão do pagamento do IBS e da CBS. 
 Art. 102. Aplica-se o tratamento estabelecido nos arts. 99 e 100 desta Lei Complementar às aquisições de máquinas, de aparelhos, de instrumentos, de equipamentos, de matérias-primas, de produtos intermediários e de materiais de embalagem realizadas entre empresas autorizadas a operar em zonas de processamento de exportação.";Arts. 99, 100 e 102;Sem alíquota;0;0;1;0;0;0;0;0;0;01/01/2026;;19/05/2025;0;1;0;0;0;0;0;0;0;0;0;0;0;0;0;;https://www.planalto.gov.br/ccivil_03/leis/lcp/lcp214.htm#art99
550;Suspensão;550015;Regime Tributário para Incentivo à Modernização e à Ampliação da Estrutura Portuária;Regime Tributário para Incentivo à Modernização e à Ampliação da Estrutura Portuária - Reporto, observado o art. 105 da Lei Complementar nº 214, de 2025.;Art. 105. Observada a disciplina estabelecida na legislação específica, serão efetuadas com suspensão do pagamento do IBS e da CBS as importações e as aquisições no mercado interno de máquinas, equipamentos, peças de reposição e outros bens realizadas diretamente pelos beneficiários do Regime Tributário para Incentivo à Modernização e à Ampliação da Estrutura Portuária (Reporto) e destinadas ao seu ativo imobilizado para utilização exclusiva na execução de serviços de:;Art. 105;Sem alíquota;0;0;1;0;0;0;0;0;0;01/01/2026;;19/05/2025;0;1;0;0;0;0;0;0;0;0;0;0;0;0;0;;https://www.planalto.gov.br/ccivil_03/leis/lcp/lcp214.htm#art105
550;Suspensão;550016;Regime Especial de Incentivos para o Desenvolvimento da Infraestrutura;Regime Especial de Incentivos para o Desenvolvimento da Infraestrutura - Reidi, observado o art. 106 da Lei Complementar nº 214, de 2025.;Art. 106. Observada a disciplina estabelecida na legislação específica, serão efetuadas com suspensão do pagamento do IBS e da CBS as importações e as aquisições no mercado interno de máquinas, aparelhos, instrumentos e equipamentos, novos, e de materiais de construção, realizadas diretamente pelos beneficiários do Regime Especial de Incentivos para o Desenvolvimento da Infraestrutura (Reidi) para utilização ou incorporação em obras de infraestrutura destinadas ao ativo imobilizado.;Art. 106;Sem alíquota;0;0;1;0;0;0;0;0;0;01/01/2026;;19/05/2025;0;1;0;0;0;0;0;0;0;1;0;0;0;0;0;;https://www.planalto.gov.br/ccivil_03/leis/lcp/lcp214.htm#art106
550;Suspensão;550017;Regime Tributário para Incentivo à Atividade Econômica Naval;Regime Tributário para Incentivo à Atividade Econômica Naval – Renaval, observado o art. 107 da Lei Complementar nº 214, de 2025.;Art. 107. O Regime Tributário para Incentivo à Atividade Econômica Naval – Renaval permite aos beneficiários previamente habilitados suspensão do pagamento de IBS e CBS:;Art. 107;Sem alíquota;0;0;1;0;0;0;0;0;0;01/01/2026;;19/05/2025;0;1;0;0;0;0;0;0;0;0;0;0;0;0;0;;https://www.planalto.gov.br/ccivil_03/leis/lcp/lcp214.htm#art107
550;Suspensão;550018;Desoneração da aquisição de bens de capital;Desoneração da aquisição de bens de capital, observado o art. 109 da Lei Complementar nº 214, de 2025.;Art. 109. Ato conjunto do Poder Executivo da União e do Comitê Gestor do IBS poderá definir hipóteses em que importações e aquisições no mercado interno de bens de capital por contribuinte no regime regular serão realizadas com suspensão do pagamento do IBS e da CBS, não se aplicando o disposto no art. 108 desta Lei Complementar.;Art. 109;Sem alíquota;0;0;1;0;0;0;0;0;0;01/01/2026;;19/05/2025;0;1;0;0;0;0;0;0;0;0;0;0;0;0;0;;https://www.planalto.gov.br/ccivil_03/leis/lcp/lcp214.htm#art109
550;Suspensão;550019;Importação de bem material por indústria incentivada para utilização na ZFM;Importação de bem material por indústria incentivada para utilização na Zona Franca de Manaus, observado o art. 443 da Lei Complementar nº 214, de 2025.;Art. 443. Fica suspensa a incidência do IBS e da CBS na importação de bem material realizada por indústria incentivada para utilização na Zona Franca de Manaus.;Art. 443;Sem alíquota;0;0;1;0;0;0;0;0;0;01/01/2026;;19/05/2025;0;1;0;0;0;0;0;0;0;0;0;0;0;0;0;;https://www.planalto.gov.br/ccivil_03/leis/lcp/lcp214.htm#art443
550;Suspensão;550020;Áreas de livre comércio;Áreas de livre comércio, observado o art. 461 da Lei Complementar nº 214, de 2025.;Art. 461. Fica suspensa a incidência do IBS e da CBS na importação de bem material realizada por indústria habilitada na forma do inciso II do caput do art. 460 desta Lei Complementar e sujeita ao regime regular do IBS e da CBS para incorporação em seu processo produtivo.;Art. 461;Sem alíquota;0;0;1;0;0;0;0;0;0;01/01/2026;;19/05/2025;0;1;0;0;0;0;0;0;0;0;0;0;0;0;0;;https://www.planalto.gov.br/ccivil_03/leis/lcp/lcp214.htm#art461
550;Suspensão;550021;Industrialização destinada a exportações;Fornecimento de produtos agropecuários in natura para contribuinte do regime regular que promova industrialização destinada a exportação, observado o art. 82 da Lei Complementar nº 214, de 2025.;"Art. 82.
 § 11. Também fica suspenso o pagamento do IBS e da CBS no fornecimento de produtos agropecuários in natura para contribuinte do regime regular que promova industrialização destinada a exportação para o exterior:";Art. 82, § 11;Sem alíquota;0;0;1;0;0;0;0;0;0;01/01/2026;;03/10/2025;0;1;0;0;0;0;0;0;0;0;0;0;0;0;0;;https://www.planalto.gov.br/ccivil_03/leis/lcp/lcp214.htm#art82
620;Tributação monofásica;620001;Tributação monofásica sobre combustíveis;Tributação monofásica sobre combustíveis, observados os art. 172 e art. 179 I da Lei Complementar nº 214, de 2025.;"Art. 172. O IBS e a CBS incidirão uma única vez sobre as operações, ainda que iniciadas no exterior, com os seguintes combustíveis, qualquer que seja a sua finalidade.
 Art. 179. Nas operações com EAC: I - o adquirente de EAC destinado à mistura com gasolina A que realizar a saída dos biocombustíveis com destinação diversa fica obrigado a recolher o IBS e a CBS incidentes sobre o biocombustível;";Art. 172, 179 I;Uniforme setorial;0;0;0;0;1;0;0;0;0;01/01/2026;;19/11/2025;0;1;1;0;0;0;0;0;0;0;0;0;0;0;0;;https://www.planalto.gov.br/ccivil_03/leis/lcp/lcp214.htm#art172
620;Tributação monofásica;620002;Tributação monofásica com responsabilidade pela retenção sobre combustíveis;Tributação monofásica com responsabilidade pela retenção sobre combustíveis, observado o art. 178 da Lei Complementar nº 214, de 2025.;Art. 178. Fica atribuída à refinaria de petróleo ou suas bases, à CPQ, ao formulador de combustíveis e ao importador, relativamente ao percentual de biocombustível utilizado na mistura, nas operações com gasolina A, a responsabilidade pela retenção e pelo recolhimento do IBS e da CBS incidentes nas importações de EAC ou sobre as saídas do estabelecimento produtor de EAC.;Art. 178;Uniforme setorial;0;0;0;0;1;1;0;0;0;01/01/2026;;11/06/2025;0;1;1;0;0;0;0;0;0;0;0;0;0;0;0;;https://www.planalto.gov.br/ccivil_03/leis/lcp/lcp214.htm#art178
620;Tributação monofásica;620003;Tributação monofásica com tributos retidos por responsabilidade sobre combustíveis;Tributação monofásica com tributos retidos por responsabilidade sobre combustíveis, observado o art. 178 da Lei Complementar nº 214, de 2025.;Art. 178. Fica atribuída à refinaria de petróleo ou suas bases, à CPQ, ao formulador de combustíveis e ao importador, relativamente ao percentual de biocombustível utilizado na mistura, nas operações com gasolina A, a responsabilidade pela retenção e pelo recolhimento do IBS e da CBS incidentes nas importações de EAC ou sobre as saídas do estabelecimento produtor de EAC.;Art. 178;Uniforme setorial;0;0;0;0;1;0;0;1;0;01/01/2026;;11/06/2025;0;1;1;0;0;0;0;0;0;0;0;0;0;0;0;;https://www.planalto.gov.br/ccivil_03/leis/lcp/lcp214.htm#art178
620;Tributação monofásica;620004;Tributação monofásica sobre mistura de EAC com gasolina A em percentual superior ao obrigatório;Tributação monofásica sobre mistura de EAC com gasolina A em percentual superior ou inferior ao obrigatório, observado o art. 179 da Lei Complementar nº 214, de 2025.;"Art. 179. Nas operações com EAC: 
 II - a distribuidora de combustíveis que realizar mistura de EAC com gasolina A em percentual: 
 a) superior ao obrigatório, fica obrigada a recolher o IBS e a CBS de que trata o art. 172 desta Lei Complementar em relação ao volume de biocombustível correspondente ao que exceder ao percentual obrigatório de mistura; e";Art. 179, II, a;Uniforme setorial;0;0;0;0;1;0;1;0;0;01/01/2026;;11/06/2025;0;1;1;0;0;0;0;0;0;0;0;0;0;0;0;;https://www.planalto.gov.br/ccivil_03/leis/lcp/lcp214.htm#art179
620;Tributação monofásica;620005;Tributação monofásica sobre mistura de EAC com gasolina A em percentual inferior ao obrigatório;Tributação monofásica sobre mistura de EAC com gasolina A em percentual superior ou inferior ao obrigatório, observado o art. 179 da Lei Complementar nº 214, de 2025.;"Art. 179. Nas operações com EAC: 
 II - a distribuidora de combustíveis que realizar mistura de EAC com gasolina A em percentual: 
 b) inferior ao obrigatório, terá direito ao ressarcimento do IBS e da CBS de que trata o art. 172 desta Lei Complementar em relação ao volume de biocombustível correspondente ao misturado a menor do que o percentual obrigatório de mistura.";Art. 179, II, b;Uniforme setorial;0;0;0;0;0;0;1;0;0;01/01/2026;;11/06/2025;0;1;1;0;0;0;0;0;0;0;0;0;0;0;0;;https://www.planalto.gov.br/ccivil_03/leis/lcp/lcp214.htm#art179
620;Tributação monofásica;620006;Tributação monofásica sobre combustíveis cobrada anteriormente;Tributação monofásica sobre combustíveis cobrada anteriormente, observador o art. 180 da Lei Complementar nº 214, de 2025.;Art. 180. É vedada a apropriação de créditos em relação às aquisições de combustíveis sujeitos à incidência única do IBS e da CBS, quando destinadas à distribuição, à comercialização ou à revenda.;Art. 180;Uniforme setorial;0;0;0;0;0;0;1;0;0;01/01/2026;;19/11/2025;0;1;1;0;0;0;0;0;0;0;0;0;0;0;0;;https://www.planalto.gov.br/ccivil_03/leis/lcp/lcp214.htm#art180
800;Transferência de crédito;800001;Fusão, cisão ou incorporação;Fusão, cisão ou incorporação, observado o art. 55 da Lei Complementar nº 214, de 2025.;"Art. 55. É vedada a transferência, a qualquer título, para outra pessoa ou entidade sem personalidade jurídica, de créditos do IBS e da CBS.
 Parágrafo único. Na hipótese de fusão, cisão ou incorporação, os créditos apropriados e ainda não utilizados poderão ser transferidos para a pessoa jurídica sucessora, ficando preservada a data original da apropriação dos créditos para efeitos da contagem do prazo de que trata o art. 54 desta Lei Complementar.";Art. 55;Sem alíquota;0;0;0;0;0;0;0;0;0;01/01/2026;;19/05/2025;0;1;0;0;0;0;0;0;0;1;0;0;0;0;0;;https://www.planalto.gov.br/ccivil_03/leis/lcp/lcp214.htm#art55
800;Transferência de crédito;800002;Transferência de crédito do associado, inclusive as cooperativas singulares;Transferência de crédito do associado, inclusive as cooperativas singulares, para cooperativa de que participa das operações antecedentes às operações em que fornece bens e serviços e os créditos presumidos, observado o art. 272 da Lei Complementar nº 214, de 2025.;Art. 272. O associado sujeito ao regime regular do IBS e da CBS, inclusive as cooperativas singulares, que realizar operações com a redução de alíquota de que trata o inciso I do caput do art. 271 poderá transferir os créditos das operações antecedentes às operações em que fornece bens e serviços e os créditos presumidos à cooperativa de que participa, não se aplicando o disposto no art. 55 desta Lei Complementar.;Art. 272;Sem alíquota;0;0;0;0;0;0;0;0;0;01/01/2026;;19/05/2025;0;1;0;0;0;0;0;0;0;1;0;0;0;0;0;;https://www.planalto.gov.br/ccivil_03/leis/lcp/lcp214.htm#art272
810;Ajuste de IBS na ZFM;810001;Crédito presumido de IBS sobre o valor apurado nos fornecimentos a partir da ZFM;Crédito presumido de IBS sobre o valor apurado nos fornecimentos a partir da Zona Franca de Manaus, observado o art. 450 da Lei Complementar nº 214, de 2025.;Art. 450. Ficam concedidos à indústria incentivada na Zona Franca de Manaus créditos presumidos de IBS e de CBS relativos à operação que destine ao território nacional, inclusive para a própria Zona Franca de Manaus, bem material produzido pela própria indústria incentivada na referida área nos termos do projeto econômico aprovado, exceto em relação às operações previstas no art. 447 desta Lei Complementar.;Art. 450;Sem alíquota;0;0;0;0;0;0;0;0;0;01/01/2026;;19/05/2025;0;1;0;0;0;0;0;0;0;0;0;0;0;0;0;;https://www.planalto.gov.br/ccivil_03/leis/lcp/lcp214.htm#art450
811;Ajustes;811001;Anulação de Crédito por Saídas Imunes/Isentas;Anulação de crédito proporcional ao valor das operações imunes e isentas, observado o art. 51 da Lei Complementar nº 214, de 2025.;"Art. 51. A imunidade e a isenção acarretarão a anulação dos créditos relativos às operações anteriores.
 § 1º A anulação dos créditos de que trata o caput deste artigo será proporcional ao valor das operações imunes e isentas sobre o valor de todas as operações do fornecedor.";Art. 51;Sem alíquota;0;0;0;0;0;0;0;0;0;01/01/2026;;03/10/2025;0;1;0;0;0;0;0;0;0;1;0;0;0;0;0;;https://www.planalto.gov.br/ccivil_03/leis/lcp/lcp214.htm#art51
811;Ajustes;811002;Débitos de notas fiscais não processadas na apuração;Débitos de notas fiscais não processadas na apuração, observado o art. 45 da Lei Complementar nº 214, de 2025.;"Art. 45. Para cada período de apuração, o contribuinte deverá apurar, separadamente, o saldo do IBS e da CBS, que corresponderá à diferença entre os valores: 
 § 1º O contribuinte poderá realizar ajustes positivos ou negativos no saldo apurado na forma do caput deste artigo, nos termos previstos no regulamento.";Art. 45;Sem alíquota;0;0;0;0;0;0;0;0;0;01/01/2026;;03/10/2025;0;1;0;0;0;0;0;0;0;1;0;0;0;0;0;;https://www.planalto.gov.br/ccivil_03/leis/lcp/lcp214.htm#art45
811;Ajustes;811003;Desenquadramento do Simples Nacional;Débitos apurados após o desenquadramento do regime Simples Nacional, observado o art. 41 da Lei Complementar nº 214, de 2025.;"Art. 41. O regime regular do IBS e da CBS compreende todas as regras de incidência e de apuração previstas nesta Lei Complementar, incluindo aquelas aplicáveis aos regimes diferenciados e aos regimes específicos. 
 § 2º Os contribuintes optantes pelo Simples Nacional ou pelo MEI ficam sujeitos às regras desses regimes.";Art. 41;Sem alíquota;0;0;0;0;0;0;0;0;0;01/01/2026;;03/10/2025;0;1;0;0;0;0;0;0;0;1;0;0;0;0;0;;https://www.planalto.gov.br/ccivil_03/leis/lcp/lcp214.htm#art41
820;Tributação em declaração de regime específico;820001;Documento com informações de fornecimento de serviços de planos de assistência à saúde;Documento com informações de fornecimento de serviços de planos de assinstência à saúde, mas com tributação realizada por outro meio, observado o art. 235 da Lei Complementar nº 214, de 2025.;Art. 234. Os planos de assistência à saúde ficam sujeitos a regime específico de incidência do IBS e da CBS, de acordo com o disposto neste Capítulo, nos casos em que esses serviços sejam prestados por:;Art. 235;Sem alíquota;0;0;0;0;0;0;0;0;0;01/01/2026;;19/05/2025;0;0;0;0;0;0;0;0;0;1;0;0;0;0;0;;https://www.planalto.gov.br/ccivil_03/leis/lcp/lcp214.htm#art235
820;Tributação em declaração de regime específico;820002;Documento com informações de fornecimento de serviços de planos de assistência funerária;Documento com informações de fornecimento de serviços de planos de assinstência funerária, mas com tributação realizada por outro meio, observado o art. 236 da Lei Complementar nº 214, de 2025.;Art. 236. Os planos de assistência funerária ficam sujeitos ao disposto nos arts. 234 a 242 desta Lei Complementar.;Art. 236;Sem alíquota;0;0;0;0;0;0;0;0;0;01/01/2026;;19/05/2025;0;0;0;0;0;0;0;0;0;1;0;0;0;0;0;;https://www.planalto.gov.br/ccivil_03/leis/lcp/lcp214.htm#art236
820;Tributação em declaração de regime específico;820003;Documento com informações de fornecimento de serviços de planos de assistência à saúde de animais domésticos;Documento com informações de fornecimento de serviços de planos de assinstência à saúde de animais domésticos, mas com tributação realizada por outro meio, observado o art. 243 da Lei Complementar nº 214, de 2025.;Art. 243. Os planos de assistência à saúde de animais domésticos ficam sujeitos ao disposto nos arts. 234 a 242 desta Lei Complementar, com exceção das alíquotas aplicáveis, que serão nacionalmente uniformes e corresponderão à soma das alíquotas de referência de cada esfera federativa, reduzidas em 30% (trinta por cento), vedado o crédito ao adquirente.;Art. 243;Sem alíquota;0;0;0;0;0;0;0;0;0;01/01/2026;;19/05/2025;0;0;0;0;0;0;0;0;0;1;0;0;0;0;0;;https://www.planalto.gov.br/ccivil_03/leis/lcp/lcp214.htm#art243
820;Tributação em declaração de regime específico;820004;Documento com informações de prestação de serviços de consursos de prognósticos;Documento com informações de prestação de serviços de consursos de prognósticos, mas com tributação realizada por outro meio, observado o art. 248 da Lei Complementar nº 214, de 2025.;Art. 248. A empresa que opera concursos de prognósticos deverá apresentar obrigação acessória, na forma do regulamento, contendo, no mínimo, informações sobre o local onde a aposta é efetuada e os valores das apostas e das premiações pagas.;Art. 248;Sem alíquota;0;0;0;0;0;0;0;0;0;01/01/2026;;19/05/2025;0;0;0;0;0;0;0;0;0;1;0;0;0;0;0;;https://www.planalto.gov.br/ccivil_03/leis/lcp/lcp214.htm#art248
820;Tributação em declaração de regime específico;820005;Documento com informações de alienação de bens imóveis;Documento com informações de alienação de bens imóveis, mas com tributação realizada por outro meio, observado o art. 254 da Lei Complementar nº 214, de 2025.;"Art. 254. Considera-se ocorrido o fato gerador do IBS e da CBS: 
 I - na alienação de bem imóvel, no momento do ato de alienação; 
 § 1º Para fins do disposto no inciso I do caput deste artigo, considera-se alienação a adjudicação, a celebração, inclusive de quaisquer ajustes posteriores, do contrato de alienação, ainda que mediante instrumento de promessa, carta de reserva com princípio de pagamento ou qualquer outro documento representativo de compromisso, ou quando implementada a condição suspensiva a que estiver sujeita a alienação.";Art. 254, § 1º;Sem alíquota;0;0;0;0;0;0;0;0;0;01/01/2026;;19/05/2025;1;0;0;0;0;0;0;0;0;0;0;0;0;0;1;;https://www.planalto.gov.br/ccivil_03/leis/lcp/lcp214.htm#art254
820;Tributação em declaração de regime específico;820006;Documento com informações de fornecimento de serviços de exploração de via;Documento com informações de fornecimento de serviços de exploração de via, mas com tributação realizada por outro meio, observado o art. 11 da Lei Complementar nº 214, de 2025.;"Art. 11. Considera-se local da operação com:
 VIII - serviço de exploração de via, mediante cobrança de valor a qualquer título, incluindo tarifas, pedágios e quaisquer outras formas de cobrança, o território de cada Município e Estado, ou do Distrito Federal, proporcionalmente à correspondente extensão da via explorada;";Art. 11, VIII;Sem alíquota;0;0;;0;0;0;0;0;0;01/01/2026;;11/06/2025;0;0;0;0;0;0;0;0;0;1;0;0;0;0;0;;https://www.planalto.gov.br/ccivil_03/leis/lcp/lcp214.htm#art11
820;Tributação em declaração de regime específico;820007;Documento com informações de fornecimento de serviços financeiros;Documento com informações de fornecimento de serviços financeiros, mas com tributação realizada por outro meio, observado o art. 181 da Lei Complementar nº 214, de 2025.;Art. 181. Os serviços financeiros ficam sujeitos a regime específico de incidência do IBS e da CBS, de acordo com o disposto neste Capítulo.;Art. 181;Sem alíquota;0;0;0;0;0;0;0;0;0;01/01/2026;;19/11/2025;0;0;0;0;0;0;0;0;0;1;0;0;0;0;0;;https://www.planalto.gov.br/ccivil_03/leis/lcp/lcp214.htm#art181
820;Tributação em declaração de regime específico;820008;Documento com informações de fornecimento, mas com tributação realizada em fatura anterior;Documento com informações de fornecimento, mas com tributação realizada em fatura anterior, observado o art. 10 da Lei Complementar nº 214, de 2025.;" Art. 10. Considera-se ocorrido o fato gerador do IBS e da CBS no momento do fornecimento nas operações com bens ou com serviços, ainda que de execução continuada ou fracionada.

§ 3º Nas operações de execução continuada ou fracionada em que não seja possível identificar o momento de entrega ou disponibilização do bem ou do término do fornecimento do serviço, como as relativas a abastecimento de água, saneamento básico, gás canalizado, serviços de telecomunicação, serviços de internet e energia elétrica, considera-se ocorrido o fato gerador no momento em que se torna devido o pagamento.";Art. 10, § 3º;Sem alíquota;0;0;0;0;0;0;0;0;0;01/01/2026;;19/11/2025;0;0;0;0;0;0;0;0;1;0;0;1;1;1;0;;https://www.planalto.gov.br/ccivil_03/leis/lcp/lcp214.htm#art10
830;Exclusão de base de cálculo;830001;Documento com exclusão da BC da CBS e do IBS de energia elétrica fornecida pela distribuidora à UC;Documento com exclusão da base de cálculo da CBS e do IBS refrente à energia elétrica fornecida pela distribuidora à unidade consumidora, conforme Art 28, parágrafos 3° e 4°.;"Art. 28. § 3º Exclui-se da base de cálculo da CBS e do IBS a energia elétrica fornecida pela distribuidora à unidade consumidora, na quantidade correspondente à energia injetada na rede de distribuição pela mesma unidade consumidora, acrescidos dos créditos de energia elétrica originados na própria unidade consumidora no mesmo mês, em meses anteriores ou em outra unidade consumidora do mesmo titular.
 § 4º A exclusão de que trata o § 3º deste artigo:
 I - aplica-se somente a consumidores participantes do Sistema de Compensação de Energia Elétrica, de que trata a Lei nº 14.300, de 6 de janeiro de 2022;
 II - aplica-se somente à compensação de energia elétrica produzida por microgeração e minigeração, cuja potência instalada seja, respectivamente, menor ou igual a 75 kW e superior a 75 kW e menor ou igual a 1 MW; e
 III - não se aplica ao custo de disponibilidade, à energia reativa, à demanda de potência, aos encargos de conexão ou uso do sistema de distribuição, aos componentes tarifárias não associadas ao custo da energia e a quaisquer outros valores cobrados pela distribuidora.";Art 28, parágrafos 3° e 4°;Sem alíquota;0;0;;0;0;0;0;0;0;01/01/2026;;11/06/2025;0;1;0;0;0;0;0;0;1;0;0;0;0;0;0;;https://www.planalto.gov.br/ccivil_03/leis/lcp/lcp214.htm#art28
;;;;;;;;;;;;;;;;;;;;;;;;;;;;;;;;;;;;
;;;;;;;;;;;;;;;;;;;;;;;;;;;;;;;;;;;;
;;;;;;;;;;;;;;;;;;;;;;;;;;;;;;;;;;;;
;;;;;;;;;;;;;;;;;;;;;;;;;;;;;;;;;;;;
;;;;;;;;;;;;;;;;;;;;;;;;;;;;;;;;;;;;
;;;;;;;;;;;;;;;;;;;;;;;;;;;;;;;;;;;;
;;;;;;;;;;;;;;;;;;;;;;;;;;;;;;;;;;;;
;;;;;;;;;;;;;;;;;;;;;;;;;;;;;;;;;;;;
;;;;;;;;;;;;;;;;;;;;;;;;;;;;;;;;;;;;
;;;;;;;;;;;;;;;;;;;;;;;;;;;;;;;;;;;;
;;;;;;;;;;;;;;;;;;;;;;;;;;;;;;;;;;;;
;;;;;;;;;;;;;;;;;;;;;;;;;;;;;;;;;;;;
;;;;;;;;;;;;;;;;;;;;;;;;;;;;;;;;;;;;
;;;;;;;;;;;;;;;;;;;;;;;;;;;;;;;;;;;;
;;;;;;;;;;;;;;;;;;;;;;;;;;;;;;;;;;;;
;;;;;;;;;;;;;;;;;;;;;;;;;;;;;;;;;;;;
;;;;;;;;;;;;;;;;;;;;;;;;;;;;;;;;;;;;
;;;;;;;;;;;;;;;;;;;;;;;;;;;;;;;;;;;;
;;;;;;;;;;;;;;;;;;;;;;;;;;;;;;;;;;;;
;;;;;;;;;;;;;;;;;;;;;;;;;;;;;;;;;;;;
;;;;;;;;;;;;;;;;;;;;;;;;;;;;;;;;;;;;
;;;;;;;;;;;;;;;;;;;;;;;;;;;;;;;;;;;;
;;;;;;;;;;;;;;;;;;;;;;;;;;;;;;;;;;;;
;;;;;;;;;;;;;;;;;;;;;;;;;;;;;;;;;;;;
;;;;;;;;;;;;;;;;;;;;;;;;;;;;;;;;;;;;
;;;;;;;;;;;;;;;;;;;;;;;;;;;;;;;;;;;;
;;;;;;;;;;;;;;;;;;;;;;;;;;;;;;;;;;;;
;;;;;;;;;;;;;;;;;;;;;;;;;;;;;;;;;;;;
;;;;;;;;;;;;;;;;;;;;;;;;;;;;;;;;;;;;
;;;;;;;;;;;;;;;;;;;;;;;;;;;;;;;;;;;;
;;;;;;;;;;;;;;;;;;;;;;;;;;;;;;;;;;;;
;;;;;;;;;;;;;;;;;;;;;;;;;;;;;;;;;;;;
;;;;;;;;;;;;;;;;;;;;;;;;;;;;;;;;;;;;
;;;;;;;;;;;;;;;;;;;;;;;;;;;;;;;;;;;;
;;;;;;;;;;;;;;;;;;;;;;;;;;;;;;;;;;;;
;;;;;;;;;;;;;;;;;;;;;;;;;;;;;;;;;;;;
;;;;;;;;;;;;;;;;;;;;;;;;;;;;;;;;;;;;
;;;;;;;;;;;;;;;;;;;;;;;;;;;;;;;;;;;;
;;;;;;;;;;;;;;;;;;;;;;;;;;;;;;;;;;;;
;;;;;;;;;;;;;;;;;;;;;;;;;;;;;;;;;;;;
;;;;;;;;;;;;;;;;;;;;;;;;;;;;;;;;;;;;
;;;;;;;;;;;;;;;;;;;;;;;;;;;;;;;;;;;;
;;;;;;;;;;;;;;;;;;;;;;;;;;;;;;;;;;;;
;;;;;;;;;;;;;;;;;;;;;;;;;;;;;;;;;;;;
;;;;;;;;;;;;;;;;;;;;;;;;;;;;;;;;;;;;
;;;;;;;;;;;;;;;;;;;;;;;;;;;;;;;;;;;;
;;;;;;;;;;;;;;;;;;;;;;;;;;;;;;;;;;;;
;;;;;;;;;;;;;;;;;;;;;;;;;;;;;;;;;;;;
;;;;;;;;;;;;;;;;;;;;;;;;;;;;;;;;;;;;
;;;;;;;;;;;;;;;;;;;;;;;;;;;;;;;;;;;;
;;;;;;;;;;;;;;;;;;;;;;;;;;;;;;;;;;;;
;;;;;;;;;;;;;;;;;;;;;;;;;;;;;;;;;;;;
;;;;;;;;;;;;;;;;;;;;;;;;;;;;;;;;;;;;
;;;;;;;;;;;;;;;;;;;;;;;;;;;;;;;;;;;;
;;;;;;;;;;;;;;;;;;;;;;;;;;;;;;;;;;;;
;;;;;;;;;;;;;;;;;;;;;;;;;;;;;;;;;;;;
;;;;;;;;;;;;;;;;;;;;;;;;;;;;;;;;;;;;
;;;;;;;;;;;;;;;;;;;;;;;;;;;;;;;;;;;;
;;;;;;;;;;;;;;;;;;;;;;;;;;;;;;;;;;;;
;;;;;;;;;;;;;;;;;;;;;;;;;;;;;;;;;;;;
;;;;;;;;;;;;;;;;;;;;;;;;;;;;;;;;;;;;
;;;;;;;;;;;;;;;;;;;;;;;;;;;;;;;;;;;;
;;;;;;;;;;;;;;;;;;;;;;;;;;;;;;;;;;;;
;;;;;;;;;;;;;;;;;;;;;;;;;;;;;;;;;;;;
;;;;;;;;;;;;;;;;;;;;;;;;;;;;;;;;;;;;
;;;;;;;;;;;;;;;;;;;;;;;;;;;;;;;;;;;;
;;;;;;;;;;;;;;;;;;;;;;;;;;;;;;;;;;;;
;;;;;;;;;;;;;;;;;;;;;;;;;;;;;;;;;;;;
;;;;;;;;;;;;;;;;;;;;;;;;;;;;;;;;;;;;
;;;;;;;;;;;;;;;;;;;;;;;;;;;;;;;;;;;;
;;;;;;;;;;;;;;;;;;;;;;;;;;;;;;;;;;;;
;;;;;;;;;;;;;;;;;;;;;;;;;;;;;;;;;;;;
;;;;;;;;;;;;;;;;;;;;;;;;;;;;;;;;;;;;
;;;;;;;;;;;;;;;;;;;;;;;;;;;;;;;;;;;;
;;;;;;;;;;;;;;;;;;;;;;;;;;;;;;;;;;;;
;;;;;;;;;;;;;;;;;;;;;;;;;;;;;;;;;;;;
;;;;;;;;;;;;;;;;;;;;;;;;;;;;;;;;;;;;
;;;;;;;;;;;;;;;;;;;;;;;;;;;;;;;;;;;;
;;;;;;;;;;;;;;;;;;;;;;;;;;;;;;;;;;;;
;;;;;;;;;;;;;;;;;;;;;;;;;;;;;;;;;;;;
;;;;;;;;;;;;;;;;;;;;;;;;;;;;;;;;;;;;
;;;;;;;;;;;;;;;;;;;;;;;;;;;;;;;;;;;;
;;;;;;;;;;;;;;;;;;;;;;;;;;;;;;;;;;;;
;;;;;;;;;;;;;;;;;;;;;;;;;;;;;;;;;;;;
;;;;;;;;;;;;;;;;;;;;;;;;;;;;;;;;;;;;
;;;;;;;;;;;;;;;;;;;;;;;;;;;;;;;;;;;;
;;;;;;;;;;;;;;;;;;;;;;;;;;;;;;;;;;;;
;;;;;;;;;;;;;;;;;;;;;;;;;;;;;;;;;;;;
;;;;;;;;;;;;;;;;;;;;;;;;;;;;;;;;;;;;
;;;;;;;;;;;;;;;;;;;;;;;;;;;;;;;;;;;;
;;;;;;;;;;;;;;;;;;;;;;;;;;;;;;;;;;;;
;;;;;;;;;;;;;;;;;;;;;;;;;;;;;;;;;;;;
;;;;;;;;;;;;;;;;;;;;;;;;;;;;;;;;;;;;
;;;;;;;;;;;;;;;;;;;;;;;;;;;;;;;;;;;;
;;;;;;;;;;;;;;;;;;;;;;;;;;;;;;;;;;;;
;;;;;;;;;;;;;;;;;;;;;;;;;;;;;;;;;;;;
;;;;;;;;;;;;;;;;;;;;;;;;;;;;;;;;;;;;
;;;;;;;;;;;;;;;;;;;;;;;;;;;;;;;;;;;;
;;;;;;;;;;;;;;;;;;;;;;;;;;;;;;;;;;;;
;;;;;;;;;;;;;;;;;;;;;;;;;;;;;;;;;;;;
;;;;;;;;;;;;;;;;;;;;;;;;;;;;;;;;;;;;
;;;;;;;;;;;;;;;;;;;;;;;;;;;;;;;;;;;;
;;;;;;;;;;;;;;;;;;;;;;;;;;;;;;;;;;;;
;;;;;;;;;;;;;;;;;;;;;;;;;;;;;;;;;;;;
;;;;;;;;;;;;;;;;;;;;;;;;;;;;;;;;;;;;
;;;;;;;;;;;;;;;;;;;;;;;;;;;;;;;;;;;;
;;;;;;;;;;;;;;;;;;;;;;;;;;;;;;;;;;;;
;;;;;;;;;;;;;;;;;;;;;;;;;;;;;;;;;;;;
;;;;;;;;;;;;;;;;;;;;;;;;;;;;;;;;;;;;
;;;;;;;;;;;;;;;;;;;;;;;;;;;;;;;;;;;;
;;;;;;;;;;;;;;;;;;;;;;;;;;;;;;;;;;;;
;;;;;;;;;;;;;;;;;;;;;;;;;;;;;;;;;;;;
;;;;;;;;;;;;;;;;;;;;;;;;;;;;;;;;;;;;
;;;;;;;;;;;;;;;;;;;;;;;;;;;;;;;;;;;;
;;;;;;;;;;;;;;;;;;;;;;;;;;;;;;;;;;;;
;;;;;;;;;;;;;;;;;;;;;;;;;;;;;;;;;;;;
;;;;;;;;;;;;;;;;;;;;;;;;;;;;;;;;;;;;
;;;;;;;;;;;;;;;;;;;;;;;;;;;;;;;;;;;;
;;;;;;;;;;;;;;;;;;;;;;;;;;;;;;;;;;;;
;;;;;;;;;;;;;;;;;;;;;;;;;;;;;;;;;;;;
;;;;;;;;;;;;;;;;;;;;;;;;;;;;;;;;;;;;
;;;;;;;;;;;;;;;;;;;;;;;;;;;;;;;;;;;;
;;;;;;;;;;;;;;;;;;;;;;;;;;;;;;;;;;;;
;;;;;;;;;;;;;;;;;;;;;;;;;;;;;;;;;;;;
;;;;;;;;;;;;;;;;;;;;;;;;;;;;;;;;;;;;
;;;;;;;;;;;;;;;;;;;;;;;;;;;;;;;;;;;;
;;;;;;;;;;;;;;;;;;;;;;;;;;;;;;;;;;;;
;;;;;;;;;;;;;;;;;;;;;;;;;;;;;;;;;;;;
;;;;;;;;;;;;;;;;;;;;;;;;;;;;;;;;;;;;
;;;;;;;;;;;;;;;;;;;;;;;;;;;;;;;;;;;;
;;;;;;;;;;;;;;;;;;;;;;;;;;;;;;;;;;;;
;;;;;;;;;;;;;;;;;;;;;;;;;;;;;;;;;;;;
;;;;;;;;;;;;;;;;;;;;;;;;;;;;;;;;;;;;
;;;;;;;;;;;;;;;;;;;;;;;;;;;;;;;;;;;;
;;;;;;;;;;;;;;;;;;;;;;;;;;;;;;;;;;;;
;;;;;;;;;;;;;;;;;;;;;;;;;;;;;;;;;;;;
;;;;;;;;;;;;;;;;;;;;;;;;;;;;;;;;;;;;
;;;;;;;;;;;;;;;;;;;;;;;;;;;;;;;;;;;;
;;;;;;;;;;;;;;;;;;;;;;;;;;;;;;;;;;;;
;;;;;;;;;;;;;;;;;;;;;;;;;;;;;;;;;;;;
;;;;;;;;;;;;;;;;;;;;;;;;;;;;;;;;;;;;
;;;;;;;;;;;;;;;;;;;;;;;;;;;;;;;;;;;;
;;;;;;;;;;;;;;;;;;;;;;;;;;;;;;;;;;;;
;;;;;;;;;;;;;;;;;;;;;;;;;;;;;;;;;;;;
;;;;;;;;;;;;;;;;;;;;;;;;;;;;;;;;;;;;
;;;;;;;;;;;;;;;;;;;;;;;;;;;;;;;;;;;;
;;;;;;;;;;;;;;;;;;;;;;;;;;;;;;;;;;;;
;;;;;;;;;;;;;;;;;;;;;;;;;;;;;;;;;;;;
;;;;;;;;;;;;;;;;;;;;;;;;;;;;;;;;;;;;
;;;;;;;;;;;;;;;;;;;;;;;;;;;;;;;;;;;;
;;;;;;;;;;;;;;;;;;;;;;;;;;;;;;;;;;;;
;;;;;;;;;;;;;;;;;;;;;;;;;;;;;;;;;;;;
;;;;;;;;;;;;;;;;;;;;;;;;;;;;;;;;;;;;
;;;;;;;;;;;;;;;;;;;;;;;;;;;;;;;;;;;;
;;;;;;;;;;;;;;;;;;;;;;;;;;;;;;;;;;;;
;;;;;;;;;;;;;;;;;;;;;;;;;;;;;;;;;;;;
;;;;;;;;;;;;;;;;;;;;;;;;;;;;;;;;;;;;
;;;;;;;;;;;;;;;;;;;;;;;;;;;;;;;;;;;;
;;;;;;;;;;;;;;;;;;;;;;;;;;;;;;;;;;;;
;;;;;;;;;;;;;;;;;;;;;;;;;;;;;;;;;;;;
;;;;;;;;;;;;;;;;;;;;;;;;;;;;;;;;;;;;
;;;;;;;;;;;;;;;;;;;;;;;;;;;;;;;;;;;;
;;;;;;;;;;;;;;;;;;;;;;;;;;;;;;;;;;;;
;;;;;;;;;;;;;;;;;;;;;;;;;;;;;;;;;;;;
;;;;;;;;;;;;;;;;;;;;;;;;;;;;;;;;;;;;
;;;;;;;;;;;;;;;;;;;;;;;;;;;;;;;;;;;;
;;;;;;;;;;;;;;;;;;;;;;;;;;;;;;;;;;;;
;;;;;;;;;;;;;;;;;;;;;;;;;;;;;;;;;;;;
;;;;;;;;;;;;;;;;;;;;;;;;;;;;;;;;;;;;
;;;;;;;;;;;;;;;;;;;;;;;;;;;;;;;;;;;;
;;;;;;;;;;;;;;;;;;;;;;;;;;;;;;;;;;;;
;;;;;;;;;;;;;;;;;;;;;;;;;;;;;;;;;;;;
;;;;;;;;;;;;;;;;;;;;;;;;;;;;;;;;;;;;
;;;;;;;;;;;;;;;;;;;;;;;;;;;;;;;;;;;;
;;;;;;;;;;;;;;;;;;;;;;;;;;;;;;;;;;;;
;;;;;;;;;;;;;;;;;;;;;;;;;;;;;;;;;;;;
;;;;;;;;;;;;;;;;;;;;;;;;;;;;;;;;;;;;
;;;;;;;;;;;;;;;;;;;;;;;;;;;;;;;;;;;;
;;;;;;;;;;;;;;;;;;;;;;;;;;;;;;;;;;;;
;;;;;;;;;;;;;;;;;;;;;;;;;;;;;;;;;;;;
;;;;;;;;;;;;;;;;;;;;;;;;;;;;;;;;;;;;
;;;;;;;;;;;;;;;;;;;;;;;;;;;;;;;;;;;;
;;;;;;;;;;;;;;;;;;;;;;;;;;;;;;;;;;;;
;;;;;;;;;;;;;;;;;;;;;;;;;;;;;;;;;;;;
;;;;;;;;;;;;;;;;;;;;;;;;;;;;;;;;;;;;
;;;;;;;;;;;;;;;;;;;;;;;;;;;;;;;;;;;;
;;;;;;;;;;;;;;;;;;;;;;;;;;;;;;;;;;;;
;;;;;;;;;;;;;;;;;;;;;;;;;;;;;;;;;;;;
;;;;;;;;;;;;;;;;;;;;;;;;;;;;;;;;;;;;
;;;;;;;;;;;;;;;;;;;;;;;;;;;;;;;;;;;;
;;;;;;;;;;;;;;;;;;;;;;;;;;;;;;;;;;;;
;;;;;;;;;;;;;;;;;;;;;;;;;;;;;;;;;;;;
;;;;;;;;;;;;;;;;;;;;;;;;;;;;;;;;;;;;
;;;;;;;;;;;;;;;;;;;;;;;;;;;;;;;;;;;;
;;;;;;;;;;;;;;;;;;;;;;;;;;;;;;;;;;;;
;;;;;;;;;;;;;;;;;;;;;;;;;;;;;;;;;;;;
;;;;;;;;;;;;;;;;;;;;;;;;;;;;;;;;;;;;
;;;;;;;;;;;;;;;;;;;;;;;;;;;;;;;;;;;;
;;;;;;;;;;;;;;;;;;;;;;;;;;;;;;;;;;;;
;;;;;;;;;;;;;;;;;;;;;;;;;;;;;;;;;;;;
;;;;;;;;;;;;;;;;;;;;;;;;;;;;;;;;;;;;
;;;;;;;;;;;;;;;;;;;;;;;;;;;;;;;;;;;;
;;;;;;;;;;;;;;;;;;;;;;;;;;;;;;;;;;;;
;;;;;;;;;;;;;;;;;;;;;;;;;;;;;;;;;;;;
;;;;;;;;;;;;;;;;;;;;;;;;;;;;;;;;;;;;
;;;;;;;;;;;;;;;;;;;;;;;;;;;;;;;;;;;;
;;;;;;;;;;;;;;;;;;;;;;;;;;;;;;;;;;;;
;;;;;;;;;;;;;;;;;;;;;;;;;;;;;;;;;;;;
;;;;;;;;;;;;;;;;;;;;;;;;;;;;;;;;;;;;
;;;;;;;;;;;;;;;;;;;;;;;;;;;;;;;;;;;;
;;;;;;;;;;;;;;;;;;;;;;;;;;;;;;;;;;;;
;;;;;;;;;;;;;;;;;;;;;;;;;;;;;;;;;;;;
;;;;;;;;;;;;;;;;;;;;;;;;;;;;;;;;;;;;
;;;;;;;;;;;;;;;;;;;;;;;;;;;;;;;;;;;;
;;;;;;;;;;;;;;;;;;;;;;;;;;;;;;;;;;;;
;;;;;;;;;;;;;;;;;;;;;;;;;;;;;;;;;;;;
;;;;;;;;;;;;;;;;;;;;;;;;;;;;;;;;;;;;
;;;;;;;;;;;;;;;;;;;;;;;;;;;;;;;;;;;;
;;;;;;;;;;;;;;;;;;;;;;;;;;;;;;;;;;;;
;;;;;;;;;;;;;;;;;;;;;;;;;;;;;;;;;;;;
;;;;;;;;;;;;;;;;;;;;;;;;;;;;;;;;;;;;
;;;;;;;;;;;;;;;;;;;;;;;;;;;;;;;;;;;;
;;;;;;;;;;;;;;;;;;;;;;;;;;;;;;;;;;;;
;;;;;;;;;;;;;;;;;;;;;;;;;;;;;;;;;;;;
;;;;;;;;;;;;;;;;;;;;;;;;;;;;;;;;;;;;
;;;;;;;;;;;;;;;;;;;;;;;;;;;;;;;;;;;;
;;;;;;;;;;;;;;;;;;;;;;;;;;;;;;;;;;;;
;;;;;;;;;;;;;;;;;;;;;;;;;;;;;;;;;;;;
;;;;;;;;;;;;;;;;;;;;;;;;;;;;;;;;;;;;
;;;;;;;;;;;;;;;;;;;;;;;;;;;;;;;;;;;;
;;;;;;;;;;;;;;;;;;;;;;;;;;;;;;;;;;;;
;;;;;;;;;;;;;;;;;;;;;;;;;;;;;;;;;;;;
;;;;;;;;;;;;;;;;;;;;;;;;;;;;;;;;;;;;
;;;;;;;;;;;;;;;;;;;;;;;;;;;;;;;;;;;;
;;;;;;;;;;;;;;;;;;;;;;;;;;;;;;;;;;;;
;;;;;;;;;;;;;;;;;;;;;;;;;;;;;;;;;;;;
;;;;;;;;;;;;;;;;;;;;;;;;;;;;;;;;;;;;
;;;;;;;;;;;;;;;;;;;;;;;;;;;;;;;;;;;;
;;;;;;;;;;;;;;;;;;;;;;;;;;;;;;;;;;;;
;;;;;;;;;;;;;;;;;;;;;;;;;;;;;;;;;;;;
;;;;;;;;;;;;;;;;;;;;;;;;;;;;;;;;;;;;
;;;;;;;;;;;;;;;;;;;;;;;;;;;;;;;;;;;;
;;;;;;;;;;;;;;;;;;;;;;;;;;;;;;;;;;;;
;;;;;;;;;;;;;;;;;;;;;;;;;;;;;;;;;;;;
;;;;;;;;;;;;;;;;;;;;;;;;;;;;;;;;;;;;
;;;;;;;;;;;;;;;;;;;;;;;;;;;;;;;;;;;;
;;;;;;;;;;;;;;;;;;;;;;;;;;;;;;;;;;;;
;;;;;;;;;;;;;;;;;;;;;;;;;;;;;;;;;;;;
;;;;;;;;;;;;;;;;;;;;;;;;;;;;;;;;;;;;
;;;;;;;;;;;;;;;;;;;;;;;;;;;;;;;;;;;;
;;;;;;;;;;;;;;;;;;;;;;;;;;;;;;;;;;;;
;;;;;;;;;;;;;;;;;;;;;;;;;;;;;;;;;;;;
;;;;;;;;;;;;;;;;;;;;;;;;;;;;;;;;;;;;
;;;;;;;;;;;;;;;;;;;;;;;;;;;;;;;;;;;;
;;;;;;;;;;;;;;;;;;;;;;;;;;;;;;;;;;;;
;;;;;;;;;;;;;;;;;;;;;;;;;;;;;;;;;;;;
;;;;;;;;;;;;;;;;;;;;;;;;;;;;;;;;;;;;
;;;;;;;;;;;;;;;;;;;;;;;;;;;;;;;;;;;;
;;;;;;;;;;;;;;;;;;;;;;;;;;;;;;;;;;;;
;;;;;;;;;;;;;;;;;;;;;;;;;;;;;;;;;;;;
;;;;;;;;;;;;;;;;;;;;;;;;;;;;;;;;;;;;
;;;;;;;;;;;;;;;;;;;;;;;;;;;;;;;;;;;;
;;;;;;;;;;;;;;;;;;;;;;;;;;;;;;;;;;;;
;;;;;;;;;;;;;;;;;;;;;;;;;;;;;;;;;;;;
;;;;;;;;;;;;;;;;;;;;;;;;;;;;;;;;;;;;
;;;;;;;;;;;;;;;;;;;;;;;;;;;;;;;;;;;;
;;;;;;;;;;;;;;;;;;;;;;;;;;;;;;;;;;;;
;;;;;;;;;;;;;;;;;;;;;;;;;;;;;;;;;;;;
;;;;;;;;;;;;;;;;;;;;;;;;;;;;;;;;;;;;
;;;;;;;;;;;;;;;;;;;;;;;;;;;;;;;;;;;;
;;;;;;;;;;;;;;;;;;;;;;;;;;;;;;;;;;;;
;;;;;;;;;;;;;;;;;;;;;;;;;;;;;;;;;;;;
;;;;;;;;;;;;;;;;;;;;;;;;;;;;;;;;;;;;
;;;;;;;;;;;;;;;;;;;;;;;;;;;;;;;;;;;;
;;;;;;;;;;;;;;;;;;;;;;;;;;;;;;;;;;;;
;;;;;;;;;;;;;;;;;;;;;;;;;;;;;;;;;;;;
;;;;;;;;;;;;;;;;;;;;;;;;;;;;;;;;;;;;
;;;;;;;;;;;;;;;;;;;;;;;;;;;;;;;;;;;;
;;;;;;;;;;;;;;;;;;;;;;;;;;;;;;;;;;;;
;;;;;;;;;;;;;;;;;;;;;;;;;;;;;;;;;;;;
;;;;;;;;;;;;;;;;;;;;;;;;;;;;;;;;;;;;
;;;;;;;;;;;;;;;;;;;;;;;;;;;;;;;;;;;;
;;;;;;;;;;;;;;;;;;;;;;;;;;;;;;;;;;;;
;;;;;;;;;;;;;;;;;;;;;;;;;;;;;;;;;;;;
;;;;;;;;;;;;;;;;;;;;;;;;;;;;;;;;;;;;
;;;;;;;;;;;;;;;;;;;;;;;;;;;;;;;;;;;;
;;;;;;;;;;;;;;;;;;;;;;;;;;;;;;;;;;;;
;;;;;;;;;;;;;;;;;;;;;;;;;;;;;;;;;;;;
;;;;;;;;;;;;;;;;;;;;;;;;;;;;;;;;;;;;
;;;;;;;;;;;;;;;;;;;;;;;;;;;;;;;;;;;;
;;;;;;;;;;;;;;;;;;;;;;;;;;;;;;;;;;;;
;;;;;;;;;;;;;;;;;;;;;;;;;;;;;;;;;;;;
;;;;;;;;;;;;;;;;;;;;;;;;;;;;;;;;;;;;
;;;;;;;;;;;;;;;;;;;;;;;;;;;;;;;;;;;;
;;;;;;;;;;;;;;;;;;;;;;;;;;;;;;;;;;;;
;;;;;;;;;;;;;;;;;;;;;;;;;;;;;;;;;;;;
;;;;;;;;;;;;;;;;;;;;;;;;;;;;;;;;;;;;
;;;;;;;;;;;;;;;;;;;;;;;;;;;;;;;;;;;;
;;;;;;;;;;;;;;;;;;;;;;;;;;;;;;;;;;;;
;;;;;;;;;;;;;;;;;;;;;;;;;;;;;;;;;;;;
;;;;;;;;;;;;;;;;;;;;;;;;;;;;;;;;;;;;
;;;;;;;;;;;;;;;;;;;;;;;;;;;;;;;;;;;;
;;;;;;;;;;;;;;;;;;;;;;;;;;;;;;;;;;;;
;;;;;;;;;;;;;;;;;;;;;;;;;;;;;;;;;;;;
;;;;;;;;;;;;;;;;;;;;;;;;;;;;;;;;;;;;
;;;;;;;;;;;;;;;;;;;;;;;;;;;;;;;;;;;;
;;;;;;;;;;;;;;;;;;;;;;;;;;;;;;;;;;;;
;;;;;;;;;;;;;;;;;;;;;;;;;;;;;;;;;;;;
;;;;;;;;;;;;;;;;;;;;;;;;;;;;;;;;;;;;
;;;;;;;;;;;;;;;;;;;;;;;;;;;;;;;;;;;;
;;;;;;;;;;;;;;;;;;;;;;;;;;;;;;;;;;;;
;;;;;;;;;;;;;;;;;;;;;;;;;;;;;;;;;;;;
;;;;;;;;;;;;;;;;;;;;;;;;;;;;;;;;;;;;
;;;;;;;;;;;;;;;;;;;;;;;;;;;;;;;;;;;;
;;;;;;;;;;;;;;;;;;;;;;;;;;;;;;;;;;;;
;;;;;;;;;;;;;;;;;;;;;;;;;;;;;;;;;;;;
;;;;;;;;;;;;;;;;;;;;;;;;;;;;;;;;;;;;
;;;;;;;;;;;;;;;;;;;;;;;;;;;;;;;;;;;;
;;;;;;;;;;;;;;;;;;;;;;;;;;;;;;;;;;;;
;;;;;;;;;;;;;;;;;;;;;;;;;;;;;;;;;;;;
;;;;;;;;;;;;;;;;;;;;;;;;;;;;;;;;;;;;
;;;;;;;;;;;;;;;;;;;;;;;;;;;;;;;;;;;;
;;;;;;;;;;;;;;;;;;;;;;;;;;;;;;;;;;;;
;;;;;;;;;;;;;;;;;;;;;;;;;;;;;;;;;;;;
;;;;;;;;;;;;;;;;;;;;;;;;;;;;;;;;;;;;
;;;;;;;;;;;;;;;;;;;;;;;;;;;;;;;;;;;;
;;;;;;;;;;;;;;;;;;;;;;;;;;;;;;;;;;;;
;;;;;;;;;;;;;;;;;;;;;;;;;;;;;;;;;;;;
;;;;;;;;;;;;;;;;;;;;;;;;;;;;;;;;;;;;
;;;;;;;;;;;;;;;;;;;;;;;;;;;;;;;;;;;;
;;;;;;;;;;;;;;;;;;;;;;;;;;;;;;;;;;;;
;;;;;;;;;;;;;;;;;;;;;;;;;;;;;;;;;;;;
;;;;;;;;;;;;;;;;;;;;;;;;;;;;;;;;;;;;
;;;;;;;;;;;;;;;;;;;;;;;;;;;;;;;;;;;;
;;;;;;;;;;;;;;;;;;;;;;;;;;;;;;;;;;;;
;;;;;;;;;;;;;;;;;;;;;;;;;;;;;;;;;;;;
;;;;;;;;;;;;;;;;;;;;;;;;;;;;;;;;;;;;
;;;;;;;;;;;;;;;;;;;;;;;;;;;;;;;;;;;;
;;;;;;;;;;;;;;;;;;;;;;;;;;;;;;;;;;;;
;;;;;;;;;;;;;;;;;;;;;;;;;;;;;;;;;;;;
;;;;;;;;;;;;;;;;;;;;;;;;;;;;;;;;;;;;
;;;;;;;;;;;;;;;;;;;;;;;;;;;;;;;;;;;;
;;;;;;;;;;;;;;;;;;;;;;;;;;;;;;;;;;;;
;;;;;;;;;;;;;;;;;;;;;;;;;;;;;;;;;;;;
;;;;;;;;;;;;;;;;;;;;;;;;;;;;;;;;;;;;
;;;;;;;;;;;;;;;;;;;;;;;;;;;;;;;;;;;;
;;;;;;;;;;;;;;;;;;;;;;;;;;;;;;;;;;;;
;;;;;;;;;;;;;;;;;;;;;;;;;;;;;;;;;;;;
;;;;;;;;;;;;;;;;;;;;;;;;;;;;;;;;;;;;
;;;;;;;;;;;;;;;;;;;;;;;;;;;;;;;;;;;;
;;;;;;;;;;;;;;;;;;;;;;;;;;;;;;;;;;;;
;;;;;;;;;;;;;;;;;;;;;;;;;;;;;;;;;;;;
;;;;;;;;;;;;;;;;;;;;;;;;;;;;;;;;;;;;
;;;;;;;;;;;;;;;;;;;;;;;;;;;;;;;;;;;;
;;;;;;;;;;;;;;;;;;;;;;;;;;;;;;;;;;;;
;;;;;;;;;;;;;;;;;;;;;;;;;;;;;;;;;;;;
;;;;;;;;;;;;;;;;;;;;;;;;;;;;;;;;;;;;
;;;;;;;;;;;;;;;;;;;;;;;;;;;;;;;;;;;;
;;;;;;;;;;;;;;;;;;;;;;;;;;;;;;;;;;;;
;;;;;;;;;;;;;;;;;;;;;;;;;;;;;;;;;;;;
;;;;;;;;;;;;;;;;;;;;;;;;;;;;;;;;;;;;
;;;;;;;;;;;;;;;;;;;;;;;;;;;;;;;;;;;;
;;;;;;;;;;;;;;;;;;;;;;;;;;;;;;;;;;;;
;;;;;;;;;;;;;;;;;;;;;;;;;;;;;;;;;;;;
;;;;;;;;;;;;;;;;;;;;;;;;;;;;;;;;;;;;
;;;;;;;;;;;;;;;;;;;;;;;;;;;;;;;;;;;;
;;;;;;;;;;;;;;;;;;;;;;;;;;;;;;;;;;;;
;;;;;;;;;;;;;;;;;;;;;;;;;;;;;;;;;;;;
;;;;;;;;;;;;;;;;;;;;;;;;;;;;;;;;;;;;
;;;;;;;;;;;;;;;;;;;;;;;;;;;;;;;;;;;;
;;;;;;;;;;;;;;;;;;;;;;;;;;;;;;;;;;;;
;;;;;;;;;;;;;;;;;;;;;;;;;;;;;;;;;;;;
;;;;;;;;;;;;;;;;;;;;;;;;;;;;;;;;;;;;
;;;;;;;;;;;;;;;;;;;;;;;;;;;;;;;;;;;;
;;;;;;;;;;;;;;;;;;;;;;;;;;;;;;;;;;;;
;;;;;;;;;;;;;;;;;;;;;;;;;;;;;;;;;;;;
;;;;;;;;;;;;;;;;;;;;;;;;;;;;;;;;;;;;
;;;;;;;;;;;;;;;;;;;;;;;;;;;;;;;;;;;;
;;;;;;;;;;;;;;;;;;;;;;;;;;;;;;;;;;;;
;;;;;;;;;;;;;;;;;;;;;;;;;;;;;;;;;;;;
;;;;;;;;;;;;;;;;;;;;;;;;;;;;;;;;;;;;
;;;;;;;;;;;;;;;;;;;;;;;;;;;;;;;;;;;;
;;;;;;;;;;;;;;;;;;;;;;;;;;;;;;;;;;;;
;;;;;;;;;;;;;;;;;;;;;;;;;;;;;;;;;;;;
;;;;;;;;;;;;;;;;;;;;;;;;;;;;;;;;;;;;
;;;;;;;;;;;;;;;;;;;;;;;;;;;;;;;;;;;;
;;;;;;;;;;;;;;;;;;;;;;;;;;;;;;;;;;;;
;;;;;;;;;;;;;;;;;;;;;;;;;;;;;;;;;;;;
;;;;;;;;;;;;;;;;;;;;;;;;;;;;;;;;;;;;
;;;;;;;;;;;;;;;;;;;;;;;;;;;;;;;;;;;;
;;;;;;;;;;;;;;;;;;;;;;;;;;;;;;;;;;;;
;;;;;;;;;;;;;;;;;;;;;;;;;;;;;;;;;;;;
;;;;;;;;;;;;;;;;;;;;;;;;;;;;;;;;;;;;
;;;;;;;;;;;;;;;;;;;;;;;;;;;;;;;;;;;;
;;;;;;;;;;;;;;;;;;;;;;;;;;;;;;;;;;;;
;;;;;;;;;;;;;;;;;;;;;;;;;;;;;;;;;;;;
;;;;;;;;;;;;;;;;;;;;;;;;;;;;;;;;;;;;
;;;;;;;;;;;;;;;;;;;;;;;;;;;;;;;;;;;;
;;;;;;;;;;;;;;;;;;;;;;;;;;;;;;;;;;;;
;;;;;;;;;;;;;;;;;;;;;;;;;;;;;;;;;;;;
;;;;;;;;;;;;;;;;;;;;;;;;;;;;;;;;;;;;
;;;;;;;;;;;;;;;;;;;;;;;;;;;;;;;;;;;;
;;;;;;;;;;;;;;;;;;;;;;;;;;;;;;;;;;;;
;;;;;;;;;;;;;;;;;;;;;;;;;;;;;;;;;;;;
;;;;;;;;;;;;;;;;;;;;;;;;;;;;;;;;;;;;
;;;;;;;;;;;;;;;;;;;;;;;;;;;;;;;;;;;;
;;;;;;;;;;;;;;;;;;;;;;;;;;;;;;;;;;;;
;;;;;;;;;;;;;;;;;;;;;;;;;;;;;;;;;;;;
;;;;;;;;;;;;;;;;;;;;;;;;;;;;;;;;;;;;
;;;;;;;;;;;;;;;;;;;;;;;;;;;;;;;;;;;;
;;;;;;;;;;;;;;;;;;;;;;;;;;;;;;;;;;;;
;;;;;;;;;;;;;;;;;;;;;;;;;;;;;;;;;;;;
;;;;;;;;;;;;;;;;;;;;;;;;;;;;;;;;;;;;
;;;;;;;;;;;;;;;;;;;;;;;;;;;;;;;;;;;;
;;;;;;;;;;;;;;;;;;;;;;;;;;;;;;;;;;;;
;;;;;;;;;;;;;;;;;;;;;;;;;;;;;;;;;;;;
;;;;;;;;;;;;;;;;;;;;;;;;;;;;;;;;;;;;
;;;;;;;;;;;;;;;;;;;;;;;;;;;;;;;;;;;;
;;;;;;;;;;;;;;;;;;;;;;;;;;;;;;;;;;;;
;;;;;;;;;;;;;;;;;;;;;;;;;;;;;;;;;;;;
;;;;;;;;;;;;;;;;;;;;;;;;;;;;;;;;;;;;
;;;;;;;;;;;;;;;;;;;;;;;;;;;;;;;;;;;;
;;;;;;;;;;;;;;;;;;;;;;;;;;;;;;;;;;;;
;;;;;;;;;;;;;;;;;;;;;;;;;;;;;;;;;;;;
;;;;;;;;;;;;;;;;;;;;;;;;;;;;;;;;;;;;
;;;;;;;;;;;;;;;;;;;;;;;;;;;;;;;;;;;;
;;;;;;;;;;;;;;;;;;;;;;;;;;;;;;;;;;;;
;;;;;;;;;;;;;;;;;;;;;;;;;;;;;;;;;;;;
;;;;;;;;;;;;;;;;;;;;;;;;;;;;;;;;;;;;
;;;;;;;;;;;;;;;;;;;;;;;;;;;;;;;;;;;;
;;;;;;;;;;;;;;;;;;;;;;;;;;;;;;;;;;;;
;;;;;;;;;;;;;;;;;;;;;;;;;;;;;;;;;;;;
;;;;;;;;;;;;;;;;;;;;;;;;;;;;;;;;;;;;
;;;;;;;;;;;;;;;;;;;;;;;;;;;;;;;;;;;;
;;;;;;;;;;;;;;;;;;;;;;;;;;;;;;;;;;;;
;;;;;;;;;;;;;;;;;;;;;;;;;;;;;;;;;;;;
;;;;;;;;;;;;;;;;;;;;;;;;;;;;;;;;;;;;
;;;;;;;;;;;;;;;;;;;;;;;;;;;;;;;;;;;;
;;;;;;;;;;;;;;;;;;;;;;;;;;;;;;;;;;;;
;;;;;;;;;;;;;;;;;;;;;;;;;;;;;;;;;;;;
;;;;;;;;;;;;;;;;;;;;;;;;;;;;;;;;;;;;
;;;;;;;;;;;;;;;;;;;;;;;;;;;;;;;;;;;;
;;;;;;;;;;;;;;;;;;;;;;;;;;;;;;;;;;;;
;;;;;;;;;;;;;;;;;;;;;;;;;;;;;;;;;;;;
;;;;;;;;;;;;;;;;;;;;;;;;;;;;;;;;;;;;
;;;;;;;;;;;;;;;;;;;;;;;;;;;;;;;;;;;;
;;;;;;;;;;;;;;;;;;;;;;;;;;;;;;;;;;;;
;;;;;;;;;;;;;;;;;;;;;;;;;;;;;;;;;;;;
;;;;;;;;;;;;;;;;;;;;;;;;;;;;;;;;;;;;
;;;;;;;;;;;;;;;;;;;;;;;;;;;;;;;;;;;;
;;;;;;;;;;;;;;;;;;;;;;;;;;;;;;;;;;;;
;;;;;;;;;;;;;;;;;;;;;;;;;;;;;;;;;;;;
;;;;;;;;;;;;;;;;;;;;;;;;;;;;;;;;;;;;
;;;;;;;;;;;;;;;;;;;;;;;;;;;;;;;;;;;;
;;;;;;;;;;;;;;;;;;;;;;;;;;;;;;;;;;;;
;;;;;;;;;;;;;;;;;;;;;;;;;;;;;;;;;;;;
;;;;;;;;;;;;;;;;;;;;;;;;;;;;;;;;;;;;
;;;;;;;;;;;;;;;;;;;;;;;;;;;;;;;;;;;;
;;;;;;;;;;;;;;;;;;;;;;;;;;;;;;;;;;;;
;;;;;;;;;;;;;;;;;;;;;;;;;;;;;;;;;;;;
;;;;;;;;;;;;;;;;;;;;;;;;;;;;;;;;;;;;
;;;;;;;;;;;;;;;;;;;;;;;;;;;;;;;;;;;;
;;;;;;;;;;;;;;;;;;;;;;;;;;;;;;;;;;;;
;;;;;;;;;;;;;;;;;;;;;;;;;;;;;;;;;;;;
;;;;;;;;;;;;;;;;;;;;;;;;;;;;;;;;;;;;
;;;;;;;;;;;;;;;;;;;;;;;;;;;;;;;;;;;;
;;;;;;;;;;;;;;;;;;;;;;;;;;;;;;;;;;;;
;;;;;;;;;;;;;;;;;;;;;;;;;;;;;;;;;;;;
;;;;;;;;;;;;;;;;;;;;;;;;;;;;;;;;;;;;
;;;;;;;;;;;;;;;;;;;;;;;;;;;;;;;;;;;;
;;;;;;;;;;;;;;;;;;;;;;;;;;;;;;;;;;;;
;;;;;;;;;;;;;;;;;;;;;;;;;;;;;;;;;;;;
;;;;;;;;;;;;;;;;;;;;;;;;;;;;;;;;;;;;
;;;;;;;;;;;;;;;;;;;;;;;;;;;;;;;;;;;;
;;;;;;;;;;;;;;;;;;;;;;;;;;;;;;;;;;;;
;;;;;;;;;;;;;;;;;;;;;;;;;;;;;;;;;;;;
;;;;;;;;;;;;;;;;;;;;;;;;;;;;;;;;;;;;
;;;;;;;;;;;;;;;;;;;;;;;;;;;;;;;;;;;;
;;;;;;;;;;;;;;;;;;;;;;;;;;;;;;;;;;;;
;;;;;;;;;;;;;;;;;;;;;;;;;;;;;;;;;;;;
;;;;;;;;;;;;;;;;;;;;;;;;;;;;;;;;;;;;
;;;;;;;;;;;;;;;;;;;;;;;;;;;;;;;;;;;;
;;;;;;;;;;;;;;;;;;;;;;;;;;;;;;;;;;;;
;;;;;;;;;;;;;;;;;;;;;;;;;;;;;;;;;;;;
;;;;;;;;;;;;;;;;;;;;;;;;;;;;;;;;;;;;
;;;;;;;;;;;;;;;;;;;;;;;;;;;;;;;;;;;;
;;;;;;;;;;;;;;;;;;;;;;;;;;;;;;;;;;;;
;;;;;;;;;;;;;;;;;;;;;;;;;;;;;;;;;;;;
;;;;;;;;;;;;;;;;;;;;;;;;;;;;;;;;;;;;
;;;;;;;;;;;;;;;;;;;;;;;;;;;;;;;;;;;;
;;;;;;;;;;;;;;;;;;;;;;;;;;;;;;;;;;;;
;;;;;;;;;;;;;;;;;;;;;;;;;;;;;;;;;;;;
;;;;;;;;;;;;;;;;;;;;;;;;;;;;;;;;;;;;
;;;;;;;;;;;;;;;;;;;;;;;;;;;;;;;;;;;;
;;;;;;;;;;;;;;;;;;;;;;;;;;;;;;;;;;;;
;;;;;;;;;;;;;;;;;;;;;;;;;;;;;;;;;;;;
;;;;;;;;;;;;;;;;;;;;;;;;;;;;;;;;;;;;
;;;;;;;;;;;;;;;;;;;;;;;;;;;;;;;;;;;;
;;;;;;;;;;;;;;;;;;;;;;;;;;;;;;;;;;;;
;;;;;;;;;;;;;;;;;;;;;;;;;;;;;;;;;;;;
;;;;;;;;;;;;;;;;;;;;;;;;;;;;;;;;;;;;
;;;;;;;;;;;;;;;;;;;;;;;;;;;;;;;;;;;;
;;;;;;;;;;;;;;;;;;;;;;;;;;;;;;;;;;;;
;;;;;;;;;;;;;;;;;;;;;;;;;;;;;;;;;;;;
;;;;;;;;;;;;;;;;;;;;;;;;;;;;;;;;;;;;
;;;;;;;;;;;;;;;;;;;;;;;;;;;;;;;;;;;;
;;;;;;;;;;;;;;;;;;;;;;;;;;;;;;;;;;;;
;;;;;;;;;;;;;;;;;;;;;;;;;;;;;;;;;;;;
;;;;;;;;;;;;;;;;;;;;;;;;;;;;;;;;;;;;
;;;;;;;;;;;;;;;;;;;;;;;;;;;;;;;;;;;;
;;;;;;;;;;;;;;;;;;;;;;;;;;;;;;;;;;;;
;;;;;;;;;;;;;;;;;;;;;;;;;;;;;;;;;;;;
;;;;;;;;;;;;;;;;;;;;;;;;;;;;;;;;;;;;
;;;;;;;;;;;;;;;;;;;;;;;;;;;;;;;;;;;;
;;;;;;;;;;;;;;;;;;;;;;;;;;;;;;;;;;;;
;;;;;;;;;;;;;;;;;;;;;;;;;;;;;;;;;;;;
;;;;;;;;;;;;;;;;;;;;;;;;;;;;;;;;;;;;
;;;;;;;;;;;;;;;;;;;;;;;;;;;;;;;;;;;;
;;;;;;;;;;;;;;;;;;;;;;;;;;;;;;;;;;;;
;;;;;;;;;;;;;;;;;;;;;;;;;;;;;;;;;;;;
;;;;;;;;;;;;;;;;;;;;;;;;;;;;;;;;;;;;
;;;;;;;;;;;;;;;;;;;;;;;;;;;;;;;;;;;;
;;;;;;;;;;;;;;;;;;;;;;;;;;;;;;;;;;;;
;;;;;;;;;;;;;;;;;;;;;;;;;;;;;;;;;;;;
;;;;;;;;;;;;;;;;;;;;;;;;;;;;;;;;;;;;
;;;;;;;;;;;;;;;;;;;;;;;;;;;;;;;;;;;;
;;;;;;;;;;;;;;;;;;;;;;;;;;;;;;;;;;;;
;;;;;;;;;;;;;;;;;;;;;;;;;;;;;;;;;;;;
;;;;;;;;;;;;;;;;;;;;;;;;;;;;;;;;;;;;
;;;;;;;;;;;;;;;;;;;;;;;;;;;;;;;;;;;;
;;;;;;;;;;;;;;;;;;;;;;;;;;;;;;;;;;;;
;;;;;;;;;;;;;;;;;;;;;;;;;;;;;;;;;;;;
;;;;;;;;;;;;;;;;;;;;;;;;;;;;;;;;;;;;
;;;;;;;;;;;;;;;;;;;;;;;;;;;;;;;;;;;;
;;;;;;;;;;;;;;;;;;;;;;;;;;;;;;;;;;;;
;;;;;;;;;;;;;;;;;;;;;;;;;;;;;;;;;;;;
;;;;;;;;;;;;;;;;;;;;;;;;;;;;;;;;;;;;
;;;;;;;;;;;;;;;;;;;;;;;;;;;;;;;;;;;;
;;;;;;;;;;;;;;;;;;;;;;;;;;;;;;;;;;;;
;;;;;;;;;;;;;;;;;;;;;;;;;;;;;;;;;;;;
;;;;;;;;;;;;;;;;;;;;;;;;;;;;;;;;;;;;
;;;;;;;;;;;;;;;;;;;;;;;;;;;;;;;;;;;;
;;;;;;;;;;;;;;;;;;;;;;;;;;;;;;;;;;;;
;;;;;;;;;;;;;;;;;;;;;;;;;;;;;;;;;;;;
;;;;;;;;;;;;;;;;;;;;;;;;;;;;;;;;;;;;
;;;;;;;;;;;;;;;;;;;;;;;;;;;;;;;;;;;;
;;;;;;;;;;;;;;;;;;;;;;;;;;;;;;;;;;;;
;;;;;;;;;;;;;;;;;;;;;;;;;;;;;;;;;;;;
;;;;;;;;;;;;;;;;;;;;;;;;;;;;;;;;;;;;
;;;;;;;;;;;;;;;;;;;;;;;;;;;;;;;;;;;;
;;;;;;;;;;;;;;;;;;;;;;;;;;;;;;;;;;;;
;;;;;;;;;;;;;;;;;;;;;;;;;;;;;;;;;;;;
;;;;;;;;;;;;;;;;;;;;;;;;;;;;;;;;;;;;
;;;;;;;;;;;;;;;;;;;;;;;;;;;;;;;;;;;;
;;;;;;;;;;;;;;;;;;;;;;;;;;;;;;;;;;;;
;;;;;;;;;;;;;;;;;;;;;;;;;;;;;;;;;;;;
;;;;;;;;;;;;;;;;;;;;;;;;;;;;;;;;;;;;
;;;;;;;;;;;;;;;;;;;;;;;;;;;;;;;;;;;;
;;;;;;;;;;;;;;;;;;;;;;;;;;;;;;;;;;;;
;;;;;;;;;;;;;;;;;;;;;;;;;;;;;;;;;;;;
;;;;;;;;;;;;;;;;;;;;;;;;;;;;;;;;;;;;
;;;;;;;;;;;;;;;;;;;;;;;;;;;;;;;;;;;;
;;;;;;;;;;;;;;;;;;;;;;;;;;;;;;;;;;;;
;;;;;;;;;;;;;;;;;;;;;;;;;;;;;;;;;;;;
;;;;;;;;;;;;;;;;;;;;;;;;;;;;;;;;;;;;
;;;;;;;;;;;;;;;;;;;;;;;;;;;;;;;;;;;;
;;;;;;;;;;;;;;;;;;;;;;;;;;;;;;;;;;;;
;;;;;;;;;;;;;;;;;;;;;;;;;;;;;;;;;;;;
;;;;;;;;;;;;;;;;;;;;;;;;;;;;;;;;;;;;
;;;;;;;;;;;;;;;;;;;;;;;;;;;;;;;;;;;;
;;;;;;;;;;;;;;;;;;;;;;;;;;;;;;;;;;;;
;;;;;;;;;;;;;;;;;;;;;;;;;;;;;;;;;;;;
;;;;;;;;;;;;;;;;;;;;;;;;;;;;;;;;;;;;
;;;;;;;;;;;;;;;;;;;;;;;;;;;;;;;;;;;;
;;;;;;;;;;;;;;;;;;;;;;;;;;;;;;;;;;;;
;;;;;;;;;;;;;;;;;;;;;;;;;;;;;;;;;;;;
;;;;;;;;;;;;;;;;;;;;;;;;;;;;;;;;;;;;
;;;;;;;;;;;;;;;;;;;;;;;;;;;;;;;;;;;;
;;;;;;;;;;;;;;;;;;;;;;;;;;;;;;;;;;;;
;;;;;;;;;;;;;;;;;;;;;;;;;;;;;;;;;;;;
;;;;;;;;;;;;;;;;;;;;;;;;;;;;;;;;;;;;
;;;;;;;;;;;;;;;;;;;;;;;;;;;;;;;;;;;;
;;;;;;;;;;;;;;;;;;;;;;;;;;;;;;;;;;;;
;;;;;;;;;;;;;;;;;;;;;;;;;;;;;;;;;;;;
;;;;;;;;;;;;;;;;;;;;;;;;;;;;;;;;;;;;
;;;;;;;;;;;;;;;;;;;;;;;;;;;;;;;;;;;;
;;;;;;;;;;;;;;;;;;;;;;;;;;;;;;;;;;;;
;;;;;;;;;;;;;;;;;;;;;;;;;;;;;;;;;;;;
;;;;;;;;;;;;;;;;;;;;;;;;;;;;;;;;;;;;
;;;;;;;;;;;;;;;;;;;;;;;;;;;;;;;;;;;;
;;;;;;;;;;;;;;;;;;;;;;;;;;;;;;;;;;;;
;;;;;;;;;;;;;;;;;;;;;;;;;;;;;;;;;;;;
;;;;;;;;;;;;;;;;;;;;;;;;;;;;;;;;;;;;
;;;;;;;;;;;;;;;;;;;;;;;;;;;;;;;;;;;;
;;;;;;;;;;;;;;;;;;;;;;;;;;;;;;;;;;;;
;;;;;;;;;;;;;;;;;;;;;;;;;;;;;;;;;;;;
;;;;;;;;;;;;;;;;;;;;;;;;;;;;;;;;;;;;
;;;;;;;;;;;;;;;;;;;;;;;;;;;;;;;;;;;;
;;;;;;;;;;;;;;;;;;;;;;;;;;;;;;;;;;;;
;;;;;;;;;;;;;;;;;;;;;;;;;;;;;;;;;;;;
;;;;;;;;;;;;;;;;;;;;;;;;;;;;;;;;;;;;
;;;;;;;;;;;;;;;;;;;;;;;;;;;;;;;;;;;;
;;;;;;;;;;;;;;;;;;;;;;;;;;;;;;;;;;;;
;;;;;;;;;;;;;;;;;;;;;;;;;;;;;;;;;;;;
;;;;;;;;;;;;;;;;;;;;;;;;;;;;;;;;;;;;
;;;;;;;;;;;;;;;;;;;;;;;;;;;;;;;;;;;;
;;;;;;;;;;;;;;;;;;;;;;;;;;;;;;;;;;;;
;;;;;;;;;;;;;;;;;;;;;;;;;;;;;;;;;;;;
;;;;;;;;;;;;;;;;;;;;;;;;;;;;;;;;;;;;
;;;;;;;;;;;;;;;;;;;;;;;;;;;;;;;;;;;;
;;;;;;;;;;;;;;;;;;;;;;;;;;;;;;;;;;;;
;;;;;;;;;;;;;;;;;;;;;;;;;;;;;;;;;;;;
;;;;;;;;;;;;;;;;;;;;;;;;;;;;;;;;;;;;
;;;;;;;;;;;;;;;;;;;;;;;;;;;;;;;;;;;;
;;;;;;;;;;;;;;;;;;;;;;;;;;;;;;;;;;;;
;;;;;;;;;;;;;;;;;;;;;;;;;;;;;;;;;;;;
;;;;;;;;;;;;;;;;;;;;;;;;;;;;;;;;;;;;
;;;;;;;;;;;;;;;;;;;;;;;;;;;;;;;;;;;;
;;;;;;;;;;;;;;;;;;;;;;;;;;;;;;;;;;;;
;;;;;;;;;;;;;;;;;;;;;;;;;;;;;;;;;;;;
;;;;;;;;;;;;;;;;;;;;;;;;;;;;;;;;;;;;
;;;;;;;;;;;;;;;;;;;;;;;;;;;;;;;;;;;;
;;;;;;;;;;;;;;;;;;;;;;;;;;;;;;;;;;;;
;;;;;;;;;;;;;;;;;;;;;;;;;;;;;;;;;;;;
;;;;;;;;;;;;;;;;;;;;;;;;;;;;;;;;;;;;
;;;;;;;;;;;;;;;;;;;;;;;;;;;;;;;;;;;;
;;;;;;;;;;;;;;;;;;;;;;;;;;;;;;;;;;;;
;;;;;;;;;;;;;;;;;;;;;;;;;;;;;;;;;;;;
;;;;;;;;;;;;;;;;;;;;;;;;;;;;;;;;;;;;
;;;;;;;;;;;;;;;;;;;;;;;;;;;;;;;;;;;;
;;;;;;;;;;;;;;;;;;;;;;;;;;;;;;;;;;;;
;;;;;;;;;;;;;;;;;;;;;;;;;;;;;;;;;;;;
;;;;;;;;;;;;;;;;;;;;;;;;;;;;;;;;;;;;
;;;;;;;;;;;;;;;;;;;;;;;;;;;;;;;;;;;;
;;;;;;;;;;;;;;;;;;;;;;;;;;;;;;;;;;;;
;;;;;;;;;;;;;;;;;;;;;;;;;;;;;;;;;;;;
;;;;;;;;;;;;;;;;;;;;;;;;;;;;;;;;;;;;
;;;;;;;;;;;;;;;;;;;;;;;;;;;;;;;;;;;;
;;;;;;;;;;;;;;;;;;;;;;;;;;;;;;;;;;;;
;;;;;;;;;;;;;;;;;;;;;;;;;;;;;;;;;;;;
;;;;;;;;;;;;;;;;;;;;;;;;;;;;;;;;;;;;
;;;;;;;;;;;;;;;;;;;;;;;;;;;;;;;;;;;;
;;;;;;;;;;;;;;;;;;;;;;;;;;;;;;;;;;;;
;;;;;;;;;;;;;;;;;;;;;;;;;;;;;;;;;;;;
;;;;;;;;;;;;;;;;;;;;;;;;;;;;;;;;;;;;
;;;;;;;;;;;;;;;;;;;;;;;;;;;;;;;;;;;;
;;;;;;;;;;;;;;;;;;;;;;;;;;;;;;;;;;;;
;;;;;;;;;;;;;;;;;;;;;;;;;;;;;;;;;;;;
;;;;;;;;;;;;;;;;;;;;;;;;;;;;;;;;;;;;
;;;;;;;;;;;;;;;;;;;;;;;;;;;;;;;;;;;;
;;;;;;;;;;;;;;;;;;;;;;;;;;;;;;;;;;;;
;;;;;;;;;;;;;;;;;;;;;;;;;;;;;;;;;;;;
;;;;;;;;;;;;;;;;;;;;;;;;;;;;;;;;;;;;
;;;;;;;;;;;;;;;;;;;;;;;;;;;;;;;;;;;;
;;;;;;;;;;;;;;;;;;;;;;;;;;;;;;;;;;;;
;;;;;;;;;;;;;;;;;;;;;;;;;;;;;;;;;;;;
;;;;;;;;;;;;;;;;;;;;;;;;;;;;;;;;;;;;
;;;;;;;;;;;;;;;;;;;;;;;;;;;;;;;;;;;;
;;;;;;;;;;;;;;;;;;;;;;;;;;;;;;;;;;;;
;;;;;;;;;;;;;;;;;;;;;;;;;;;;;;;;;;;;
;;;;;;;;;;;;;;;;;;;;;;;;;;;;;;;;;;;;
;;;;;;;;;;;;;;;;;;;;;;;;;;;;;;;;;;;;
;;;;;;;;;;;;;;;;;;;;;;;;;;;;;;;;;;;;
;;;;;;;;;;;;;;;;;;;;;;;;;;;;;;;;;;;;
;;;;;;;;;;;;;;;;;;;;;;;;;;;;;;;;;;;;
;;;;;;;;;;;;;;;;;;;;;;;;;;;;;;;;;;;;
;;;;;;;;;;;;;;;;;;;;;;;;;;;;;;;;;;;;
;;;;;;;;;;;;;;;;;;;;;;;;;;;;;;;;;;;;
;;;;;;;;;;;;;;;;;;;;;;;;;;;;;;;;;;;;
;;;;;;;;;;;;;;;;;;;;;;;;;;;;;;;;;;;;
;;;;;;;;;;;;;;;;;;;;;;;;;;;;;;;;;;;;
;;;;;;;;;;;;;;;;;;;;;;;;;;;;;;;;;;;;
;;;;;;;;;;;;;;;;;;;;;;;;;;;;;;;;;;;;
;;;;;;;;;;;;;;;;;;;;;;;;;;;;;;;;;;;;
;;;;;;;;;;;;;;;;;;;;;;;;;;;;;;;;;;;;
;;;;;;;;;;;;;;;;;;;;;;;;;;;;;;;;;;;;
;;;;;;;;;;;;;;;;;;;;;;;;;;;;;;;;;;;;
;;;;;;;;;;;;;;;;;;;;;;;;;;;;;;;;;;;;
;;;;;;;;;;;;;;;;;;;;;;;;;;;;;;;;;;;;
;;;;;;;;;;;;;;;;;;;;;;;;;;;;;;;;;;;;
;;;;;;;;;;;;;;;;;;;;;;;;;;;;;;;;;;;;
;;;;;;;;;;;;;;;;;;;;;;;;;;;;;;;;;;;;
;;;;;;;;;;;;;;;;;;;;;;;;;;;;;;;;;;;;
;;;;;;;;;;;;;;;;;;;;;;;;;;;;;;;;;;;;
;;;;;;;;;;;;;;;;;;;;;;;;;;;;;;;;;;;;
;;;;;;;;;;;;;;;;;;;;;;;;;;;;;;;;;;;;
;;;;;;;;;;;;;;;;;;;;;;;;;;;;;;;;;;;;
;;;;;;;;;;;;;;;;;;;;;;;;;;;;;;;;;;;;
;;;;;;;;;;;;;;;;;;;;;;;;;;;;;;;;;;;;
;;;;;;;;;;;;;;;;;;;;;;;;;;;;;;;;;;;;
;;;;;;;;;;;;;;;;;;;;;;;;;;;;;;;;;;;;
;;;;;;;;;;;;;;;;;;;;;;;;;;;;;;;;;;;;
;;;;;;;;;;;;;;;;;;;;;;;;;;;;;;;;;;;;
;;;;;;;;;;;;;;;;;;;;;;;;;;;;;;;;;;;;
;;;;;;;;;;;;;;;;;;;;;;;;;;;;;;;;;;;;
;;;;;;;;;;;;;;;;;;;;;;;;;;;;;;;;;;;;
;;;;;;;;;;;;;;;;;;;;;;;;;;;;;;;;;;;;
;;;;;;;;;;;;;;;;;;;;;;;;;;;;;;;;;;;;
;;;;;;;;;;;;;;;;;;;;;;;;;;;;;;;;;;;;
;;;;;;;;;;;;;;;;;;;;;;;;;;;;;;;;;;;;
;;;;;;;;;;;;;;;;;;;;;;;;;;;;;;;;;;;;
;;;;;;;;;;;;;;;;;;;;;;;;;;;;;;;;;;;;
;;;;;;;;;;;;;;;;;;;;;;;;;;;;;;;;;;;;
;;;;;;;;;;;;;;;;;;;;;;;;;;;;;;;;;;;;
;;;;;;;;;;;;;;;;;;;;;;;;;;;;;;;;;;;;
;;;;;;;;;;;;;;;;;;;;;;;;;;;;;;;;;;;;
;;;;;;;;;;;;;;;;;;;;;;;;;;;;;;;;;;;;
;;;;;;;;;;;;;;;;;;;;;;;;;;;;;;;;;;;;
;;;;;;;;;;;;;;;;;;;;;;;;;;;;;;;;;;;;
;;;;;;;;;;;;;;;;;;;;;;;;;;;;;;;;;;;;
;;;;;;;;;;;;;;;;;;;;;;;;;;;;;;;;;;;;
;;;;;;;;;;;;;;;;;;;;;;;;;;;;;;;;;;;;
;;;;;;;;;;;;;;;;;;;;;;;;;;;;;;;;;;;;
;;;;;;;;;;;;;;;;;;;;;;;;;;;;;;;;;;;;
;;;;;;;;;;;;;;;;;;;;;;;;;;;;;;;;;;;;
;;;;;;;;;;;;;;;;;;;;;;;;;;;;;;;;;;;;
;;;;;;;;;;;;;;;;;;;;;;;;;;;;;;;;;;;;
;;;;;;;;;;;;;;;;;;;;;;;;;;;;;;;;;;;;
;;;;;;;;;;;;;;;;;;;;;;;;;;;;;;;;;;;;
;;;;;;;;;;;;;;;;;;;;;;;;;;;;;;;;;;;;
;;;;;;;;;;;;;;;;;;;;;;;;;;;;;;;;;;;;
;;;;;;;;;;;;;;;;;;;;;;;;;;;;;;;;;;;;
;;;;;;;;;;;;;;;;;;;;;;;;;;;;;;;;;;;;
;;;;;;;;;;;;;;;;;;;;;;;;;;;;;;;;;;;;
;;;;;;;;;;;;;;;;;;;;;;;;;;;;;;;;;;;;
;;;;;;;;;;;;;;;;;;;;;;;;;;;;;;;;;;;;
;;;;;;;;;;;;;;;;;;;;;;;;;;;;;;;;;;;;
;;;;;;;;;;;;;;;;;;;;;;;;;;;;;;;;;;;;
;;;;;;;;;;;;;;;;;;;;;;;;;;;;;;;;;;;;
;;;;;;;;;;;;;;;;;;;;;;;;;;;;;;;;;;;;
;;;;;;;;;;;;;;;;;;;;;;;;;;;;;;;;;;;;
;;;;;;;;;;;;;;;;;;;;;;;;;;;;;;;;;;;;
;;;;;;;;;;;;;;;;;;;;;;;;;;;;;;;;;;;;
;;;;;;;;;;;;;;;;;;;;;;;;;;;;;;;;;;;;
;;;;;;;;;;;;;;;;;;;;;;;;;;;;;;;;;;;;
;;;;;;;;;;;;;;;;;;;;;;;;;;;;;;;;;;;;
;;;;;;;;;;;;;;;;;;;;;;;;;;;;;;;;;;;;
;;;;;;;;;;;;;;;;;;;;;;;;;;;;;;;;;;;;
;;;;;;;;;;;;;;;;;;;;;;;;;;;;;;;;;;;;
;;;;;;;;;;;;;;;;;;;;;;;;;;;;;;;;;;;;
;;;;;;;;;;;;;;;;;;;;;;;;;;;;;;;;;;;;
;;;;;;;;;;;;;;;;;;;;;;;;;;;;;;;;;;;;
;;;;;;;;;;;;;;;;;;;;;;;;;;;;;;;;;;;;
;;;;;;;;;;;;;;;;;;;;;;;;;;;;;;;;;;;;
;;;;;;;;;;;;;;;;;;;;;;;;;;;;;;;;;;;;
;;;;;;;;;;;;;;;;;;;;;;;;;;;;;;;;;;;;
;;;;;;;;;;;;;;;;;;;;;;;;;;;;;;;;;;;;
;;;;;;;;;;;;;;;;;;;;;;;;;;;;;;;;;;;;
;;;;;;;;;;;;;;;;;;;;;;;;;;;;;;;;;;;;
;;;;;;;;;;;;;;;;;;;;;;;;;;;;;;;;;;;;
;;;;;;;;;;;;;;;;;;;;;;;;;;;;;;;;;;;;
;;;;;;;;;;;;;;;;;;;;;;;;;;;;;;;;;;;;
;;;;;;;;;;;;;;;;;;;;;;;;;;;;;;;;;;;;
;;;;;;;;;;;;;;;;;;;;;;;;;;;;;;;;;;;;
;;;;;;;;;;;;;;;;;;;;;;;;;;;;;;;;;;;;
;;;;;;;;;;;;;;;;;;;;;;;;;;;;;;;;;;;;
;;;;;;;;;;;;;;;;;;;;;;;;;;;;;;;;;;;;
;;;;;;;;;;;;;;;;;;;;;;;;;;;;;;;;;;;;
;;;;;;;;;;;;;;;;;;;;;;;;;;;;;;;;;;;;
;;;;;;;;;;;;;;;;;;;;;;;;;;;;;;;;;;;;
;;;;;;;;;;;;;;;;;;;;;;;;;;;;;;;;;;;;
;;;;;;;;;;;;;;;;;;;;;;;;;;;;;;;;;;;;
;;;;;;;;;;;;;;;;;;;;;;;;;;;;;;;;;;;;
;;;;;;;;;;;;;;;;;;;;;;;;;;;;;;;;;;;;
;;;;;;;;;;;;;;;;;;;;;;;;;;;;;;;;;;;;
;;;;;;;;;;;;;;;;;;;;;;;;;;;;;;;;;;;;
;;;;;;;;;;;;;;;;;;;;;;;;;;;;;;;;;;;;
;;;;;;;;;;;;;;;;;;;;;;;;;;;;;;;;;;;;
;;;;;;;;;;;;;;;;;;;;;;;;;;;;;;;;;;;;
;;;;;;;;;;;;;;;;;;;;;;;;;;;;;;;;;;;;
;;;;;;;;;;;;;;;;;;;;;;;;;;;;;;;;;;;;
;;;;;;;;;;;;;;;;;;;;;;;;;;;;;;;;;;;;
;;;;;;;;;;;;;;;;;;;;;;;;;;;;;;;;;;;;
;;;;;;;;;;;;;;;;;;;;;;;;;;;;;;;;;;;;
;;;;;;;;;;;;;;;;;;;;;;;;;;;;;;;;;;;;
;;;;;;;;;;;;;;;;;;;;;;;;;;;;;;;;;;;;
;;;;;;;;;;;;;;;;;;;;;;;;;;;;;;;;;;;;
;;;;;;;;;;;;;;;;;;;;;;;;;;;;;;;;;;;;
;;;;;;;;;;;;;;;;;;;;;;;;;;;;;;;;;;;;
;;;;;;;;;;;;;;;;;;;;;;;;;;;;;;;;;;;;
;;;;;;;;;;;;;;;;;;;;;;;;;;;;;;;;;;;;
;;;;;;;;;;;;;;;;;;;;;;;;;;;;;;;;;;;;
;;;;;;;;;;;;;;;;;;;;;;;;;;;;;;;;;;;;
;;;;;;;;;;;;;;;;;;;;;;;;;;;;;;;;;;;;
;;;;;;;;;;;;;;;;;;;;;;;;;;;;;;;;;;;;
;;;;;;;;;;;;;;;;;;;;;;;;;;;;;;;;;;;;
;;;;;;;;;;;;;;;;;;;;;;;;;;;;;;;;;;;;
;;;;;;;;;;;;;;;;;;;;;;;;;;;;;;;;;;;;
;;;;;;;;;;;;;;;;;;;;;;;;;;;;;;;;;;;;
;;;;;;;;;;;;;;;;;;;;;;;;;;;;;;;;;;;;
;;;;;;;;;;;;;;;;;;;;;;;;;;;;;;;;;;;;
;;;;;;;;;;;;;;;;;;;;;;;;;;;;;;;;;;;;
;;;;;;;;;;;;;;;;;;;;;;;;;;;;;;;;;;;;
;;;;;;;;;;;;;;;;;;;;;;;;;;;;;;;;;;;;
;;;;;;;;;;;;;;;;;;;;;;;;;;;;;;;;;;;;
;;;;;;;;;;;;;;;;;;;;;;;;;;;;;;;;;;;;
;;;;;;;;;;;;;;;;;;;;;;;;;;;;;;;;;;;;
;;;;;;;;;;;;;;;;;;;;;;;;;;;;;;;;;;;;
;;;;;;;;;;;;;;;;;;;;;;;;;;;;;;;;;;;;
;;;;;;;;;;;;;;;;;;;;;;;;;;;;;;;;;;;;
;;;;;;;;;;;;;;;;;;;;;;;;;;;;;;;;;;;;
;;;;;;;;;;;;;;;;;;;;;;;;;;;;;;;;;;;;
;;;;;;;;;;;;;;;;;;;;;;;;;;;;;;;;;;;;
;;;;;;;;;;;;;;;;;;;;;;;;;;;;;;;;;;;;
;;;;;;;;;;;;;;;;;;;;;;;;;;;;;;;;;;;;
;;;;;;;;;;;;;;;;;;;;;;;;;;;;;;;;;;;;
;;;;;;;;;;;;;;;;;;;;;;;;;;;;;;;;;;;;
;;;;;;;;;;;;;;;;;;;;;;;;;;;;;;;;;;;;
;;;;;;;;;;;;;;;;;;;;;;;;;;;;;;;;;;;;
;;;;;;;;;;;;;;;;;;;;;;;;;;;;;;;;;;;;
;;;;;;;;;;;;;;;;;;;;;;;;;;;;;;;;;;;;
;;;;;;;;;;;;;;;;;;;;;;;;;;;;;;;;;;;;
;;;;;;;;;;;;;;;;;;;;;;;;;;;;;;;;;;;;
;;;;;;;;;;;;;;;;;;;;;;;;;;;;;;;;;;;;
;;;;;;;;;;;;;;;;;;;;;;;;;;;;;;;;;;;;
;;;;;;;;;;;;;;;;;;;;;;;;;;;;;;;;;;;;
;;;;;;;;;;;;;;;;;;;;;;;;;;;;;;;;;;;;
;;;;;;;;;;;;;;;;;;;;;;;;;;;;;;;;;;;;
;;;;;;;;;;;;;;;;;;;;;;;;;;;;;;;;;;;;
;;;;;;;;;;;;;;;;;;;;;;;;;;;;;;;;;;;;
;;;;;;;;;;;;;;;;;;;;;;;;;;;;;;;;;;;;
;;;;;;;;;;;;;;;;;;;;;;;;;;;;;;;;;;;;
;;;;;;;;;;;;;;;;;;;;;;;;;;;;;;;;;;;;
;;;;;;;;;;;;;;;;;;;;;;;;;;;;;;;;;;;;
;;;;;;;;;;;;;;;;;;;;;;;;;;;;;;;;;;;;
;;;;;;;;;;;;;;;;;;;;;;;;;;;;;;;;;;;;
;;;;;;;;;;;;;;;;;;;;;;;;;;;;;;;;;;;;
;;;;;;;;;;;;;;;;;;;;;;;;;;;;;;;;;;;;
;;;;;;;;;;;;;;;;;;;;;;;;;;;;;;;;;;;;
;;;;;;;;;;;;;;;;;;;;;;;;;;;;;;;;;;;;
;;;;;;;;;;;;;;;;;;;;;;;;;;;;;;;;;;;;
;;;;;;;;;;;;;;;;;;;;;;;;;;;;;;;;;;;;
;;;;;;;;;;;;;;;;;;;;;;;;;;;;;;;;;;;;
;;;;;;;;;;;;;;;;;;;;;;;;;;;;;;;;;;;;
;;;;;;;;;;;;;;;;;;;;;;;;;;;;;;;;;;;;
;;;;;;;;;;;;;;;;;;;;;;;;;;;;;;;;;;;;
;;;;;;;;;;;;;;;;;;;;;;;;;;;;;;;;;;;;
;;;;;;;;;;;;;;;;;;;;;;;;;;;;;;;;;;;;
;;;;;;;;;;;;;;;;;;;;;;;;;;;;;;;;;;;;
;;;;;;;;;;;;;;;;;;;;;;;;;;;;;;;;;;;;
;;;;;;;;;;;;;;;;;;;;;;;;;;;;;;;;;;;;
;;;;;;;;;;;;;;;;;;;;;;;;;;;;;;;;;;;;
;;;;;;;;;;;;;;;;;;;;;;;;;;;;;;;;;;;;
;;;;;;;;;;;;;;;;;;;;;;;;;;;;;;;;;;;;
;;;;;;;;;;;;;;;;;;;;;;;;;;;;;;;;;;;;
;;;;;;;;;;;;;;;;;;;;;;;;;;;;;;;;;;;;
;;;;;;;;;;;;;;;;;;;;;;;;;;;;;;;;;;;;
;;;;;;;;;;;;;;;;;;;;;;;;;;;;;;;;;;;;
;;;;;;;;;;;;;;;;;;;;;;;;;;;;;;;;;;;;
;;;;;;;;;;;;;;;;;;;;;;;;;;;;;;;;;;;;
;;;;;;;;;;;;;;;;;;;;;;;;;;;;;;;;;;;;
;;;;;;;;;;;;;;;;;;;;;;;;;;;;;;;;;;;;
;;;;;;;;;;;;;;;;;;;;;;;;;;;;;;;;;;;;
;;;;;;;;;;;;;;;;;;;;;;;;;;;;;;;;;;;;
