CST-IBS/CBS;Descriá∆o CST-IBS/CBS;cClassTrib;Nome cClassTrib;Descriá∆o cClassTrib;LC Redaá∆o;LC 214/25;Tipo de Al°quota;pRedIBS;pRedCBS;ind_gTribRegular;ind_gCredPresOper;ind_gMonoPadrao;ind_gMonoReten;ind_gMonoRet;ind_gMonoDif;ind_gEstornoCred;dIniVig;dFimVig;DataAtualizaá∆o;indNFeABI;indNFe;indNFCe;indCTe;indCTeOS;indBPe;indBPeTA;indBPeTM;indNF3e;indNFSe;indNFSe Via;indNFCom;indNFAg;indNFGas;indDERE;ANEXO;Link
000;Tributaá∆o integral;000001;Situaá‰es tributadas integralmente pelo IBS e CBS.;Situaá‰es tributadas integralmente pelo IBS e CBS.;;;Padr∆o;0;0;0;0;0;0;0;0;0;01/01/2026;;19/11/2025;0;1;1;1;1;1;1;1;1;1;0;1;1;1;0;;https://www.planalto.gov.br/ccivil_03/leis/lcp/lcp214.htm#art4
000;Tributaá∆o integral;000002;Exploraá∆o de via;Exploraá∆o de via, observado o art. 11 da Lei Complementar nß 214, de 2025.;"Art. 11. Considera-se local da operaá∆o com:
VIII - serviáo de exploraá∆o de via, mediante cobranáa de valor a qualquer t°tulo, incluindo tarifas, ped†gios e quaisquer outras formas de cobranáa, o territ¢rio de cada Munic°pio e Estado, ou do Distrito Federal, proporcionalmente Ö correspondente extens∆o da via explorada";Art. 11, VIII;Padr∆o;0;0;0;0;0;0;0;0;0;01/01/2026;;19/11/2025;0;0;0;0;0;0;0;0;0;0;1;0;0;0;0;;https://www.planalto.gov.br/ccivil_03/leis/lcp/lcp214.htm#art11
000;Tributaá∆o integral;000003;Regime automotivo - projetos incentivados (art. 311);Regime automotivo - projetos incentivados, observado o art. 311 da Lei Complementar nß 214, de 2025.;Art. 311. Em relaá∆o aos projetos habilitados Ö fruiá∆o dos benef°cios estabelecidos pelo art. 11-C da Lei nß 9.440, de 14 de maráo de 1997, o crÇdito presumido de que trata o art. 309 desta Lei Complementar ser† calculado mediante a aplicaá∆o dos seguintes percentuais sobre o valor das vendas no mercado interno, em cada màs, dos produtos constantes nos projetos de que trata o art. 309, fabricados ou montados nos estabelecimentos incentivados:;Art. 311;Padr∆o;0;0;0;1;0;0;0;0;0;01/01/2026;;19/05/2025;0;1;0;0;0;0;0;0;0;0;0;0;0;0;0;;https://www.planalto.gov.br/ccivil_03/leis/lcp/lcp214.htm#art311
000;Tributaá∆o integral;000004;Regime automotivo - projetos incentivados (art. 312);Regime automotivo - projetos incentivados, observado o art. 312 da Lei Complementar nß 214, de 2025.;Art. 312. Em relaá∆o aos projetos habilitados Ö fruiá∆o dos benef°cios estabelecidos pelos arts. 1ß a 4ß da Lei nß 9.826, de 23 de agosto de 1999, o crÇdito presumido de que trata o art. 309 desta Lei Complementar corresponder† ao produto da multiplicaá∆o dos seguintes fatores:;Art. 312;Padr∆o;0;0;0;1;0;0;0;0;0;01/01/2026;;19/05/2025;0;1;0;0;0;0;0;0;0;0;0;0;0;0;0;;https://www.planalto.gov.br/ccivil_03/leis/lcp/lcp214.htm#art312
010;Tributaá∆o com al°quotas uniformes - operaá‰es do FGTS;010001;Operaá‰es do FGTS n∆o realizadas pela Caixa Econìmica Federal;Operaá‰es do FGTS n∆o realizadas pela Caixa Econìmica Federal, observado o art. 212 da Lei Complementar nß 214, de 2025.;"Art. 212. As operaá‰es relacionadas ao Fundo de Garantia do Tempo de Serviáo (FGTS) ficam sujeitas Ö incidància do IBS e da CBS, por al°quota nacionalmente uniforme, a ser fixada de modo a manter a carga tribut†ria incidente sobre essas operaá‰es.
 ı 3ß Ficam sujeitas:
 II - Ös al°quotas necess†rias para manter a carga tribut†ria, as operaá‰es previstas nos incisos II e III do ı 2ß deste artigo.";Art. 212;Uniforme setorial;0;0;0;0;0;0;0;0;0;01/01/2026;;19/05/2025;0;0;0;0;0;0;0;0;0;1;0;0;0;0;1;;https://www.planalto.gov.br/ccivil_03/leis/lcp/lcp214.htm#art212
010;Tributaá∆o com al°quotas uniformes - operaá‰es setor financeiro;010002;Operaá‰es do serviáo financeiro;Operaá‰es do serviáo financeiro;Art. 233. De 2027 a 2033, as al°quotas do IBS e da CBS incidentes sobre os serviáos financeiros de que trata o art. 189 desta Lei Complementar ser∆o fixadas de modo a manter a carga tribut†ria incidente sobre as operaá‰es de crÇdito das instituiá‰es financeiras banc†rias.;Art. 233;Uniforme setorial;0;0;0;0;0;0;0;0;0;01/01/2026;;19/11/2025;0;0;0;0;0;0;0;0;0;1;0;0;0;0;1;;https://www.planalto.gov.br/ccivil_03/leis/lcp/lcp214.htm#art233
011;Tributaá∆o com al°quotas uniformes reduzidas em 60%;011001;Planos de assistància funer†ria.;Planos de assistància funer†ria, observado o art. 236 da Lei Complementar nß 214, de 2025.;Art. 236. Os planos de assistància funer†ria ficam sujeitos ao disposto nos arts. 234 a 242 desta Lei Complementar.;Art. 236;Uniforme nacional (referància);60;60;0;0;0;0;0;0;0;01/01/2026;;19/05/2025;0;0;0;0;0;0;0;0;0;0;0;0;0;0;1;;https://www.planalto.gov.br/ccivil_03/leis/lcp/lcp214.htm#art236
011;Tributaá∆o com al°quotas uniformes reduzidas em 60%;011002;Planos de assistància Ö sa£de;Planos de assistància Ö sa£de, observado o art. 237 da Lei Complementar nß 214, de 2025.;Art. 237. As al°quotas de IBS e de CBS no regime espec°fico de planos de assistància Ö sa£de s∆o nacionalmente uniformes e correspondem Ös al°quotas de referància de cada esfera federativa, reduzidas em 60% (sessenta por cento).;Art. 237;Uniforme nacional (referància);60;60;0;0;0;0;0;0;0;01/01/2026;;19/05/2025;0;0;0;0;0;0;0;0;0;0;0;0;0;0;1;;https://www.planalto.gov.br/ccivil_03/leis/lcp/lcp214.htm#art237
011;Tributaá∆o com al°quotas uniformes reduzidas em 60%;011003;Intermediaá∆o de planos de assistància Ö sa£de;Intermediaá∆o de planos de assistància Ö sa£de, observado o art. 240 da Lei Complementar nß 214, de 2025.;Art. 240. Os serviáos de intermediaá∆o de planos de assistància Ö sa£de ficam sujeitos Ö incidància do IBS e da CBS sobre o valor da operaá∆o pela mesma al°quota aplic†vel ao plano de assistància Ö sa£de.;Art. 240;Uniforme nacional (referància);60;60;0;0;0;0;0;0;0;01/01/2026;;19/05/2025;0;0;0;0;0;0;0;0;0;1;0;0;0;0;0;;https://www.planalto.gov.br/ccivil_03/leis/lcp/lcp214.htm#art240
011;Tributaá∆o com al°quotas uniformes;011004;Concursos e progn¢sticos;Concursos e progn¢sticos, observado o art. 246 da Lei Complementar nß 214, de 2025.;Art. 246. As al°quotas do IBS e da CBS sobre concursos de progn¢sticos s∆o nacionalmente uniformes e correspondem Ö soma das al°quotas de referància das esferas federativas.;Art. 246;Uniforme nacional (referància);0;0;0;0;0;0;0;0;0;01/01/2026;;19/05/2025;0;0;0;0;0;0;0;0;0;0;0;0;0;0;1;;https://www.planalto.gov.br/ccivil_03/leis/lcp/lcp214.htm#art246
011;Tributaá∆o com al°quotas uniformes reduzidas em 30%;011005;Planos de assistància Ö sa£de de animais domÇsticos;Planos de assistància Ö sa£de de animais domÇsticos, observado o art. 243 da Lei Complementar nß 214, de 2025.;Art. 243. Os planos de assistància Ö sa£de de animais domÇsticos ficam sujeitos ao disposto nos arts. 234 a 242 desta Lei Complementar, com exceá∆o das al°quotas aplic†veis, que ser∆o nacionalmente uniformes e corresponder∆o Ö soma das al°quotas de referància de cada esfera federativa, reduzidas em 30% (trinta por cento), vedado o crÇdito ao adquirente.;Art. 243;Uniforme nacional (referància);30;30;0;0;0;0;0;0;0;01/01/2026;;19/05/2025;0;0;0;0;0;0;0;0;0;0;0;0;0;0;1;;https://www.planalto.gov.br/ccivil_03/leis/lcp/lcp214.htm#art243
200;Al°quota zero;200001;Aquisiá‰es realizadas entre empresas autorizadas a operar em zonas de processamento de exportaá∆o;Aquisiá‰es de m†quinas, de aparelhos, de instrumentos, de equipamentos, de matÇrias-primas, de produtos intermedi†rios e de materiais de embalagem realizadas entre empresas autorizadas a operar em zonas de processamento de exportaá∆o, observado o art. 103 da Lei Complementar nß 214, de 2025.;"Art. 103. Ficam reduzidas a zero as al°quotas do IBS e da CBS incidentes sobre os serviáos de transporte:
 I - dos bens de que tratam os arts. 99 e 100 desta Lei Complementar, atÇ as zonas de processamento de exportaá∆o; e
 II - dos bens exportados a partir das zonas de processamento de exportaá∆o.";Art. 103;Padr∆o;100;100;0;0;0;0;0;0;0;01/01/2026;;19/05/2025;0;1;0;1;0;0;0;0;0;1;0;0;0;0;0;;https://www.planalto.gov.br/ccivil_03/leis/lcp/lcp214.htm#art103
200;Al°quota zero;200002;Fornecimento ou importaá∆o para produtor rural n∆o contribuinte ou TAC;Fornecimento ou importaá∆o de tratores, m†quinas e implementos agr°colas, destinados a produtor rural n∆o contribuinte, e de ve°culos de transporte de carga destinados a transportador autìnomo de carga pessoa f°sica n∆o contribuinte, observado o art. 110 da Lei Complementar nß 214, de 2025.;"Art. 110. Ficam reduzidas a zero as al°quotas do IBS e da CBS no fornecimento e na importaá∆o: 
 I - de tratores, m†quinas e implementos agr°colas, destinados a produtor rural n∆o contribuinte de que trata o art. 164; e 
 II - de ve°culos de transporte de carga destinados a transportador autìnomo de carga pessoa f°sica n∆o contribuinte de que trata o art. 169.";Art. 110;Padr∆o;100;100;0;0;0;0;0;0;0;01/01/2026;;19/05/2025;0;1;1;0;0;0;0;0;0;0;0;0;0;0;0;;https://www.planalto.gov.br/ccivil_03/leis/lcp/lcp214.htm#art110
200;Al°quota zero;200003;Vendas de produtos destinados Ö alimentaá∆o humana (Anexo I);Vendas de produtos destinados Ö alimentaá∆o humana relacionados no Anexo I da Lei Complementar nß 214, de 2025, com a especificaá∆o das respectivas classificaá‰es da NCM/SH, que comp‰em a Cesta B†sica Nacional de Alimentos, criada nos termos do art. 8ß da Emenda Constitucional nß 132, de 20 de dezembro de 2023, observado o art. 125 da Lei Complementar nß 214, de 2025.;Art. 125. Ficam reduzidas a zero as al°quotas do IBS e da CBS incidentes sobre as vendas de produtos destinados Ö alimentaá∆o humana relacionados no Anexo I desta Lei Complementar, com a especificaá∆o das respectivas classificaá‰es da NCM/SH, que comp‰em a Cesta B†sica Nacional de Alimentos, criada nos termos do art. 8ß da Emenda Constitucional nß 132, de 20 de dezembro de 2023.;Art. 125;Padr∆o;100;100;0;0;0;0;0;0;0;01/01/2026;;19/05/2025;0;1;1;0;0;0;0;0;0;0;0;0;0;0;0;1;https://www.planalto.gov.br/ccivil_03/leis/lcp/lcp214.htm#art125
200;Al°quota zero;200004;Venda de dispositivos mÇdicos (Anexo XII);Venda de dispositivos mÇdicos com a especificaá∆o das respectivas classificaá‰es da NCM/SH previstas no Anexo XII da Lei Complementar nß 214, de 2025, observado o art. 144 da Lei Complementar nß 214, de 2025.;"Art. 144. Ficam reduzidas a zero as al°quotas do IBS e da CBS incidentes sobre o fornecimento dos dispositivos mÇdicos relacionados: no Anexo XII desta Lei Complementar, com a especificaá∆o das respectivas classificaá‰es da NCM/SH; e";Art. 144, I;Padr∆o;100;100;0;0;0;0;0;0;0;01/01/2026;;19/05/2025;0;1;1;0;0;0;0;0;0;1;0;0;0;0;0;12;https://www.planalto.gov.br/ccivil_03/leis/lcp/lcp214.htm#art144
200;Al°quota zero;200005;Venda de dispositivos mÇdicos adquiridos por ¢rg∆os da administraá∆o p£blica (Anexo IV);Venda de dispositivos mÇdicos com a especificaá∆o das respectivas classificaá‰es da NCM/SH previstas no Anexo IV da Lei Complementar nß 214, de 2025, quando adquiridos por ¢rg∆os da administraá∆o p£blica direta, autarquias e fundaá‰es p£blicas, observado o art. 144 da Lei Complementar nß 214, de 2025.;"Art. 144. Ficam reduzidas a zero as al°quotas do IBS e da CBS incidentes sobre o fornecimento dos dispositivos mÇdicos relacionados:
 II - no Anexo IV desta Lei Complementar, com a especificaá∆o das respectivas classificaá‰es da NCM/SH, caso adquiridos por: a) ¢rg∆os da administraá∆o p£blica direta, autarquias e fundaá‰es p£blicas; e 
 b) as entidades de sa£de imunes ao IBS e Ö CBS que possuam Certificaá∆o de Entidade Beneficente de Assistància Social (CEBAS) por comprovarem a prestaá∆o de serviáos ao SUS, nos termos dos arts. 9ß a 11 da Lei Complementar nß 187, de 16 de dezembro de 2021.";Art. 144, II;Padr∆o;100;100;0;0;0;0;0;0;0;01/01/2026;;19/05/2025;0;1;0;0;0;0;0;0;0;1;0;0;0;0;0;4;https://www.planalto.gov.br/ccivil_03/leis/lcp/lcp214.htm#art144
200;Al°quota zero;200006;Situaá∆o de emergància de sa£de p£blica reconhecida pelo Poder p£blico (Anexo XII);Situaá∆o de emergància de sa£de p£blica reconhecida pelo Poder Legislativo federal, estadual, distrital ou municipal competente, ato conjunto do Ministro da Fazenda e do Comità Gestor do IBS poder† ser editado, a qualquer momento, para incluir dispositivos n∆o listados no Anexo XII da Lei Complementar nß 214, de 2025, limitada a vigància do benef°cio ao per°odo e Ö localidade da emergància de sa£de p£blica, observado o art. 144 da Lei Complementar nß 214, de 2025.;"Art. 144. Ficam reduzidas a zero as al°quotas do IBS e da CBS incidentes sobre o fornecimento dos dispositivos mÇdicos relacionados:
 ı 3ß Em caso de emergància de sa£de p£blica reconhecida pelo Poder Legislativo federal, estadual, distrital ou municipal competente, ato conjunto do Ministro de Estado da Fazenda e do Comità Gestor do IBS poder† ser editado, a qualquer momento, para incluir dispositivos n∆o listados no Anexo XII desta Lei Complementar, limitada a vigància do benef°cio ao per°odo e Ö localidade da emergància de sa£de p£blica.";Art. 144, ı 3ß;Padr∆o;100;100;0;0;0;0;0;0;0;01/01/2026;;19/05/2025;0;1;1;0;0;0;0;0;0;1;0;0;0;0;0;;https://www.planalto.gov.br/ccivil_03/leis/lcp/lcp214.htm#art144
200;Al°quota zero;200007;Fornecimento dos dispositivos de acessibilidade pr¢prios para pessoas com deficiància (Anexo XIII);Fornecimento dos dispositivos de acessibilidade pr¢prios para pessoas com deficiància relacionados no Anexo XIII da Lei Complementar nß 214, de 2025, com a especificaá∆o das respectivas classificaá‰es da NCM/SH, observado o art. 145 da Lei Complementar nß 214, de 2025.;"Art. 145. Ficam reduzidas a zero as al°quotas do IBS e da CBS incidentes sobre o fornecimento dos dispositivos de acessibilidade pr¢prios para pessoas com deficiància relacionados: 
 I - no Anexo XIII desta Lei Complementar, com a especificaá∆o das respectivas classificaá‰es da NCM/SH; e";Art. 145, I;Padr∆o;100;100;0;0;0;0;0;0;0;01/01/2026;;19/05/2025;0;1;1;0;0;0;0;0;0;1;0;0;0;0;0;13;https://www.planalto.gov.br/ccivil_03/leis/lcp/lcp214.htm#art145
200;Al°quota zero;200008;Fornecimento dos dispositivos de acessibilidade pr¢prios para pessoas com deficiància adquiridos por ¢rg∆os da administraá∆o p£blica (Anexo V);Fornecimento dos dispositivos de acessibilidade pr¢prios para pessoas com deficiància relacionados no Anexo V da Lei Complementar nß 214, de 2025, com a especificaá∆o das respectivas classificaá‰es da NCM/SH, quando adquiridos por ¢rg∆os da administraá∆o p£blica direta, autarquias, fundaá‰es p£blicas e entidades imunes, observado o art. 145 da Lei Complementar nß 214, de 2025.;"Art. 145. Ficam reduzidas a zero as al°quotas do IBS e da CBS incidentes sobre o fornecimento dos dispositivos de acessibilidade pr¢prios para pessoas com deficiància relacionados: II - no Anexo V desta Lei Complementar, com a especificaá∆o das respectivas classificaá‰es da NCM/SH, quando adquiridos por: a) ¢rg∆os da administraá∆o p£blica direta, autarquias e fundaá‰es p£blicas; e b) as entidades de sa£de imunes ao IBS e Ö CBS que possuam CEBAS por comprovarem a prestaá∆o de serviáos ao SUS, nos termos dos arts. 9ß a 11 da Lei Complementar nß 187, de 2021.";Art. 145, II;Padr∆o;100;100;0;0;0;0;0;0;0;01/01/2026;;19/05/2025;0;1;0;0;0;0;0;0;0;1;0;0;0;0;0;5;https://www.planalto.gov.br/ccivil_03/leis/lcp/lcp214.htm#art145
200;Al°quota zero;200009;Fornecimento de medicamentos (Anexo XIV);Fornecimento dos medicamentos relacionados no Anexo XIV da Lei Complementar nß 214, de 2025, com a especificaá∆o das respectivas classificaá‰es da NCM/SH, observado o art. 146 da Lei Complementar nß 214, de 2025.;Art. 146. Ficam reduzidas a zero as al°quotas do IBS e da CBS sobre o fornecimento dos medicamentos relacionados no Anexo XIV desta Lei Complementar, com a especificaá∆o das respectivas classificaá‰es da NCM/SH.;Art. 146;Padr∆o;100;100;0;0;0;0;0;0;0;01/01/2026;;19/05/2025;0;1;1;0;0;0;0;0;0;0;0;0;0;0;0;14;https://www.planalto.gov.br/ccivil_03/leis/lcp/lcp214.htm#art146
200;Al°quota zero;200010;Fornecimento dos medicamentos registrados na Anvisa, adquiridos por ¢rg∆os da administraá∆o p£blica;Fornecimento dos medicamentos registrados na Anvisa, quando adquiridos por ¢rg∆os da administraá∆o p£blica direta, autarquias, fundaá‰es p£blicas e entidades imunes, observado o art. 146 da Lei Complementar nß 214, de 2025.;"Art. 146.
 ı 1ß Ficam tambÇm reduzidas a zero as al°quotas do IBS e da CBS sobre o fornecimento de medicamentos registrados na Anvisa, quando adquiridos por: 
 I - ¢rg∆os da administraá∆o p£blica direta, autarquias e fundaá‰es p£blicas; e 
 II - as entidades de sa£de imunes ao IBS e Ö CBS que possuam CEBAS por comprovarem a prestaá∆o de serviáos ao SUS, nos termos dos arts. 9ß a 11 da Lei Complementar nß 187, de 2021.";Art. 146, ı 1ß;Padr∆o;100;100;0;0;0;0;0;0;0;01/01/2026;;19/05/2025;0;1;1;0;0;0;0;0;0;0;0;0;0;0;0;;https://www.planalto.gov.br/ccivil_03/leis/lcp/lcp214.htm#art146
200;Al°quota zero;200011;Fornecimento das composiá‰es para nutriá∆o enteral e parenteral quando adquiridas por ¢rg∆os da administraá∆o p£blica (Anexo VI);Fornecimento das composiá‰es para nutriá∆o enteral e parenteral, composiá‰es especiais e f¢rmulas nutricionais destinadas Ös pessoas com erros inatos do metabolismo relacionadas no Anexo VI da Lei Complementar nß 214, de 2025, com a especificaá∆o das respectivas classificaá‰es da NCM/SH, quando adquiridas por ¢rg∆os da administraá∆o p£blica direta, autarquias e fundaá‰es p£blicas, observado o art. 146 da Lei Complementar nß 214, de 2025.;"Art. 146.
 2ß A reduá∆o de al°quotas de que trata o caput deste artigo aplica-se tambÇm ao fornecimento das composiá‰es para nutriá∆o enteral e parenteral, composiá‰es especiais e f¢rmulas nutricionais destinadas Ös pessoas com erros inatos do metabolismo relacionadas no Anexo VI desta Lei Complementar, com a especificaá∆o das respectivas classificaá‰es da NCM/SH, quando adquiridas pelos ¢rg∆os e entidades mencionados nos incisos do ı 1ß deste artigo.";Art. 146, ı 2ß;Padr∆o;100;100;0;0;0;0;0;0;0;01/01/2026;;19/05/2025;0;1;0;0;0;0;0;0;0;0;0;0;0;0;0;6;https://www.planalto.gov.br/ccivil_03/leis/lcp/lcp214.htm#art146
200;Al°quota zero;200012;Situaá∆o de emergància de sa£de p£blica reconhecida pelo Poder p£blico (Anexo XIV);Situaá∆o de emergància de sa£de p£blica reconhecida pelo Poder Legislativo federal, estadual, distrital ou municipal competente, ato conjunto do Ministro da Fazenda e do Comità Gestor do IBS poder† ser editado, a qualquer momento, para incluir dispositivos n∆o listados no Anexo XIV da Lei Complementar nß 214, de 2025, limitada a vigància do benef°cio ao per°odo e Ö localidade da emergància de sa£de p£blica, observado o art. 146 da Lei Complementar nß 214, de 2025.;"Art. 146.
 ı 4ß Em caso de emergància de sa£de p£blica reconhecida pelo Poder Legislativo federal, estadual, distrital ou municipal competente, ato conjunto do Ministro de Estado da Fazenda e do Comità Gestor do IBS poder† ser editado, a qualquer momento, para incluir medicamentos n∆o listados no Anexo XIV desta Lei Complementar, limitada a vigància do benef°cio ao per°odo e Ö localidade da emergància de sa£de p£blica.";Art. 146, ı 4ß;Padr∆o;100;100;0;0;0;0;0;0;0;01/01/2026;;19/05/2025;0;1;1;0;0;0;0;0;0;0;0;0;0;0;0;;https://www.planalto.gov.br/ccivil_03/leis/lcp/lcp214.htm#art146
200;Al°quota zero;200013;Fornecimento de tamp‰es higiànicos, absorventes higiànicos internos ou externos;Fornecimento de tamp‰es higiànicos, absorventes higiànicos internos ou externos, descart†veis ou reutiliz†veis, calcinhas absorventes e coletores menstruais, observado o art. 147 da Lei Complementar nß 214, de 2025.;"Art. 147. Ficam reduzidas a zero as al°quotas do IBS e da CBS incidentes sobre o fornecimento dos seguintes produtos de cuidados b†sicos Ö sa£de menstrual: 
 I - tamp‰es higiànicos classificados no c¢digo 9619.00.00 da NCM/SH; 
 II - absorventes higiànicos internos ou externos, descart†veis ou reutiliz†veis, e calcinhas absorventes classificados no c¢digo 9619.00.00 da NCM/SH; e 
 III - coletores menstruais classificados no c¢digo 9619.00.00 da NCM/SH.";Art. 147;Padr∆o;100;100;0;0;0;0;0;0;0;01/01/2026;;19/05/2025;0;1;1;0;0;0;0;0;0;0;0;0;0;0;0;;https://www.planalto.gov.br/ccivil_03/leis/lcp/lcp214.htm#art147
200;Al°quota zero;200014;Fornecimento dos produtos hort°colas, frutas e ovos (Anexo XV);Fornecimento dos produtos hort°colas, frutas e ovos, relacionados no Anexo XV da Lei Complementar nß 214 , de 2025, com a especificaá∆o das respectivas classificaá‰es da NCM/SH e desde que n∆o cozidos, observado o art. 148 da Lei Complementar nß 214, de 2025.;Art. 148. Ficam reduzidas a zero as al°quotas do IBS e da CBS incidentes sobre o fornecimento dos produtos hort°colas, frutas e ovos relacionados no Anexo XV desta Lei Complementar, com a especificaá∆o das respectivas classificaá‰es da NCM/SH.;Art. 148;Padr∆o;100;100;0;0;0;0;0;0;0;01/01/2026;;19/05/2025;0;1;1;0;0;0;0;0;0;0;0;0;0;0;0;15;https://www.planalto.gov.br/ccivil_03/leis/lcp/lcp214.htm#art148
200;Al°quota zero;200015;Venda de autom¢veis de passageiros de fabricaá∆o nacional adquiridos por motoristas profissionais ou pessoas com deficiància;"Venda de autom¢veis de passageiros de fabricaá∆o nacional de, no m°nimo, 4 (quatro) portas, inclusive a de acesso ao bagageiro, quando adquiridos por motoristas profissionais que exeráam, comprovadamente, em autom¢vel de sua propriedade, atividade de condutor autìnomo de passageiros, na condiá∆o de titular de autorizaá∆o, permiss∆o ou concess∆o do poder p£blico, e que destinem o autom¢vel Ö utilizaá∆o na categoria de aluguel (t†xi), ou por pessoas com deficiància f°sica, visual, auditiva, deficiància mental severa ou profunda, transtorno do espectro autista, com preju°zos na 
 comunicaá∆o social e em padr‰es restritos ou repetitivos de comportamento de n°vel moderado ou grave, nos termos da legislaá∆o relativa Ö matÇria, observado o disposto no art. 149 da Lei Complementar nß 214, de 2025.";Art. 149. Ficam reduzidas a zero as al°quotas do IBS e da CBS incidentes sobre a venda de autom¢veis de passageiros de fabricaá∆o nacional de, no m°nimo, 4 (quatro) portas, inclusive a de acesso ao bagageiro, quando adquiridos por:;Art. 149;Padr∆o;100;100;0;0;0;0;0;0;0;01/01/2026;;19/05/2025;0;1;1;0;0;0;0;0;0;0;0;0;0;0;0;;https://www.planalto.gov.br/ccivil_03/leis/lcp/lcp214.htm#art149
200;Al°quota zero;200016;Prestaá∆o de serviáos de pesquisa e desenvolvimento por Instituiá∆o Cient°fica, Tecnol¢gica e de Inovaá∆o (ICT);Prestaá∆o de serviáos de pesquisa e desenvolvimento por Instituiá∆o Cient°fica, Tecnol¢gica e de Inovaá∆o (ICT) sem fins lucrativos para a administraá∆o p£blica direta, autarquias e fundaá‰es p£blicas ou para o contribuinte sujeito ao regime regular do IBS e da CBS, observado o disposto no art. 156 da Lei Complementar nß 214, de 2025.;"Art. 156. Ficam reduzidas a zero as al°quotas do IBS e da CBS incidentes sobre a prestaá∆o de serviáos de pesquisa e desenvolvimento por Instituiá∆o Cient°fica, Tecnol¢gica e de Inovaá∆o (ICT) sem fins lucrativos para: 
 I - a administraá∆o p£blica direta, autarquias e fundaá‰es p£blicas; ou II - contribuinte sujeito ao regime regular do IBS e da CBS.";Art. 156;Padr∆o;100;100;0;0;0;0;0;0;0;01/01/2026;;19/05/2025;0;0;0;0;0;0;0;0;0;1;0;0;0;0;0;;https://www.planalto.gov.br/ccivil_03/leis/lcp/lcp214.htm#art156
200;Al°quota zero;200017;Operaá‰es relacionadas ao FGTS;Operaá‰es relacionadas ao FGTS, considerando aquelas necess†rias Ö aplicaá∆o da Lei nß 8.036, de 1990, realizadas pelo Conselho Curador ou Secretaria Executiva do FGTS, observado o art. 212 da Lei Complementar nß 214, de 2025.;"Art. 212. As operaá‰es relacionadas ao Fundo de Garantia do Tempo de Serviáo (FGTS) ficam sujeitas Ö incidància do IBS e da CBS, por al°quota nacionalmente uniforme, a ser fixada de modo a manter a carga tribut†ria incidente sobre essas operaá‰es.
 ı 2ß As operaá‰es relacionadas ao FGTS s∆o aquelas necess†rias Ö aplicaá∆o da Lei nß 8.036, de 11 de maio de 1990, realizadas: 
 I ? pelo agente operador do FGTS;
 ı 3ß Ficam sujeitas:
 I - Ö al°quota zero do IBS e da CBS, as operaá‰es previstas no inciso I do ı 2ß deste artigo;";Art. 212, ı 3ß, I;Padr∆o;100;100;0;0;0;0;0;0;0;01/01/2026;;19/05/2025;0;0;0;0;0;0;0;0;0;1;0;0;0;0;1;;https://www.planalto.gov.br/ccivil_03/leis/lcp/lcp214.htm#art212
200;Al°quota zero;200018;Operaá‰es de resseguro e retrocess∆o;Operaá‰es de resseguro e retrocess∆o ficam sujeitas Ö incidància Ö al°quota zero, inclusive quando os pràmios de resseguro e retrocess∆o forem cedidos ao exterior, observado o art. 223 da Lei Complementar nß 214, de 2025.;"Art. 223. Para fins de determinaá∆o da base de c†lculo, nas operaá‰es de seguros e resseguros de que tratam, respectivamente, os incisos XI e XII do caput do art. 182 desta Lei Complementar:
 ı 4ß As operaá‰es de resseguro e retrocess∆o ficam sujeitas Ö incidància Ö al°quota zero, inclusive quando os pràmios de resseguro e retrocess∆o forem cedidos ao exterior.";Art. 223, ı 4ß;Padr∆o;100;100;0;0;0;0;0;0;0;01/01/2026;;19/05/2025;0;0;0;0;0;0;0;0;0;0;0;0;0;0;1;;https://www.planalto.gov.br/ccivil_03/leis/lcp/lcp214.htm#art223
200;Al°quota zero;200019;Importador dos serviáos financeiros contribuinte;Importador dos serviáos financeiros seja contribuinte que realize as operaá‰es de que tratam os incisos I a V do caput do art. 182, ser† aplicada al°quota zero na importaá∆o, sem preju°zo da manutená∆o do direito de deduá∆o dessas despesas da base de c†lculo do IBS e da CBS, segundo, observado o art. 231 da Lei Complementar nß 214, de 2025.;"Art. 231. Os serviáos financeiros de que trata o art. 182 desta Lei Complementar, quando forem considerados importados, nos termos da Seá∆o II do Cap°tulo IV do T°tulo I deste Livro, ficam sujeitos Ö incidància do IBS e da CBS pela mesma al°quota aplic†vel aos respectivos serviáos financeiros adquiridos de fornecedores domiciliados no Pa°s.
 ı 1ß Na importaá∆o de serviáos financeiros:
 II - nas hip¢teses em que o importador dos serviáos financeiros seja contribuinte do IBS e da CBS sujeito ao regime regular e tenha direito de apropriaá∆o de crÇditos desses tributos na aquisiá∆o do mesmo serviáo financeiro no Pa°s, de acordo com o disposto neste Cap°tulo, ser† aplicada al°quota zero na importaá∆o, e n∆o ser∆o apropriados crÇditos do IBS e da CBS; e";Art. 231, ı 1ß, II;Padr∆o;100;100;0;0;0;0;0;0;0;01/01/2026;;19/05/2025;0;0;0;0;0;0;0;0;0;0;0;0;0;0;1;;https://www.planalto.gov.br/ccivil_03/leis/lcp/lcp214.htm#art231
200;Al°quota zero;200020;Operaá∆o praticada por sociedades cooperativas optantes por regime espec°fico do IBS e CBS;Operaá∆o praticada por sociedades cooperativas optantes por regime espec°fico do IBS e CBS, quando o associado destinar bem ou serviáo Ö cooperativa de que participa, e a cooperativa fornecer bem ou serviáo ao associado sujeito ao regime regular do IBS e da CBS, observado o art. 271 da Lei Complementar nß 214, de 2025.;"Art. 271. As sociedades cooperativas poder∆o optar por regime espec°fico do IBS e da CBS no qual ficam reduzidas a zero as al°quotas do IBS e da CBS incidentes na operaá∆o em que: 
 I - o associado fornece bem ou serviáo Ö cooperativa de que participa; e II - a cooperativa fornece bem ou serviáo a associado sujeito ao regime regular do IBS e da CBS.";Art. 271;Padr∆o;100;100;0;0;0;0;0;0;0;01/01/2026;;19/05/2025;0;1;1;0;0;0;0;0;0;1;0;0;0;0;0;;https://www.planalto.gov.br/ccivil_03/leis/lcp/lcp214.htm#art271
200;Al°quota zero;200021;Serviáos de transporte p£blico coletivo de passageiros ferrovi†rio e hidrovi†rio;Serviáos de transporte p£blico coletivo de passageiros ferrovi†rio e hidrovi†rio urbanos, semiurbanos e metropolitanos, observado o art. 285 da Lei Complementar nß 214, de 2025.;"Art. 285. Em relaá∆o aos serviáos de transporte p£blico coletivo de passageiros ferrovi†rio e hidrovi†rio de car†ter urbano, semiurbano e metropolitano: I - ficam reduzidas em 100% (cem por cento) as al°quotas do IBS e da CBS incidentes sobre o fornecimento desses serviáos;";Art. 285, I;Padr∆o;100;100;0;0;0;0;0;0;0;01/01/2026;;19/05/2025;0;0;0;0;0;0;0;1;0;1;0;0;0;0;0;;https://www.planalto.gov.br/ccivil_03/leis/lcp/lcp214.htm#art285
200;Al°quota zero;200022;Operaá∆o originada fora da ZFM que destine bem material industrializado a contribuinte estabelecido na ZFM;Operaá∆o originada fora da Zona Franca de Manaus que destine bem material industrializado de origem nacional a contribuinte estabelecido na Zona Franca de Manaus que seja habilitado nos termos do art. 442 da Lei Complementar nß 214, de 2025, e sujeito ao regime regular do IBS e da CBS ou optante pelo regime do Simples Nacional de que trata o art. 12 da Lei Complementar nß 123, de 2006, observado o art. 445 da Lei Complementar nß 214, de 2025.;Art. 445. Ficam reduzidas a zero as al°quotas do IBS e da CBS incidentes sobre operaá∆o originada fora da Zona Franca de Manaus que destine bem material industrializado de origem nacional a contribuinte estabelecido na Zona Franca de Manaus que seja:;Art. 445;Padr∆o;100;100;1;0;0;0;0;0;0;01/01/2026;;21/08/2025;0;1;0;0;0;0;0;0;0;0;0;0;0;0;0;;https://www.planalto.gov.br/ccivil_03/leis/lcp/lcp214.htm#art445
200;Al°quota zero;200023;Operaá∆o realizada por ind£stria incentivada que destine bem material intermedi†rio para outra ind£stria incentivada na ZFM;Operaá∆o realizada por ind£stria incentivada que destine bem material intermedi†rio para outra ind£stria incentivada na Zona Franca de Manaus, desde que a entrega ou disponibilizaá∆o dos bens ocorra dentro da referida †rea, observado o art. 448 da Lei Complementar nß 214, de 2025.;Art. 448. Ficam reduzidas a zero as al°quotas do IBS e da CBS incidentes sobre operaá∆o realizada por ind£stria incentivada que destine bem material intermedi†rio para outra ind£stria incentivada na Zona Franca de Manaus, desde que a entrega ou disponibilizaá∆o dos bens ocorra dentro da referida †rea.;Art. 448;Padr∆o;100;100;0;0;0;0;0;0;0;01/01/2026;;19/05/2025;0;1;0;0;0;0;0;0;0;0;0;0;0;0;0;;https://www.planalto.gov.br/ccivil_03/leis/lcp/lcp214.htm#art448
200;Al°quota zero;200024;Operaá∆o originada fora das µreas de Livre ComÇrcio destinadas a contribuinte estabelecido nas µreas de Livre ComÇrcio;Operaá∆o originada fora das µreas de Livre ComÇrcio que destine bem material industrializado de origem nacional a contribuinte estabelecido nas µreas de Livre ComÇrcio que seja habilitado nos termos do art. 456 da Lei Complementar nß 214, de 2025, e sujeito ao regime regular do IBS e da CBS ou optante pelo regime do Simples Nacional de que trata o art. 12 da Lei Complementar nß 123, de 2006, observado o art. 463 da Lei Complementar nß 214, de 2025.;Art. 463. Ficam reduzidas a zero as al°quotas do IBS e da CBS incidentes sobre operaá∆o originada fora da †rea de livre comÇrcio que destine bem material industrializado de origem nacional a contribuinte estabelecido na †rea de livre comÇrcio que seja:;Art. 463;Padr∆o;100;100;1;0;0;0;0;0;0;01/01/2026;;19/05/2025;0;1;0;0;0;0;0;0;0;0;0;0;0;0;0;;https://www.planalto.gov.br/ccivil_03/leis/lcp/lcp214.htm#art463
200;Al°quota zero apenas CBS e reduzida em 60% para IBS;200025;Fornecimento dos serviáos de educaá∆o relacionados ao Programa Universidade para Todos (Prouni);Fornecimento dos serviáos de educaá∆o relacionados ao Programa Universidade para Todos (Prouni), institu°do pela Lei nß 11.096, de 13 de janeiro de 2005, observado o art. 308 da Lei Complementar nß 214, de 2025.;Art. 308. Fica reduzida a zero a al°quota da CBS incidente sobre o fornecimento de serviáos de educaá∆o de ensino superior por instituiá∆o privada de ensino, com ou sem fins lucrativos, durante o per°odo de ades∆o e vinculaá∆o ao Programa Universidade para Todos - Prouni, institu°do pela Lei nß 11.096, de 13 de janeiro de 2005.;Art. 308;Padr∆o;60;100;0;0;0;0;0;0;0;01/01/2026;;19/05/2025;0;0;0;0;0;0;0;0;0;1;0;0;0;0;0;;https://www.planalto.gov.br/ccivil_03/leis/lcp/lcp214.htm#art308
200;Al°quota reduzida em 80%;200026;Locaá∆o de im¢veis localizados nas zonas reabilitadas;Locaá∆o de im¢veis localizados nas zonas reabilitadas, pelo prazo de 5 (cinco) anos, contado da data de expediá∆o do habite-se, e relacionados a projetos de reabilitaá∆o urbana de zonas hist¢ricas e de †reas cr°ticas de recuperaá∆o e reconvers∆o urban°stica dos Munic°pios ou do Distrito Federal, a serem delimitadas por lei municipal ou distrital, observado o art. 158 da Lei Complementar nß 214, de 2025.;"Art. 158. Observado o disposto neste Cap°tulo, ficam reduzidas em 60% (sessenta por cento) as al°quotas do IBS e da CBS sobre operaá‰es relacionadas a projetos de reabilitaá∆o urbana de zonas hist¢ricas e de †reas cr°ticas de recuperaá∆o e reconvers∆o urban°stica dos Munic°pios ou do Distrito Federal, a serem delimitadas por lei municipal ou distrital. 
 Par†grafo £nico. Na hip¢tese de locaá∆o de im¢veis prevista no inciso VI do caput do art. 162 desta Lei Complementar, a reduá∆o de al°quotas de que trata o caput deste artigo ser† de 80% (oitenta por cento).";Art. 158, par†grafo £nico;Padr∆o;80;80;0;0;0;0;0;0;0;01/01/2026;;19/05/2025;0;0;0;0;0;0;0;0;0;1;0;0;0;0;0;;https://www.planalto.gov.br/ccivil_03/leis/lcp/lcp214.htm#art158
200;Al°quota reduzida em 70%;200027;Operaá‰es de locaá∆o, cess∆o onerosa e arrendamento de bens im¢veis;Operaá‰es de locaá∆o, cess∆o onerosa e arrendamento de bens im¢veis, observado o art. 261 da Lei Complementar nß 214, de 2025.;"Art. 261.
 Par†grafo £nico. As al°quotas do IBS e da CBS relativas Ös operaá‰es de locaá∆o, cess∆o onerosa e arrendamento de bens im¢veis ficam reduzidas em 70% (setenta por cento).";Art. 261, par†grafo £nico;Padr∆o;70;70;0;0;0;0;0;0;0;01/01/2026;;19/05/2025;1;0;0;0;0;0;0;0;0;1;0;0;0;0;0;;https://www.planalto.gov.br/ccivil_03/leis/lcp/lcp214.htm#art261
200;Al°quota reduzida em 60%;200028;Fornecimento dos serviáos de educaá∆o (Anexo II);Fornecimento dos serviáos de educaá∆o relacionados no Anexo II da Lei Complementar nß 214, de 2025, com a especificaá∆o das respectivas classificaá‰es da Nomenclatura Brasileira de Serviáos, Intang°veis e Outras Operaá‰es que Produzam Variaá‰es no Patrimìnio (NBS), observado o art. 129 da Lei Complementar nß 214, de 2025.;Art. 129. Ficam reduzidas em 60% (sessenta por cento) as al°quotas do IBS e da CBS incidentes sobre o fornecimento dos serviáos de educaá∆o relacionados no Anexo II desta Lei Complementar, com a especificaá∆o das respectivas classificaá‰es da Nomenclatura Brasileira de Serviáos, Intang°veis e Outras Operaá‰es que Produzam Variaá‰es no Patrimìnio (NBS).;Art. 129;Padr∆o;60;60;0;0;0;0;0;0;0;01/01/2026;;19/05/2025;0;0;0;0;0;0;0;0;0;1;0;0;0;0;0;2;https://www.planalto.gov.br/ccivil_03/leis/lcp/lcp214.htm#art129
200;Al°quota reduzida em 60%;200029;Fornecimento dos serviáos de sa£de humana (Anexo III);Fornecimento dos serviáos de sa£de humana relacionados no Anexo III da Lei Complementar nß 214, de 2025, com a especificaá∆o das respectivas classificaá‰es da NBS, observado o art. 130 da Lei Complementar nß 214, de 2025.;Art. 130. Ficam reduzidas em 60% (sessenta por cento) as al°quotas do IBS e da CBS incidentes sobre o fornecimento dos serviáos de sa£de relacionados no Anexo III desta Lei Complementar, com a especificaá∆o das respectivas classificaá‰es da NBS.;Art. 130;Padr∆o;60;60;0;0;0;0;0;0;0;01/01/2026;;19/05/2025;0;0;0;0;0;0;0;0;0;1;0;0;0;0;0;3;https://www.planalto.gov.br/ccivil_03/leis/lcp/lcp214.htm#art130
200;Al°quota reduzida em 60%;200030;Venda dos dispositivos mÇdicos (Anexo IV);Venda dos dispositivos mÇdicos relacionados no Anexo IV da Lei Complementar nß 214, de 2025, com a especificaá∆o das respectivas classificaá‰es da NCM/SH, observado o art. 131 da Lei Complementar nß 214, de 2025.;Art. 131. Ficam reduzidas em 60% (sessenta por cento) as al°quotas do IBS e da CBS incidentes sobre o fornecimento dos dispositivos mÇdicos relacionados no Anexo IV desta Lei Complementar, com a especificaá∆o das respectivas classificaá‰es da NCM/SH.;Art. 131;Padr∆o;60;60;0;0;0;0;0;0;0;01/01/2026;;19/05/2025;0;1;1;0;0;0;0;0;0;1;0;0;0;0;0;4;https://www.planalto.gov.br/ccivil_03/leis/lcp/lcp214.htm#art131
200;Al°quota reduzida em 60%;200031;Fornecimento dos dispositivos de acessibilidade pr¢prios para pessoas com deficiància (Anexo V);Fornecimento dos dispositivos de acessibilidade pr¢prios para pessoas com deficiància relacionados no Anexo V da Lei Complementar nß 214, de 2025, com a especificaá∆o das respectivas classificaá‰es da NCM/SH, observado o art. 132 da Lei Complementar nß 214, de 2025.;Art. 132. Ficam reduzidas em 60% (sessenta por cento) as al°quotas do IBS e da CBS incidentes sobre o fornecimento dos dispositivos de acessibilidade pr¢prios para pessoas com deficiància relacionados no Anexo V desta Lei Complementar, com a especificaá∆o das respectivas classificaá‰es da NCM/SH.;Art. 132;Padr∆o;60;60;0;0;0;0;0;0;0;01/01/2026;;19/05/2025;0;1;1;0;0;0;0;0;0;1;0;0;0;0;0;5;https://www.planalto.gov.br/ccivil_03/leis/lcp/lcp214.htm#art132
200;Al°quota reduzida em 60%;200032;Fornecimento dos medicamentos registrados na Anvisa ou produzidos por farm†cias de manipulaá∆o, ressalvados os medicamentos sujeitos Ö al°quota zero;Fornecimento dos medicamentos registrados na Anvisa ou produzidos por farm†cias de manipulaá∆o, ressalvados os medicamentos sujeitos Ö al°quota zero de que trata o art. 141 da Lei Complementar nß 214, de 2025, observado o art. 133 da Lei Complementar nß 214, de 2025.;Art. 133. Ficam reduzidas em 60% (sessenta por cento) as al°quotas do IBS e da CBS incidentes sobre o fornecimento dos medicamentos registrados na Anvisa ou produzidos por farm†cias de manipulaá∆o, ressalvados os medicamentos sujeitos Ö al°quota zero de que trata o art. 146 desta Lei Complementar.;Art. 133;Padr∆o;60;60;0;0;0;0;0;0;0;01/01/2026;;19/05/2025;0;1;1;0;0;0;0;0;0;0;0;0;0;0;0;;https://www.planalto.gov.br/ccivil_03/leis/lcp/lcp214.htm#art133
200;Al°quota reduzida em 60%;200033;Fornecimento das composiá‰es para nutriá∆o enteral e parenteral (Anexo VI);Fornecimento das composiá‰es para nutriá∆o enteral e parenteral, composiá‰es especiais e f¢rmulas nutricionais destinadas Ös pessoas com erros inatos do metabolismo relacionadas no Anexo VI da Lei Complementar nß 214, de 2025, com a especificaá∆o das respectivas classificaá‰es da NCM/SH, observado o art. 133 da Lei Complementar nß 214, de 2025.;"Art. 133.
 ı 1ß A reduá∆o de al°quotas prevista no caput deste artigo aplica-se tambÇm Ös operaá‰es de fornecimento das composiá‰es para nutriá∆o enteral e parenteral, composiá‰es especiais e f¢rmulas nutricionais destinadas Ös pessoas com erros inatos do metabolismo relacionadas no Anexo VI desta Lei Complementar, com a especificaá∆o das respectivas classificaá‰es da NCM/SH.";Art. 133, ı 1ß;Padr∆o;60;60;0;0;0;0;0;0;0;01/01/2026;;19/05/2025;0;1;1;0;0;0;0;0;0;0;0;0;0;0;0;6;https://www.planalto.gov.br/ccivil_03/leis/lcp/lcp214.htm#art133
200;Al°quota reduzida em 60%;200034;Fornecimento dos alimentos destinados ao consumo humano (Anexo VII);Fornecimento dos alimentos destinados ao consumo humano relacionados no Anexo VII da Lei Complementar nß 214, de 2025, com a especificaá∆o das respectivas classificaá‰es da NCM/SH, observado o art. 135 da Lei Complementar nß 214, de 2025.;Art. 135. Ficam reduzidas em 60% (sessenta por cento) as al°quotas do IBS e da CBS incidentes sobre o fornecimento dos alimentos destinados ao consumo humano relacionados no Anexo VII desta Lei Complementar, com a especificaá∆o das respectivas classificaá‰es da NCM/SH.;Art. 135;Padr∆o;60;60;0;0;0;0;0;0;0;01/01/2026;;19/05/2025;0;1;1;0;0;0;0;0;0;0;0;0;0;0;0;7;https://www.planalto.gov.br/ccivil_03/leis/lcp/lcp214.htm#art135
200;Al°quota reduzida em 60%;200035;Fornecimento dos produtos de higiene pessoal e limpeza (Anexo VIII);Fornecimento dos produtos de higiene pessoal e limpeza relacionados no Anexo VIII da Lei Complementar nß 214, de 2025, com a especificaá∆o das respectivas classificaá‰es da NCM/SH, observado o art. 136 da Lei Complementar nß 214, de 2025.;Art. 136. Ficam reduzidas em 60% (sessenta por cento) as al°quotas do IBS e da CBS incidentes sobre o fornecimento dos produtos de higiene pessoal e limpeza relacionados no Anexo VIII desta Lei Complementar, com a especificaá∆o das respectivas classificaá‰es da NCM/SH.;Art. 136;Padr∆o;60;60;0;0;0;0;0;0;0;01/01/2026;;19/05/2025;0;1;1;0;0;0;0;0;0;0;0;0;0;0;0;8;https://www.planalto.gov.br/ccivil_03/leis/lcp/lcp214.htm#art136
200;Al°quota reduzida em 60%;200036;Fornecimento de produtos agropecu†rios, aqu°colas, pesqueiros, florestais e extrativistas vegetais in natura;Fornecimento de produtos agropecu†rios, aqu°colas, pesqueiros, florestais e extrativistas vegetais in natura, observado o art. 137 da Lei Complementar nß 214, de 2025.;Art. 137. Ficam reduzidas em 60% (sessenta por cento) as al°quotas do IBS e da CBS incidentes sobre o fornecimento de produtos agropecu†rios, aqu°colas, pesqueiros, florestais e extrativistas vegetais in natura.;Art. 137;Padr∆o;60;60;0;0;0;0;0;0;0;01/01/2026;;19/05/2025;0;1;1;0;0;0;0;0;0;0;0;0;0;0;0;;https://www.planalto.gov.br/ccivil_03/leis/lcp/lcp214.htm#art137
200;Al°quota reduzida em 60%;200037;Fornecimento de serviáos ambientais de conservaá∆o ou recuperaá∆o da vegetaá∆o nativa;Fornecimento de serviáos ambientais de conservaá∆o ou recuperaá∆o da vegetaá∆o nativa, mesmo que fornecidos sob a forma de manejo sustent†vel de sistemas agr°colas, agroflorestais e agrossilvopastoris, em conformidade com as definiá‰es e requisitos da legislaá∆o espec°fica, observado o art. 137 da Lei Complementar nß 214, de 2025.;"Art. 137.
 ı 3ß Para fins do disposto no caput deste artigo, considera-se fornecimento de produto florestal inclusive o fornecimento dos serviáos ambientais de conservaá∆o ou recuperaá∆o da vegetaá∆o nativa, mesmo que fornecidos sob a forma de manejo sustent†vel de sistemas agr°colas, agroflorestais e agrossilvopastoris, em conformidade com as definiá‰es e requisitos da legislaá∆o espec°fica.";Art. 137, ı 3ß;Padr∆o;60;60;0;0;0;0;0;0;0;01/01/2026;;19/05/2025;0;0;0;0;0;0;0;0;0;1;0;0;0;0;0;;https://www.planalto.gov.br/ccivil_03/leis/lcp/lcp214.htm#art137
200;Al°quota reduzida em 60%;200038;Fornecimento dos insumos agropecu†rios e aqu°colas (Anexo IX);Fornecimento dos insumos agropecu†rios e aqu°colas relacionados no Anexo IX da Lei Complementar nß 214, de 2025, com a especificaá∆o das respectivas classificaá‰es da NCM/SH e da NBS, observado o art. 138 da Lei Complementar nß 214, de 2025.;Art. 138. Ficam reduzidas em 60% (sessenta por cento) as al°quotas do IBS e da CBS incidentes sobre o fornecimento dos insumos agropecu†rios e aqu°colas relacionados no Anexo IX desta Lei Complementar, com a especificaá∆o das respectivas classificaá‰es da NCM/SH e da NBS.;Art. 138;Padr∆o;60;60;0;0;0;0;0;0;0;01/01/2026;;19/05/2025;0;1;1;0;0;0;0;0;0;1;0;0;0;0;0;9;https://www.planalto.gov.br/ccivil_03/leis/lcp/lcp214.htm#art138
200;Al°quota reduzida em 60%;200039;Fornecimento dos serviáos e o licenciamento ou cess∆o dos direitos destinados Ös produá‰es nacionais art°sticas (Anexo X);"Fornecimento dos serviáos e o licenciamento ou cess∆o dos direitos relacionados no Anexo X da Lei Complementar nß 214, de 2025, com a especificaá∆o das respectivas classificaá‰es da NBS, quando destinados Ös seguintes produá‰es nacionais art°sticas, culturais, de eventos, jornal°sticas e audiovisuais: espet†culos teatrais, circenses e de danáa, shows musicais, desfiles carnavalescos ou folcl¢ricos, eventos acadàmicos e cient°ficos, como congressos, conferàncias e simp¢sios, feiras de neg¢cios, exposiá‰es, feiras e mostras culturais, art°sticas e liter†rias; programas de audit¢rio ou jornal°sticos, filmes, document†rios, sÇries, novelas, entrevistas e clipes musicais, observado o art. 139 da Lei Complementar nß 214, de 2025.";Art. 139. Ficam reduzidas em 60% (sessenta por cento) as al°quotas do IBS e da CBS incidentes sobre o fornecimento dos bens e serviáos listados no Anexo X desta Lei Complementar, com a especificaá∆o das respectivas classificaá‰es da NCM/SH e NBS, nos casos relacionados com as seguintes produá‰es nacionais art°sticas, culturais, de eventos, jornal°sticas e audiovisuais:;Art. 139;Padr∆o;60;60;0;0;0;0;0;0;0;01/01/2026;;19/05/2025;0;1;0;0;0;0;0;0;0;1;0;0;0;0;0;10;https://www.planalto.gov.br/ccivil_03/leis/lcp/lcp214.htm#art139
200;Al°quota reduzida em 60%;200040;Fornecimento de serviáos de comunicaá∆o institucional Ö administraá∆o p£blica;Fornecimento dos seguintes serviáos de comunicaá∆o institucional Ö administraá∆o p£blica direta, autarquias e fundaá‰es p£blicas: serviáos direcionados ao planejamento, criaá∆o, programaá∆o e manutená∆o de p†ginas eletrìnicas da administraá∆o p£blica, ao monitoramento e gest∆o de suas redes sociais e Ö otimizaá∆o de p†ginas e canais digitais para mecanismos de buscas e produá∆o de mensagens, infogr†ficos, painÇis interativos e conte£do institucional, serviáos de relaá‰es com a imprensa, que re£nem estratÇgias organizacionais para promover e reforáar a comunicaá∆o dos ¢rg∆os e das entidades contratantes com seus p£blicos de interesse, por meio da interaá∆o com profissionais da imprensa, e serviáos de relaá‰es p£blicas, que compreendem o esforáo de comunicaá∆o planejado, coeso e cont°nuo que tem por objetivo estabelecer adequada percepá∆o da atuaá∆o e dos objetivos institucionais, a partir do est°mulo Ö compreens∆o m£tua e da manutená∆o de padr‰es de relacionamento e fluxos de informaá∆o entre os ¢rg∆os e as entidades contratantes e seus p£blicos de interesse, no Pa°s e no exterior, observado o art. 140 da Lei Complementar nß 214, de 2025.;Art. 140. Ficam reduzidas em 60% (sessenta por cento) as al°quotas do IBS e da CBS incidentes sobre o fornecimento dos seguintes serviáos de comunicaá∆o institucional Ö administraá∆o p£blica direta, autarquias e fundaá‰es p£blicas:;Art. 140;Padr∆o;60;60;0;0;0;0;0;0;0;01/01/2026;;19/05/2025;0;0;0;0;0;0;0;0;0;1;0;0;0;0;0;;https://www.planalto.gov.br/ccivil_03/leis/lcp/lcp214.htm#art140
200;Al°quota reduzida em 60%;200041;Fornecimento de serviáo de educaá∆o desportiva (art. 141. I);Operaá‰es relacionadas Ös seguintes atividades desportivas: fornecimento de serviáo de educaá∆o desportiva, classificado no c¢digo 1.2205.12.00 da NBS, observado o art. 141 da Lei Complementar nß 214, de 2025.;"Art. 141. Ficam reduzidas em 60% (sessenta por cento) as al°quotas do IBS e da CBS incidentes sobre as seguintes operaá‰es relacionadas a atividades desportivas: I - fornecimento de serviáo de educaá∆o desportiva, classificado no c¢digo 1.2205.12.00 da NBS;";Art. 141, I;Padr∆o;60;60;0;0;0;0;0;0;0;01/01/2026;;19/05/2025;0;0;0;0;0;0;0;0;0;1;0;0;0;0;0;;https://www.planalto.gov.br/ccivil_03/leis/lcp/lcp214.htm#art141
200;Al°quota reduzida em 60%;200042;Fornecimento de serviáo de educaá∆o desportiva (art. 141. II);Operaá‰es relacionadas Ös seguintes atividades desportivas: operaá‰es e prestaá‰es de serviáos de seguranáa da informaá∆o e seguranáa cibernÇtica, observado o art. 141 da Lei Complementar nß 214, de 2025.;Art. 141. Ficam reduzidas em 60% (sessenta por cento) as al°quotas do IBS e da CBS incidentes sobre as seguintes operaá‰es relacionadas a atividades desportivas: II - gest∆o e exploraá∆o do desporto por associaá‰es e clubes esportivos filiados ao ¢rg∆o estadual ou federal respons†vel pela coordenaá∆o dos desportos, inclusive por meio de venda de ingressos para eventos desportivos, fornecimento oneroso ou n∆o de bens e serviáos, inclusive ingressos, por meio de programas de s¢cio-torcedor, cess∆o dos direitos desportivos dos atletas e transferància de atletas para outra entidade desportiva ou seu retorno Ö atividade em outra entidade desportiva.;Art. 141, II;Padr∆o;60;60;0;0;0;0;0;0;0;01/01/2026;;19/05/2025;0;0;0;0;0;0;0;0;0;1;0;0;0;0;0;;https://www.planalto.gov.br/ccivil_03/leis/lcp/lcp214.htm#art141
200;Al°quota reduzida em 60%;200043;Fornecimento Ö administraá∆o p£blica dos serviáos e dos bens relativos Ö soberania (Anexo XI);Fornecimento Ö administraá∆o p£blica direta, autarquias e fundaá‰es p£bicas dos serviáos e dos bens relativos Ö soberania e Ö seguranáa nacional, Ö seguranáa da informaá∆o e Ö seguranáa cibernÇtica relacionados no Anexo XI da Lei Complementar nß 214, de 2025, com a especificaá∆o das respectivas classificaá‰es da NBS e da NCM/SH, observado o art. 142 da Lei Complementar nß 214, de 2025.;"Art. 142. Ficam reduzidas em 60% (sessenta por cento) as al°quotas do IBS e da CBS sobre: 
 I - fornecimento Ö administraá∆o p£blica direta, autarquias e fundaá‰es p£bicas dos serviáos e dos bens relativos Ö soberania e Ö seguranáa nacional, Ö seguranáa da informaá∆o e Ö seguranáa cibernÇtica relacionados no Anexo XI desta Lei Complementar, com a especificaá∆o das respectivas classificaá‰es da NBS e da NCM/SH; e";Art. 142, I;Padr∆o;60;60;0;0;0;0;0;0;0;01/01/2026;;19/05/2025;0;1;0;0;0;0;0;0;0;1;0;0;0;0;0;11;https://www.planalto.gov.br/ccivil_03/leis/lcp/lcp214.htm#art142
200;Al°quota reduzida em 60%;200044;Operaá‰es e prestaá‰es de serviáos de seguranáa da informaá∆o e seguranáa cibernÇtica desenvolvidos por sociedade que tenha s¢cio brasileiro (Anexo XI);Operaá‰es e prestaá‰es de serviáos de seguranáa da informaá∆o e seguranáa cibernÇtica desenvolvidos por sociedade que tenha s¢cio brasileiro com o m°nimo de 20% (vinte por cento) do seu capital social, relacionados no Anexo XI da Lei Complementar nß 214, de 2025, com a especificaá∆o das respectivas classificaá‰es da NBS e da NCM/SH, observado o art. 142 da Lei Complementar nß 214, de 2025.;"Art. 142. Ficam reduzidas em 60% (sessenta por cento) as al°quotas do IBS e da CBS sobre: 
 II - operaá‰es e prestaá‰es de serviáos de seguranáa da informaá∆o e seguranáa cibernÇtica desenvolvidos por sociedade que tenha s¢cio brasileiro com o m°nimo de 20% (vinte por cento) do seu capital social, relacionados no Anexo XI desta Lei Complementar, com a especificaá∆o das respectivas classificaá‰es da NBS e da NCM/SH.";Art. 142, II;Padr∆o;60;60;0;0;0;0;0;0;0;01/01/2026;;19/05/2025;0;1;1;0;0;0;0;0;0;1;0;0;0;0;0;11;https://www.planalto.gov.br/ccivil_03/leis/lcp/lcp214.htm#art142
200;Al°quota reduzida em 60%;200045;Operaá‰es relacionadas a projetos de reabilitaá∆o urbana de zonas hist¢ricas e de †reas cr°ticas de recuperaá∆o e reconvers∆o urban°stica;Operaá‰es relacionadas a projetos de reabilitaá∆o urbana de zonas hist¢ricas e de †reas cr°ticas de recuperaá∆o e reconvers∆o urban°stica dos Munic°pios ou do Distrito Federal, a serem delimitadas por lei municipal ou distrital, observado o art. 158 da Lei Complementar nß 214, de 2025.;Art. 158. Observado o disposto neste Cap°tulo, ficam reduzidas em 60% (sessenta por cento) as al°quotas do IBS e da CBS sobre operaá‰es relacionadas a projetos de reabilitaá∆o urbana de zonas hist¢ricas e de †reas cr°ticas de recuperaá∆o e reconvers∆o urban°stica dos Munic°pios ou do Distrito Federal, a serem delimitadas por lei municipal ou distrital.;Art. 158;Padr∆o;60;60;0;0;0;0;0;0;0;01/01/2026;;19/05/2025;1;0;0;0;0;0;0;0;0;1;0;0;0;0;0;;https://www.planalto.gov.br/ccivil_03/leis/lcp/lcp214.htm#art158
200;Al°quota reduzida em 50%;200046;Operaá‰es com bens im¢veis;Operaá‰es com bens im¢veis, observado o art. 261 da Lei Complementar nß 214, de 2025.;Art. 261. As al°quotas do IBS e da CBS relativas Ös operaá‰es de que trata este Cap°tulo ficam reduzidas em 50% (cinquenta por cento).;Art. 261;Padr∆o;50;50;0;0;0;0;0;0;0;01/01/2026;;19/05/2025;1;0;0;0;0;0;0;0;0;1;0;0;0;0;0;;https://www.planalto.gov.br/ccivil_03/leis/lcp/lcp214.htm#art261
200;Al°quota reduzida em 40%;200047;Bares e Restaurantes;Bares e Restaurantes, observado o art. 275 da Lei Complementar nß 214, de 2025.;Art. 275. As al°quotas do IBS e da CBS relativas Ös operaá‰es de que trata este Cap°tulo ficam reduzidas em 40% (quarenta por cento).;Art. 275;Padr∆o;40;40;0;0;0;0;0;0;0;01/01/2026;;19/05/2025;0;1;1;0;0;0;0;0;0;0;0;0;0;0;0;;https://www.planalto.gov.br/ccivil_03/leis/lcp/lcp214.htm#art275
200;Al°quota reduzida em 40%;200048;Hotelaria, Parques de Divers∆o e Parques Tem†ticos;Hotelaria, Parques de Divers∆o e Parques Tem†ticos, observado o art. 281 da Lei Complementar nß 214, de 2025.;Art. 281. As al°quotas do IBS e da CBS relativas Ös operaá‰es de que trata este Cap°tulo ficam reduzidas em 40% (quarenta por cento).;Art. 281;Padr∆o;40;40;0;0;0;0;0;0;0;01/01/2026;;19/05/2025;0;0;0;0;0;0;0;0;0;1;0;0;0;0;0;;https://www.planalto.gov.br/ccivil_03/leis/lcp/lcp214.htm#art281
200;Al°quota reduzida em 40%;200049;Transporte coletivo de passageiros rodovi†rio, ferrovi†rio e hidrovi†rio;Transporte coletivo de passageiros rodovi†rio, ferrovi†rio e hidrovi†rio intermunicipais e interestaduais, observado o art. 286 da Lei Complementar nß 214, de 2025.;Art. 286. Em relaá∆o aos serviáos de transporte coletivo de passageiros rodovi†rio, ferrovi†rio e hidrovi†rio intermunicipais e interestaduais, as al°quotas do IBS e da CBS do regime espec°fico de que trata essa Seá∆o ficam reduzidas em 40% (quarenta por cento).;Art. 286;Padr∆o;40;40;0;0;0;0;0;0;0;01/01/2026;;19/05/2025;0;0;0;0;0;1;0;0;0;0;0;0;0;0;0;;https://www.planalto.gov.br/ccivil_03/leis/lcp/lcp214.htm#art286
200;Al°quota reduzida em 40%;200050;Serviáos de transporte aÇreo regional coletivo de passageiros ou de carga;Serviáos de transporte aÇreo regional coletivo de passageiros ou de carga, observado o art. 287 da Lei Complementar nß 214, de 2025.;Art. 287. Ficam reduzidas em 40% (quarenta por cento) as al°quotas do IBS e da CBS incidentes sobre o fornecimento do serviáo de transporte aÇreo regional coletivo de passageiros ou de carga.;Art. 287;Padr∆o;40;40;0;0;0;0;0;0;0;01/01/2026;;12/12/2025;0;0;0;1;1;0;1;0;0;0;0;0;0;0;0;;https://www.planalto.gov.br/ccivil_03/leis/lcp/lcp214.htm#art287
200;Al°quota reduzida em 40%;200051;Agàncias de Turismo;Agàncias de Turismo, observado o art. 289 da Lei Complementar nß 214, de 2025.;"Art. 289. Nos demais serviáos de intermediaá∆o prestados por agàncias de turismo:
 II - a al°quota Ç a mesma aplic†vel aos serviáos de hotelaria, parques de divers∆o e parques tem†ticos;";Art. 289, II;Padr∆o;40;40;0;0;0;0;0;0;0;01/01/2026;;19/05/2025;0;0;0;0;0;0;0;0;0;1;0;0;0;0;0;;https://www.planalto.gov.br/ccivil_03/leis/lcp/lcp214.htm#art289
200;Al°quota reduzida em 30%;200052;Prestaá∆o de serviáos de profiss‰es intelectuais;Prestaá∆o de serviáos das seguintes profiss‰es intelectuais de natureza cient°fica, liter†ria ou art°stica, submetidas Ö fiscalizaá∆o por conselho profissional: administradores, advogados, arquitetos e urbanistas, assistentes sociais, bibliotec†rios, bi¢logos, contabilistas, economistas, economistas domÇsticos, profissionais de educaá∆o f°sica, engenheiros e agrìnomos, estat°sticos, mÇdicos veterin†rios e zootecnistas, muse¢logos, qu°micos, profissionais de relaá‰es p£blicas, tÇcnicos industriais e tÇcnicos agr°colas, observado o art. 127 da Lei Complementar nß 214, de 2025.;"Art. 127. Ficam reduzidas em 30% (trinta por cento) as al°quotas do IBS e da CBS incidentes sobre a prestaá∆o de serviáos pelos seguintes profissionais, que exercerem atividades intelectuais de natureza cient°fica, liter†ria ou art°stica, submetidas Ö fiscalizaá∆o por conselho profissional: 
 I ? administradores;
 II ? advogados;
 III ? arquitetos e urbanistas;
 IV ? assistentes sociais;
 V ? bibliotec†rios;
 VI ? bi¢logos;
 VII ? contabilistas;
 VIII ? economistas;
 IX ? economistas domÇsticos;
 X ? profissionais de educaá∆o f°sica;
 XI ? engenheiros e agrìnomos;
 XII ? estat°sticos;
 XIII - mÇdicos veterin†rios e zootecnistas;
 XIV ? muse¢logos;
 XV ? qu°micos;
 XVI ? profissionais de relaá‰es p£blicas;
 XVII ? tÇcnicos industriais; e
 XVIII ? tÇcnicos agr°colas;";Art. 127, I a XVIII;Padr∆o;30;30;0;0;0;0;0;0;0;01/01/2026;;19/05/2025;0;0;0;0;0;0;0;0;0;1;0;0;0;0;0;;https://www.planalto.gov.br/ccivil_03/leis/lcp/lcp214.htm#art127
220;Al°quota fixa;220001;Incorporaá∆o imobili†ria submetida ao regime especial de tributaá∆o;Incorporaá∆o imobili†ria submetida ao regime especial de tributaá∆o, observado o art. 485 da Lei Complementar nß 214, de 2025.;"Art. 485. O contribuinte que realizar incorporaá∆o imobili†ria submetida ao patrimìnio de afetaá∆o, nos termos dos artigos 31-A a 31-E da Lei nß 4.591, de 16 de dezembro de 1964, que tenha realizado o pedido de opá∆o pelo regime espec°fico institu°do pelo art. 1ß e tenha o pedido efetivado nos termos do art. 2ß, ambos da Lei Federal nß 10.931 de 2004, antes de 1ß de janeiro de 2029, pode optar pelo recolhimento de CBS, da seguinte forma:
 I - a incorporaá∆o imobili†ria submetida ao regime especial de tributaá∆o prevista nos arts. 4ß e 8ß da Lei Federal nß 10.931/2004 ficar† sujeita ao pagamento de CBS em montante equivalente a 2,08% da receita mensal recebida;";Art. 485, I;Fixa;0;0;0;0;0;0;0;0;0;01/01/2026;;19/05/2025;1;0;0;0;0;0;0;0;0;0;0;0;0;0;0;;https://www.planalto.gov.br/ccivil_03/leis/lcp/lcp214.htm#art485
220;Al°quota fixa;220002;Incorporaá∆o imobili†ria submetida ao regime especial de tributaá∆o;Incorporaá∆o imobili†ria submetida ao regime especial de tributaá∆o, observado o art. 485 da Lei Complementar nß 214, de 2025.;"Art. 485. O contribuinte que realizar incorporaá∆o imobili†ria submetida ao patrimìnio de afetaá∆o, nos termos dos artigos 31-A a 31-E da Lei nß 4.591, de 16 de dezembro de 1964, que tenha realizado o pedido de opá∆o pelo regime espec°fico institu°do pelo art. 1ß e tenha o pedido efetivado nos termos do art. 2ß, ambos da Lei Federal nß 10.931 de 2004, antes de 1ß de janeiro de 2029, pode optar pelo recolhimento de CBS, da seguinte forma:
 II - a incorporaá∆o imobili†ria submetida ao regime especial de tributaá∆o prevista no ı 6ß e ı 8ß do art. 4ß e par†grafo £nico do art. 8ß da Lei Federal nß 10.931/2004 ficar† sujeita ao pagamento de CBS em montante equivalente a 0,53% da receita mensal recebida.";Art. 485, II;Fixa;0;0;0;0;0;0;0;0;0;01/01/2026;;19/05/2025;1;0;0;0;0;0;0;0;0;0;0;0;0;0;0;;https://www.planalto.gov.br/ccivil_03/leis/lcp/lcp214.htm#art485
220;Al°quota fixa;220003;Alienaá∆o de im¢vel decorrente de parcelamento do solo;Alienaá∆o de im¢vel decorrente de parcelamento do solo, observado o art. 486 da Lei Complementar nß 214, de 2025.;"Art. 486. O contribuinte que realizar alienaá∆o de im¢vel decorrente de parcelamento do solo, que tenha o pedido de registro do parcelamento, nos termos da Lei Federal nß 6.766, de 19 de dezembro de 1979, efetivado antes de 1ß de janeiro de 2029, pode optar pelo recolhimento de CBS com base na receita bruta recebida.
 ı 1ß As operaá‰es sujeitas ao regime de que trata este artigo estar∆o sujeitas ao pagamento de CBS em montante equivalente a 3,65% da receita bruta recebida.";Art. 486;Fixa;0;0;0;0;0;0;0;0;0;01/01/2026;;19/05/2025;1;0;0;0;0;0;0;0;0;0;0;0;0;0;0;;https://www.planalto.gov.br/ccivil_03/leis/lcp/lcp214.htm#art486
221;Al°quota fixa proporcional;221001;Locaá∆o, cess∆o onerosa ou arrendamento de bem im¢vel com al°quota sobre a receita bruta;Locaá∆o, cess∆o onerosa ou arrendamento de bem im¢vel com al°quota sobre a receita bruta, observado o art. 487 da Lei Complementar nß 214, de 2025.;"Art. 487. O contribuinte que realizar locaá∆o, cess∆o onerosa ou arrendamento de bem im¢vel decorrente de contratos firmados por prazo determinado poder† optar pelo recolhimento de IBS e CBS com base na receita bruta recebida.
 ı 2ß As operaá‰es sujeitas ao regime de que trata este artigo estar∆o sujeitas ao pagamento de IBS e CBS em montante equivalente a 3,65% da receita bruta recebida.";Art. 487, ı 2ß;Fixa;0;0;0;0;0;0;0;0;0;01/01/2026;;19/05/2025;0;0;0;0;0;0;0;0;0;1;0;0;0;0;0;;https://www.planalto.gov.br/ccivil_03/leis/lcp/lcp214.htm#art487
222;Reduá∆o de Base de C†lculo;222001;Transporte internacional de passageiros, caso os trechos de ida e volta sejam vendidos em conjunto;Transporte internacional de passageiros, caso os trechos de ida e volta sejam vendidos em conjunto, a base de c†lculo ser† a metade do valor cobrado, observado o Art. 12 ı 8ß da Lei Complementar nß 214, de 2025.;Art. 12. ı 8ß No transporte internacional de passageiros, caso os trechos de ida e volta sejam vendidos em conjunto, a base de c†lculo ser† a metade do valor cobrado.;Art. 12 ı 8ß;Padr∆o;0;0;0;0;0;0;0;0;0;01/01/2026;;19/11/2025;0;0;0;0;1;1;1;0;0;0;0;0;0;0;0;;https://www.planalto.gov.br/ccivil_03/leis/lcp/lcp214.htm#art12
400;Isená∆o;400001;Fornecimento de serviáos de transporte p£blico coletivo de passageiros rodovi†rio e metrovi†rio;Fornecimento de serviáos de transporte p£blico coletivo de passageiros rodovi†rio e metrovi†rio de car†ter urbano, semiurbano e metropolitano, sob regime de autorizaá∆o, permiss∆o ou concess∆o p£blica, observado o art. 157 da Lei Complementar nß 214, de 2025.;Art. 157. Fica isento do IBS e da CBS o fornecimento de serviáos de transporte p£blico coletivo de passageiros rodovi†rio e metrovi†rio de car†ter urbano, semiurbano e metropolitano, sob regime de autorizaá∆o, permiss∆o ou concess∆o p£blica.;Art. 157;Sem al°quota;0;0;0;0;0;0;0;0;0;01/01/2026;;19/05/2025;0;0;0;0;0;1;0;1;0;1;0;0;0;0;0;;https://www.planalto.gov.br/ccivil_03/leis/lcp/lcp214.htm#art157
410;Imunidade e n∆o incidància;410001;Fornecimento de bonificaá‰es quando constem no documento fiscal e que n∆o dependam de evento posterior;Fornecimento de bonificaá‰es quando constem do respectivo documento fiscal e que n∆o dependam de evento posterior, observado o art. 5ß da Lei Complementar nß 214, de 2025.;"Art. 5ß O IBS e a CBS tambÇm incidem sobre as seguintes operaá‰es:
 II ? fornecimento de brindes e bonificaá‰es;
 ı 1ß O disposto no inciso II do caput deste artigo:
 I ? n∆o se aplica Ös bonificaá‰es que constem do respectivo documento fiscal e que n∆o dependam de evento posterior;";Art. 5ß, ı 1ß, I;Sem al°quota;0;0;0;0;0;0;0;0;0;01/01/2026;;19/05/2025;1;1;1;1;1;1;1;1;1;1;0;1;1;1;0;;https://www.planalto.gov.br/ccivil_03/leis/lcp/lcp214.htm#art5
410;Imunidade e n∆o incidància;410002;Transferàncias entre estabelecimentos pertencentes ao mesmo contribuinte;Transferàncias entre estabelecimentos pertencentes ao mesmo contribuinte, observado o art. 6ß da Lei Complementar nß 214, de 2025.;"Art. 6ß O IBS e a CBS n∆o incidem sobre: 
 II - transferància de bens entre estabelecimentos pertencentes ao mesmo contribuinte, observada a obrigatoriedade de emiss∆o de documento fiscal eletrìnico, nos termos do inciso II do ı 2ß do art. 60 desta Lei Complementar;";Art. 6ß, II;Sem al°quota;0;0;0;0;0;0;0;0;0;01/01/2026;;19/05/2025;0;1;0;0;0;0;0;0;0;0;0;0;0;0;0;;https://www.planalto.gov.br/ccivil_03/leis/lcp/lcp214.htm#art6
410;Imunidade e n∆o incidància;410003;Doaá‰es sem contraprestaá∆o em benef°cio do doador;Doaá‰es que n∆o tenham por objeto bens ou serviáos que tenham permitido a apropriaá∆o de crÇditos pelo doador, observado o art. 6ß da Lei Complementar nß 214, de 2025.;"Art. 6ß O IBS e a CBS n∆o incidem sobre:
 VIII ? doaá‰es sem contraprestaá∆o em benef°cio do doador;";Art. 6ß, VIII;Sem al°quota;0;0;0;0;0;0;0;0;0;01/01/2026;;19/05/2025;1;1;1;1;1;1;1;1;1;1;1;1;1;1;1;;https://www.planalto.gov.br/ccivil_03/leis/lcp/lcp214.htm#art6
410;Imunidade e n∆o incidància;410004;Exportaá‰es de bens e serviáos;Exportaá‰es de bens e serviáos, observado o art. 8ß da Lei Complementar nß 214, de 2025.;Art. 8ß S∆o imunes ao IBS e Ö CBS as exportaá‰es de bens e de serviáos, nos termos do Cap°tulo V deste T°tulo.;Art. 8ß;Sem al°quota;0;0;0;0;0;0;0;0;0;01/01/2026;;19/05/2025;0;1;0;1;1;1;1;0;1;1;0;1;0;0;0;;https://www.planalto.gov.br/ccivil_03/leis/lcp/lcp214.htm#art8
410;Imunidade e n∆o incidància;410005;Fornecimentos realizados pela Uni∆o, pelos Estados, pelo Distrito Federal e pelos Munic°pios;Fornecimentos realizados pela Uni∆o, pelos Estados, pelo Distrito Federal e pelos Munic°pios, observado o art. 9ß da Lei Complementar nß 214, de 2025.;"Art. 9ß S∆o imunes tambÇm ao IBS e Ö CBS os fornecimentos:
 I ? realizados pela Uni∆o, pelos Estados, pelo Distrito Federal e pelos Munic°pios;
 ı 1ß A imunidade prevista no inciso I do caput deste artigo Ç extensiva Ös autarquias e Ös fundaá‰es institu°das e mantidas pelo poder p£blico e Ö empresa p£blica prestadora de serviáo postal, bem como:";Art. 9ß, I e ı 1ß;Sem al°quota;0;0;0;0;0;0;0;0;0;01/01/2026;;19/05/2025;0;1;1;0;0;0;0;0;0;1;0;0;1;0;0;;https://www.planalto.gov.br/ccivil_03/leis/lcp/lcp214.htm#art9
410;Imunidade e n∆o incidància;410006;Fornecimentos realizados por entidades religiosas e templos de qualquer culto;Fornecimentos realizados por entidades religiosas e templos de qualquer culto, inclusive suas organizaá‰es assistenciais e beneficentes, observado o art. 9ß da Lei Complementar nß 214, de 2025.;"Art. 9ß S∆o imunes tambÇm ao IBS e Ö CBS os fornecimentos:
 II - realizados por entidades religiosas e templos de qualquer culto, inclusive suas organizaá‰es assistenciais e beneficentes;";Art. 9ß, II;Sem al°quota;0;0;0;0;0;0;0;0;0;01/01/2026;;19/05/2025;0;1;1;0;0;0;0;0;0;1;0;0;0;0;0;;https://www.planalto.gov.br/ccivil_03/leis/lcp/lcp214.htm#art9
410;Imunidade e n∆o incidància;410007;Fornecimentos realizados por partidos pol°ticos;Fornecimentos realizados por partidos pol°ticos, inclusive suas fundaá‰es, entidades sindicais dos trabalhadores e instituiá‰es de educaá∆o e de assistància social, sem fins lucrativos, observado o art. 9ß da Lei Complementar nß 214, de 2025.;"Art. 9ß S∆o imunes tambÇm ao IBS e Ö CBS os fornecimentos:
 III - realizados por partidos pol°ticos, inclusive seus institutos e fundaá‰es, entidades sindicais dos trabalhadores e instituiá‰es de educaá∆o e de assistància social, sem fins lucrativos;";Art. 9ß, III;Sem al°quota;0;0;0;0;0;0;0;0;0;01/01/2026;;19/05/2025;0;1;1;0;0;0;0;0;0;1;0;0;0;0;0;;https://www.planalto.gov.br/ccivil_03/leis/lcp/lcp214.htm#art9
410;Imunidade e n∆o incidància;410008;Fornecimentos de livros, jornais, peri¢dicos e do papel destinado a sua impress∆o;Fornecimentos de livros, jornais, peri¢dicos e do papel destinado a sua impress∆o, observado o art. 9ß da Lei Complementar nß 214, de 2025.;"Art. 9ß S∆o imunes tambÇm ao IBS e Ö CBS os fornecimentos:
 IV ? de livros, jornais, peri¢dicos e do papel destinado a sua impress∆o;";Art. 9ß, IV;Sem al°quota;0;0;0;0;0;0;0;0;0;01/01/2026;;19/05/2025;0;1;1;0;0;0;0;0;0;1;0;1;0;0;0;;https://www.planalto.gov.br/ccivil_03/leis/lcp/lcp214.htm#art9
410;Imunidade e n∆o incidància;410009;Fornecimentos de fonogramas e videofonogramas musicais produzidos no Brasil;Fornecimentos de fonogramas e videofonogramas musicais produzidos no Brasil contendo obras musicais ou literomusicais de autores brasileiros e/ou obras em geral interpretadas por artistas brasileiros, bem como os suportes materiais ou arquivos digitais que os contenham, salvo na etapa de replicaá∆o industrial de m°dias ¢pticas de leitura a laser, observado o art. 9ß da Lei Complementar nß 214, de 2025.;"Art. 9ß S∆o imunes tambÇm ao IBS e Ö CBS os fornecimentos:
 V - de fonogramas e videofonogramas musicais produzidos no Brasil contendo obras musicais ou literomusicais de autores brasileiros e/ou obras em geral interpretadas por artistas brasileiros, bem como os suportes materiais ou arquivos digitais que os contenham, salvo na etapa de replicaá∆o industrial de m°dias ¢pticas de leitura a laser;";Art. 9ß, V;Sem al°quota;0;0;0;0;0;0;0;0;0;01/01/2026;;19/05/2025;0;1;1;0;0;0;0;0;0;1;0;1;0;0;0;;https://www.planalto.gov.br/ccivil_03/leis/lcp/lcp214.htm#art9
410;Imunidade e n∆o incidància;410010;Fornecimentos de serviáo de comunicaá∆o nas modalidades de radiodifus∆o sonora e de sons e imagens de recepá∆o livre e gratuita;"Fornecimentos de serviáo de comunicaá∆o nas modalidades de radiodifus∆o sonora e de sons e imagens de recepá∆o livre e 
 gratuita, observado o art. 9ß da Lei Complementar nß 214, de 2025.";"Art. 9ß S∆o imunes tambÇm ao IBS e Ö CBS os fornecimentos:
 VI - de serviáo de comunicaá∆o nas modalidades de radiodifus∆o sonora e de sons e imagens de recepá∆o livre e gratuita; e";Art. 9ß, VI;Sem al°quota;0;0;0;0;0;0;0;0;0;01/01/2026;;19/05/2025;0;0;0;0;0;0;0;0;0;1;0;1;0;0;1;;https://www.planalto.gov.br/ccivil_03/leis/lcp/lcp214.htm#art9
410;Imunidade e n∆o incidància;410011;Fornecimentos de ouro, quando definido em lei como ativo financeiro ou instrumento cambial;Fornecimentos de ouro, quando definido em lei como ativo financeiro ou instrumento cambial, observado o art. 9ß da Lei Complementar nß 214, de 2025.;"Art. 9ß S∆o imunes tambÇm ao IBS e Ö CBS os fornecimentos:
 VII - de ouro, quando definido em lei como ativo financeiro ou instrumento cambial.";Art. 9ß, VII;Sem al°quota;0;0;0;0;0;0;0;0;0;01/01/2026;;19/05/2025;0;0;0;0;0;0;0;0;0;0;0;0;0;0;0;;https://www.planalto.gov.br/ccivil_03/leis/lcp/lcp214.htm#art9
410;Imunidade e n∆o incidància;410012;Fornecimento de condom°nio edil°cio n∆o optante pelo regime regular;Fornecimento de condom°nio edil°cio n∆o optante pelo regime regular, observado o art. 26 da Lei Complementar nß 214, de 2025.;"Art. 26. N∆o s∆o contribuintes do IBS e da CBS, ressalvado o disposto no
 inciso II do ı 1ß do art. 156-A da Constituiá∆o Federal:
 I ? condom°nio edil°cio;
 ı 2ß Em relaá∆o ao condom°nio edil°cio de que trata o inciso I do caput deste artigo:
 I ? caso exeráa a opá∆o pelo regime regular de que trata o ı 1ß deste artigo, o IBS e a CBS incidir∆o sobre todas as taxas e demais valores cobrados pelo condom°nio dos seus condìminos e de terceiros; e
 II ? caso n∆o exeráa a opá∆o pelo regime regular e desde que as taxas e demais valores condominiais cobrados de seus condìminos representem menos de 80% (oitenta por cento) da receita total do condom°nio:
 a) ficar† sujeito Ö incidància do IBS e da CBS sobre as operaá‰es com bens e com serviáos que realizar de acordo com o disposto no inciso I do caput do art. 21 desta Lei Complementar; e
 b) apropriar† crÇditos na proporá∆o da receita decorrente das operaá‰es tributadas na forma da al°nea ?a? deste inciso, em relaá∆o Ö receita total do condom°nio.";Art. 26, ı 2ß, II;Sem al°quota;0;0;0;0;0;0;0;0;0;01/01/2026;;19/05/2025;0;1;1;0;0;0;0;0;0;1;0;0;0;0;0;;https://www.planalto.gov.br/ccivil_03/leis/lcp/lcp214.htm#art26
410;Imunidade e n∆o incidància;410013;Exportaá‰es de combust°veis;Exportaá‰es de combust°veis, observado o art. 98 da Lei Complementar nß 214, de 2025.;Art. 98. Considera-se exportaá∆o o fornecimento de combust°vel ou lubrificante para abastecimento de aeronaves em tr†fego internacional e com destino ao exterior.;Art. 98;Sem al°quota;0;0;0;0;0;0;0;0;0;01/01/2026;;19/05/2025;0;1;0;0;0;0;0;0;0;0;0;0;0;0;0;;https://www.planalto.gov.br/ccivil_03/leis/lcp/lcp214.htm#art98
410;Imunidade e n∆o incidància;410014;Fornecimento de produtor rural n∆o contribuinte;Fornecimento de produtor rural n∆o contribuinte, observado o art. 164 da Lei Complementar nß 214, de 2025.;Art. 164. O produtor rural pessoa f°sica ou jur°dica que auferir receita inferior a R$ 3.600.000,00 (tràs milh‰es e seiscentos mil reais) no ano-calend†rio e o produtor rural integrado n∆o ser∆o considerados contribuintes do IBS e da CBS.;Art. 164;Sem al°quota;0;0;0;1;0;0;0;0;0;01/01/2026;;21/08/2025;0;1;1;0;0;0;0;0;0;1;0;0;0;0;0;;https://www.planalto.gov.br/ccivil_03/leis/lcp/lcp214.htm#art164
410;Imunidade e n∆o incidància;410015;Fornecimento por transportador autìnomo n∆o contribuinte;Fornecimento por transportador autìnomo n∆o contribuinte, observado o art. 169 da Lei Complementar nß 214, de 2025.;Art. 169. O contribuinte de IBS e de CBS sujeito ao regime regular poder† apropriar crÇditos presumidos dos referidos tributos relativos Ös aquisiá‰es de serviáo de transporte de carga de transportador autìnomo pessoa f°sica que n∆o seja contribuinte dos referidos tributos ou que seja inscrito como MEI.;Art. 169;Sem al°quota;0;0;0;0;0;0;0;0;0;01/01/2026;;21/08/2025;0;0;0;1;0;0;0;0;0;1;0;0;0;0;0;;https://www.planalto.gov.br/ccivil_03/leis/lcp/lcp214.htm#art169
410;Imunidade e n∆o incidància;410016;Fornecimento ou aquisiá∆o de res°duos s¢lidos;Fornecimento ou aquisiá∆o de res°duos s¢lidos, observado o art. 170 da Lei Complementar nß 214, de 2025.;Art. 170. O contribuinte de IBS e de CBS sujeito ao regime regular poder† apropriar crÇditos presumidos dos referidos tributos relativos Ös aquisiá‰es de res°duos s¢lidos de coletores incentivados para utilizaá∆o em processo de destinaá∆o final ambientalmente adequada.;Art. 170;Sem al°quota;0;0;0;1;0;0;0;0;0;01/01/2026;;19/05/2025;0;1;0;0;0;0;0;0;0;0;0;0;0;0;0;;https://www.planalto.gov.br/ccivil_03/leis/lcp/lcp214.htm#art170
410;Imunidade e n∆o incidància;410017;Aquisiá∆o de bem m¢vel com crÇdito presumido sob condiá∆o de revenda realizada;Aquisiá∆o de bem m¢vel com crÇdito presumido sob condiá∆o de revenda realizada, observado o art. 171 da Lei Complementar nß 214, de 2025.;Art. 171. O contribuinte de IBS e de CBS sujeito ao regime regular poder† apropriar crÇditos presumidos dos referidos tributos relativos Ös aquisiá‰es, para revenda, de bem m¢vel usado de pessoa f°sica que n∆o seja contribuinte dos referidos tributos ou que seja inscrita como MEI.;Art. 171;Sem al°quota;0;0;0;0;0;0;0;0;0;01/01/2026;;21/08/2025;0;1;0;0;0;0;0;0;0;0;0;0;0;0;0;;https://www.planalto.gov.br/ccivil_03/leis/lcp/lcp214.htm#art171
410;Imunidade e n∆o incidància;410018;Operaá‰es relacionadas aos fundos garantidores e executores de pol°ticas p£blicas;Operaá‰es relacionadas aos fundos garantidores e executores de pol°ticas p£blicas, inclusive de habitaá∆o, previstos em lei, assim entendidas os serviáos prestados ao fundo pelo seu agente operador e por entidade encarregada da sua administraá∆o, observado o art. 213 da Lei Complementar nß 214, de 2025.;Art. 213. N∆o ficam sujeitas Ö incidància do IBS e da CBS as operaá‰es relacionadas aos demais fundos garantidores e executores de pol°ticas p£blicas, inclusive de habitaá∆o e de desenvolvimento regional, previstos em lei.;Art. 213;Sem al°quota;0;0;0;0;0;0;0;0;0;01/01/2026;;19/05/2025;1;0;0;0;0;0;0;0;0;0;0;0;0;0;1;;https://www.planalto.gov.br/ccivil_03/leis/lcp/lcp214.htm#art213
410;Imunidade e n∆o incidància;410019;Exclus∆o da gorjeta na base de c†lculo no fornecimento de alimentaá∆o;Exclus∆o da gorjeta na base de c†lculo no fornecimento de alimentaá∆o, observado o art. 274 da Lei Complementar nß 214, de 2025.;"Art. 274. A base de c†lculo do IBS e da CBS Ç o valor da operaá∆o de fornecimento de alimentaá∆o e das bebidas de que trata o ı 1o do art. 273 desta Lei Complementar.
 Par†grafo £nico. Ficam exclu°dos da base de c†lculo: 
 I - a gorjeta incidente no fornecimento de alimentaá∆o, desde que: 
 a) seja repassada integralmente ao empregado, sem preju°zo dos valores da gorjeta que forem retidos pelo empregador em virtude de determinaá∆o legal; e 
 b) seu valor n∆o exceda a 15% (quinze por cento) do valor total do fornecimento de alimento e bebidas;";Art. 274, I;Sem al°quota;0;0;0;0;0;0;0;0;0;01/01/2026;;19/05/2025;0;1;1;0;0;0;0;0;0;0;0;0;0;0;0;;https://www.planalto.gov.br/ccivil_03/leis/lcp/lcp214.htm#art274
410;Imunidade e n∆o incidància;410020;Exclus∆o do valor de intermediaá∆o na base de c†lculo no fornecimento de alimentaá∆o;Exclus∆o do valor de intermediaá∆o na base de c†lculo no fornecimento de alimentaá∆o, observado o art. 274 da Lei Complementar nß 214, de 2025.;"Art. 274. A base de c†lculo do IBS e da CBS Ç o valor da operaá∆o de fornecimento de alimentaá∆o e das bebidas de que trata o ı 1ß do art. 273 desta Lei Complementar.
 Par†grafo £nico. Ficam exclu°dos da base de c†lculo:
 II - os valores n∆o repassados aos bares e restaurantes pelo serviáo de entrega e intermediaá∆o de pedidos de alimentaá∆o e bebidas por plataforma digital.";Art. 274, II;Sem al°quota;0;0;0;0;0;0;0;0;0;01/01/2026;;19/05/2025;0;1;1;0;0;0;0;0;0;0;0;0;0;0;0;;https://www.planalto.gov.br/ccivil_03/leis/lcp/lcp214.htm#art274
410;Imunidade e n∆o incidància;410021;Contribuiá∆o de que trata o art. 149-A da Constituiá∆o Federal;Contribuiá∆o de que trata o art. 149-A da Constituiá∆o Federal, observado o art. 12 da Lei Complementar nß 214, de 2025.;"Art. 12 ı 2ß N∆o integram a base de c†lculo do IBS e da CBS:
 VI - a contribuiá∆o de que trata o art. 149-A da Constituiá∆o Federal.";Art. 12 ı 2ß;Sem al°quota;0;0;0;0;0;0;0;0;0;01/01/2026;;11/06/2025;0;0;0;0;0;0;0;0;1;0;0;0;0;0;0;;https://www.planalto.gov.br/ccivil_03/leis/lcp/lcp214.htm#art12
410;Imunidade e n∆o incidància;410022;Consolidaá∆o da propriedade do bem pelo credor;Consolidaá∆o da propriedade pelo credor de bens m¢veis ou im¢veis que tenham sido objeto de garantia, observado o art. 200 da Lei Complementar nß 214, de 2025.;"Art. 200. Na alienaá∆o de bens m¢veis ou im¢veis que tenham sido objeto de garantia constitu°da em favor de credor sujeito ao regime espec°fico desta Seá∆o, cuja propriedade tenha sido por ele consolidada ou a ele transmitida em pagamento da d°vida, dever† ser observado o seguinte:
 I - a consolidaá∆o da propriedade do bem pelo credor n∆o estar† sujeita Ö incidància do IBS e da CBS;";Art. 200, I;Sem al°quota;0;0;0;0;0;0;0;0;0;01/01/2026;;03/10/2025;1;0;0;0;0;0;0;0;0;0;0;0;0;0;0;;https://www.planalto.gov.br/ccivil_03/leis/lcp/lcp214.htm#art200
410;Imunidade e n∆o incidància;410023;Alienaá∆o de bens m¢veis ou im¢veis que tenham sido objeto de garantia em que o prestador da garantia n∆o seja contribuinte;Alienaá∆o de bens m¢veis ou im¢veis que tenham sido objeto de garantia constitu°da em favor de credor em que o prestador da garantia n∆o seja contribuinte, observado o art. 200 da Lei Complementar nß 214, de 2025.;"Art. 200. Na alienaá∆o de bens m¢veis ou im¢veis que tenham sido objeto de garantia constitu°da em favor de credor sujeito ao regime espec°fico desta Seá∆o, cuja propriedade tenha sido por ele consolidada ou a ele transmitida em pagamento da d°vida, dever† ser observado o seguinte:
 II - na alienaá∆o do bem pelo credor:
 a) n∆o haver† incidància do IBS e da CBS, se o prestador da garantia n∆o for contribuinte desses tributos;";Art. 200, II, a;Sem al°quota;0;0;0;0;0;0;0;0;0;01/01/2026;;03/10/2025;1;0;0;0;0;0;0;0;0;0;0;0;0;0;0;;https://www.planalto.gov.br/ccivil_03/leis/lcp/lcp214.htm#art200
410;Imunidade e n∆o incidància;410024;Consolidaá∆o da propriedade do bem pelo grupo de cons¢rcio;Consolidaá∆o da propriedade pelo grupo de cons¢rcio de bem que tenha sido objeto de garantia, observado o art. 204 da Lei Complementar nß 214, de 2025.;"Art. 204. Na administraá∆o de cons¢rcio de que trata o inciso VII do caput do art. 182 desta Lei Complementar, para fins de determinaá∆o da base de c†lculo, as receitas dos serviáos compreendem todas as tarifas, comiss‰es e taxas, bem como os respectivos encargos, multas e juros, decorrentes de contrato de participaá∆o em grupo de cons¢rcio, efetivamente pagas, pelo regime de caixa.
 ı 3ß Na execuá∆o de garantia de consorciado, com recebimento dos valores pelo grupo de cons¢rcio, dever† ser observado o seguinte:
 I - a consolidaá∆o da propriedade do bem pelo grupo de cons¢rcio n∆o estar† sujeita Ö incidància do IBS e da CBS;";Art. 204, I;Sem al°quota;0;0;0;0;0;0;0;0;0;01/01/2026;;03/10/2025;1;0;0;0;0;0;0;0;0;0;0;0;0;0;0;;https://www.planalto.gov.br/ccivil_03/leis/lcp/lcp214.htm#art204
410;Imunidade e n∆o incidància;410025;Alienaá∆o de bem que tenha sido objeto de garantia em que o prestador da garantia n∆o seja contribuinte;Alienaá∆o de bem que tenha sido objeto de garantia constitu°da em favor do grupo de cons¢rcio em que o prestador da garantia n∆o seja contribuinte, observado o art. 204 da Lei Complementar nß 214, de 2025.;"Art. 204. Na administraá∆o de cons¢rcio de que trata o inciso VII do caput do art. 182 desta Lei Complementar, para fins de determinaá∆o da base de c†lculo, as receitas dos serviáos compreendem todas as tarifas, comiss‰es e taxas, bem como os respectivos encargos, multas e juros, decorrentes de contrato de participaá∆o em grupo de cons¢rcio, efetivamente pagas, pelo regime de caixa.
 ı 3ß Na execuá∆o de garantia de consorciado, com recebimento dos valores pelo grupo de cons¢rcio, dever† ser observado o seguinte:
 II - na alienaá∆o do bem pelo grupo de cons¢rcio:
 a) n∆o haver† incidància do IBS e da CBS, se o consorciado n∆o for contribuinte do IBS e da CBS;";Art. 204, II, a;Sem al°quota;0;0;0;0;0;0;0;0;0;01/01/2026;;03/10/2025;1;0;0;0;0;0;0;0;0;0;0;0;0;0;0;;https://www.planalto.gov.br/ccivil_03/leis/lcp/lcp214.htm#art204
410;Imunidade e n∆o incidància;410026;Doaá∆o com anulaá∆o de crÇdito;Doaá‰es sem contraprestaá∆o em benef°cio do doador, com anulaá∆o de crÇdito apropriados pelo doador referente ao fornecimento doado, observado o art. 6ß da Lei Complementar nß 214, de 2025.;"Art. 6ß O IBS e a CBS n∆o incidem sobre:
 VIII - doaá‰es sem contraprestaá∆o em benef°cio do doador;
 ı 2ß Caso as doaá‰es de que trata o inciso VIII do caput deste artigo tenham por objeto bens ou serviáos que tenham permitido a apropriaá∆o de crÇditos pelo doador, inclusive na produá∆o:
 II - por opá∆o do contribuinte, os crÇditos ser∆o anulados.";Art. 6ß;Sem al°quota;0;0;0;0;0;0;0;0;1;01/01/2026;;03/10/2025;1;1;1;1;1;1;1;1;1;1;1;1;1;1;1;;https://www.planalto.gov.br/ccivil_03/leis/lcp/lcp214.htm#art6
410;Imunidade e n∆o incidància;410027;Exportaá∆o de serviáo ou de bem imaterial;Serviáos vinculados direta e exclusivamente Ö exportaá∆o de bens materiais ou associados Ö entrega no exterior de bens materiais, considerados exportaá∆o de serviáos ou de bem imaterial, observado o art. 6ß da Lei Complementar nß 214, de 2025.;"Art. 80. Para fins do disposto no art. 79 desta Lei Complementar, considera-se exportaá∆o de serviáo ou de bem imaterial, inclusive direitos, o fornecimento para residente ou domiciliado no exterior e consumo no exterior.
 II - a prestaá∆o dos seguintes serviáos, desde que vinculados direta e exclusivamente Ö exportaá∆o de bens materiais ou associados Ö entrega no exterior de bens materiais:
 a) intermediaá∆o na distribuiá∆o de mercadorias no exterior (comiss∆o de agente);
 b) seguro de cargas;
 c) despacho aduaneiro;
 d) armazenagem de mercadorias;
 e) transporte rodovi†rio, ferrovi†rio, aÇreo, aquavi†rio ou multimodal de cargas;
 f) manuseio de cargas;
 g) manuseio de contàineres;
 h) unitizaá∆o ou desunitizaá∆o de cargas;
 i) consolidaá∆o ou desconsolidaá∆o documental de cargas;
 j) agenciamento de transporte de cargas;
 k) remessas expressas;
 l) pesagem e mediá∆o de cargas;
 m) refrigeraá∆o de cargas;
 n) arrendamento mercantil operacional ou locaá∆o de contàineres;
 o) instalaá∆o e montagem de mercadorias exportadas; e
 p) treinamento para uso de mercadorias exportadas.";Art. 80 II;Sem al°quota;0;0;0;0;0;0;0;0;0;01/01/2026;;19/11/2025;0;0;0;1;1;0;0;0;0;1;0;0;0;0;0;;https://www.planalto.gov.br/ccivil_03/leis/lcp/lcp214.htm#art80
410;Imunidade e n∆o incidància;410028;Operaá‰es com bens im¢veis realizadas por pessoas f°sicas n∆o consideradas contribuintes;Operaá‰es com bens im¢veis realizadas por pessoas f°sicas n∆o consideradas contribuintes do regime regular do IBS e da CBS, observado o art. 251 da Lei Complementar nß 214, de 2025.;"Art. 251. As operaá‰es com bens im¢veis realizadas por contribuintes que apurarem o IBS e a CBS no regime regular ficam sujeitas ao regime espec°fico previsto neste Cap°tulo.
 ı 1ß As pessoas f°sicas que realizarem operaá‰es com bens im¢veis ser∆o consideradas contribuintes do regime regular do IBS e da CBS e sujeitas ao regime de que trata este Cap°tulo, nos casos de:";Art. 251, ı 1ß;Sem al°quota;0;0;0;0;0;0;0;0;0;46023;;19/11/2025;1;0;0;0;0;0;0;0;0;1;0;0;0;0;0;;https://www.planalto.gov.br/ccivil_03/leis/lcp/lcp214.htm#art251
410;Imunidade e n∆o incidància;410029;Operaá‰es acobertadas somente pelo ICMS;Operaá‰es n∆o sujeitas Ö incidància de IBS e de CBS, alcanáadas apenas por obrigaá∆o acess¢ria do ICMS, observado o art. 4ß da Lei Complementar nß 214, de 2025.;"Art. 4ß O IBS e a CBS incidem sobre operaá‰es onerosas com bens ou com serviáos.
 ı 2ß Para fins do disposto neste artigo, considera-se operaá∆o onerosa com bens ou com serviáos qualquer fornecimento com contraprestaá∆o, incluindo o decorrente de:
 I - compra e venda, troca ou permuta, daá∆o em pagamento e demais espÇcies de alienaá∆o;
 II - locaá∆o;
 III - licenciamento, concess∆o, cess∆o;
 IV - m£tuo oneroso;
 V - doaá∆o com contraprestaá∆o em benef°cio do doador;
 VI - instituiá∆o onerosa de direitos reais;
 VII - arrendamento, inclusive mercantil; e
 VIII - prestaá∆o de serviáos.";Art. 4ß;Sem al°quota;0;0;0;0;0;0;0;0;0;46023;;19/11/2025;0;1;1;0;0;0;0;0;0;0;0;0;0;0;0;;https://www.planalto.gov.br/ccivil_03/leis/lcp/lcp214.htm#art4
410;Imunidade e n∆o incidància;410030;Estorno de crÇdito por perecimento, deteriorizaá∆o, roubo, furto ou extravio.;Estorno de crÇdito apropriado de bens adquiridos e venham a perecer, deteriorar-se ou ser objeto de roubo, furto ou extravio, observado o art. 47 da Lei Complementar nß 214, de 2025.;"Art. 47. O contribuinte sujeito ao regime regular poder† apropriar crÇditos do IBS e da CBS quando ocorrer a extiná∆o por qualquer das modalidades previstas no art. 27 dos dÇbitos relativos Ös operaá‰es em que seja adquirente, excetuadas exclusivamente aquelas consideradas de uso ou consumo pessoal, nos termos do art. 57 desta Lei Complementar, e as demais hip¢teses previstas nesta Lei Complementar.
ı 6ß O adquirente dever† estornar o crÇdito apropriado caso o bem adquirido venha a perecer, deteriorar-se ou ser objeto de roubo, furto ou extravio.";Art. 47, ı 6ß ;Sem al°quota;0;0;0;0;0;0;0;0;1;01/01/2026;;19/11/2025;0;1;0;0;0;0;0;0;0;0;0;0;0;0;0;;https://www.planalto.gov.br/ccivil_03/leis/lcp/lcp214.htm#art47
410;Imunidade e n∆o incidància;410031;Fornecimento em per°odo anterior ao in°cio de vigància de incidàncias de CBS e IBS;Fornecimento em per°odo anterior ao in°cio de vigància de incidàncias de CBS e IBS, observado o art. 544 da Lei Complementar nß 214, de 2025.;"Art. 544. Esta Lei Complementar entra em vigor na data de sua publicaá∆o, produzindo efeitos:
VI - a partir de 1ß de janeiro de 2026, em relaá∆o aos demais dispositivos.";Art. 544, VI;Sem al°quota;0;0;0;0;0;0;0;0;0;01/01/2026;;12/12/2025;0;1;0;0;0;0;0;0;1;0;0;1;1;1;0;;https://www.planalto.gov.br/ccivil_03/leis/lcp/lcp214.htm#art544
410;Imunidade e n∆o incidància;410999;Operaá‰es n∆o onerosas sem previs∆o de tributaá∆o, n∆o especificadas anteriormente;Operaá‰es n∆o onerosas sem previs∆o de tributaá∆o, n∆o especificadas anteriormente, observado o art. 4ß da Lei Complementar nß 214, de 2025.;"Art. 4ß O IBS e a CBS incidem sobre operaá‰es onerosas com bens ou com serviáos.
 ı 1ß As operaá‰es n∆o onerosas com bens ou com serviáos ser∆o tributadas nas hip¢teses expressamente previstas nesta Lei Complementar.";Art. 4ß, ı 1ß;Sem al°quota;0;0;0;0;0;0;0;0;0;01/01/2026;;11/06/2025;1;1;1;1;1;1;1;1;1;1;0;1;1;1;0;;https://www.planalto.gov.br/ccivil_03/leis/lcp/lcp214.htm#art4
510;Diferimento;510001;Operaá‰es, sujeitas a diferimento, com energia elÇtrica, relativas Ö geraá∆o, comercializaá∆o, distribuiá∆o e transmiss∆o;Operaá‰es, sujeitas a diferimento, com energia elÇtrica ou com direitos a ela relacionados, relativas Ö geraá∆o, comercializaá∆o, distribuiá∆o e transmiss∆o, observado o art. 28 da Lei Complementar nß 214, de 2025.;"Art. 28. Nas operaá‰es com energia elÇtrica ou com direitos a ela relacionados, o recolhimento do IBS e da CBS relativo Ö geraá∆o, comercializaá∆o e distribuiá∆o e transmiss∆o ser† realizado exclusivamente: 
 ı 1ß O recolhimento do IBS e da CBS incidentes nas operaá‰es com energia elÇtrica, ou com direitos a ela relacionados, relativas Ö geraá∆o, comercializaá∆o, distribuiá∆o e transmiss∆o ocorrer† somente no fornecimento: 
 I - para consumo; ou II - para contribuinte n∆o sujeito ao regime regular do IBS e da CBS.";Art. 28, ı 1ß;Sem al°quota;0;0;0;0;0;0;0;0;0;01/01/2026;;19/05/2025;0;1;0;0;0;0;0;0;1;0;0;0;0;0;0;;https://www.planalto.gov.br/ccivil_03/leis/lcp/lcp214.htm#art28
515;Diferimento com reduá∆o de al°quota;515001;Operaá‰es, sujeitas a diferimento, com insumos agropecu†rios e aqu°colas (Anexo IX);Operaá‰es, sujeitas a diferimento, com insumos agropecu†rios e aqu°colas, observado o art. 138 da Lei Complementar nß 214, de 2025.;"Art. 138. Ficam reduzidas em 60% (sessenta por cento) as al°quotas do IBS e da CBS incidentes sobre o fornecimento dos insumos agropecu†rios e aqu°colas relacionados no Anexo IX desta Lei Complementar, com a especificaá∆o das respectivas classificaá‰es da NCM/SH e da NBS. 
 ı 2ß Fica diferido o recolhimento do IBS e da CBS incidentes nas seguintes operaá‰es com insumos agropecu†rios e aqu°colas de que trata o caput:";Art. 138, ı 2ß;Padr∆o;60;60;0;0;0;0;0;0;0;01/01/2026;;19/11/2025;0;1;0;0;0;0;0;0;0;1;0;0;0;0;0;;https://www.planalto.gov.br/ccivil_03/leis/lcp/lcp214.htm#art138
550;Suspens∆o;550001;Exportaá‰es de bens materiais;Exportaá‰es de bens materiais, observado o art. 82 da Lei Complementar nß 214, de 2025.;Art. 82. Poder† ser suspenso o pagamento do IBS e da CBS no fornecimento de bens materiais com o fim espec°fico de exportaá∆o a empresa comercial exportadora que atenda cumulativamente aos seguintes requisitos:;Art. 82;Sem al°quota;0;0;1;0;0;0;0;0;0;01/01/2026;;19/05/2025;0;1;0;0;0;0;0;0;0;0;0;0;0;0;0;;https://www.planalto.gov.br/ccivil_03/leis/lcp/lcp214.htm#art82
550;Suspens∆o;550002;Regime de TrÉnsito;Regime de TrÉnsito, observado o art. 84 da Lei Complementar nß 214, de 2025.;Art. 84. Fica suspenso o pagamento do IBS e da CBS incidentes na importaá∆o enquanto os bens materiais estiverem submetidos ao regime aduaneiro especial de trÉnsito aduaneiro, em qualquer de suas modalidades, observada a disciplina estabelecida na legislaá∆o aduaneira.;Art. 84;Sem al°quota;0;0;1;0;0;0;0;0;0;01/01/2026;;19/05/2025;0;1;0;0;0;0;0;0;0;0;0;0;0;0;0;;https://www.planalto.gov.br/ccivil_03/leis/lcp/lcp214.htm#art84
550;Suspens∆o;550003;Regimes de Dep¢sito (art. 85);Regimes de Dep¢sito, observado o art. 85 da Lei Complementar nß 214, de 2025.;Art. 85. Fica suspenso o pagamento do IBS e da CBS incidentes na importaá∆o enquanto os bens materiais estiverem submetidos a regime aduaneiro especial de dep¢sito, observada a disciplina estabelecida na legislaá∆o aduaneira.;Art. 85;Sem al°quota;0;0;1;0;0;0;0;0;0;01/01/2026;;19/05/2025;0;1;0;0;0;0;0;0;0;0;0;0;0;0;0;;https://www.planalto.gov.br/ccivil_03/leis/lcp/lcp214.htm#art85
550;Suspens∆o;550004;Regimes de Dep¢sito (art. 87);Regimes de Dep¢sito, observado o art. 87 da Lei Complementar nß 214, de 2025.;Art. 87. Fica suspenso o pagamento do IBS e da CBS incidentes na importaá∆o e na aquisiá∆o no mercado interno de bens materiais submetidos a regime aduaneiro especial de lojas franca, observada a disciplina estabelecida na legislaá∆o aduaneira.;Art. 87;Sem al°quota;0;0;1;0;0;0;0;0;0;01/01/2026;;19/05/2025;0;1;0;0;0;0;0;0;0;0;0;0;0;0;0;;https://www.planalto.gov.br/ccivil_03/leis/lcp/lcp214.htm#art87
550;Suspens∆o;550005;Regimes de Dep¢sito (art. 87, Par†grafo £nico);Regimes de Dep¢sito, observado o art. 87 da Lei Complementar nß 214, de 2025.;"Art. 87. 
 Par†grafo £nico. Aplica-se o regime previsto no caput ao fornecimento de bens materiais destinados ao uso ou consumo de bordo, em aeronaves exclusivamente em tr†fego internacional com destino ao exterior e entregues em zona prim†ria alfandegada ou †rea de porto organizado alfandegado.";Art. 87, par†grafo £nico;Sem al°quota;0;0;1;0;0;0;0;0;0;01/01/2026;;19/05/2025;0;1;0;0;0;0;0;0;0;0;0;0;0;0;0;;https://www.planalto.gov.br/ccivil_03/leis/lcp/lcp214.htm#art87
550;Suspens∆o;550006;Regimes de Permanància Tempor†ria;Regimes de Permanància Tempor†ria, observado o art. 88 da Lei Complementar nß 214, de 2025.;Art. 88. Fica suspenso o pagamento do IBS e da CBS incidentes na importaá∆o enquanto os bens materiais estiverem submetidos a regime aduaneiro especial de permanància tempor†ria no Pa°s ou de sa°da tempor†ria do Pa°s, observada a disciplina estabelecida na legislaá∆o aduaneira.;Art. 88;Sem al°quota;0;0;1;0;0;0;0;0;0;01/01/2026;;19/05/2025;0;1;0;0;0;0;0;0;0;0;0;0;0;0;0;;https://www.planalto.gov.br/ccivil_03/leis/lcp/lcp214.htm#art88
550;Suspens∆o;550007;Regimes de Aperfeiáoamento;Regimes de Aperfeiáoamento, observado o art. 90 da Lei Complementar nß 214, de 2025.;Art. 90. Fica suspenso o pagamento do IBS e da CBS incidentes na importaá∆o enquanto os bens materiais estiverem submetidos a regime aduaneiro especial de aperfeiáoamento, observada a disciplina estabelecida na legislaá∆o aduaneira.;Art. 90;Sem al°quota;0;0;1;0;0;0;0;0;0;01/01/2026;;19/05/2025;0;1;0;0;0;0;0;0;0;0;0;0;0;0;0;;https://www.planalto.gov.br/ccivil_03/leis/lcp/lcp214.htm#art90
550;Suspens∆o;550008;Importaá∆o de bens para o Regime de Repetro-Tempor†rio;Importaá∆o de bens para o Regime de Repetro-Tempor†rio, de que tratam o inciso I do art. 93 da Lei Complementar nß 214, de 2025.;"Art. 93. Observada a disciplina estabelecida na legislaá∆o aduaneira, fica suspenso o pagamento do IBS e da CBS nas seguintes operaá‰es: I - importaá∆o de bens destinados Ös atividades de exploraá∆o, de desenvolvimento e de produá∆o de petr¢leo, de g†s natural e de outros hidrocarbonetos fluidos previstas na legislaá∆o espec°fica, cuja permanància no Pa°s seja de natureza tempor†ria, constantes de relaá∆o especificada no regulamento (Repetro- Tempor†rio);";Art. 93, I;Sem al°quota;0;0;1;0;0;0;0;0;0;01/01/2026;;19/05/2025;0;1;0;0;0;0;0;0;0;0;0;0;0;0;0;;https://www.planalto.gov.br/ccivil_03/leis/lcp/lcp214.htm#art93
550;Suspens∆o;550009;GNL-Tempor†rio;GNL-Tempor†rio, de que trata o inciso II do art. 93 da Lei Complementar nß 214, de 2025.;"Art. 93. Observada a disciplina estabelecida na legislaá∆o aduaneira, fica suspenso o pagamento do IBS e da CBS nas seguintes operaá‰es: II - importaá∆o de bens destinados Ös atividades de transporte, movimentaá∆o, transferància, armazenamento ou regaseificaá∆o de g†s natural liquefeito constantes de relaá∆o especificada no regulamento (GNL-Tempor†rio);";Art. 93, II;Sem al°quota;0;0;1;0;0;0;0;0;0;01/01/2026;;19/05/2025;0;1;0;0;0;0;0;0;0;0;0;0;0;0;0;;https://www.planalto.gov.br/ccivil_03/leis/lcp/lcp214.htm#art93
550;Suspens∆o;550010;Repetro-Permanente;Repetro-Permanente, de que trata o inciso III do art. 93 da Lei Complementar nß 214, de 2025.;"Art. 93. Observada a disciplina estabelecida na legislaá∆o aduaneira, fica suspenso o pagamento do IBS e da CBS nas seguintes operaá‰es: III - importaá∆o de bens constantes de relaá∆o especificada no regulamento cuja permanància no Pa°s seja definitiva e que sejam destinados Ös atividades a que se refere o inciso I deste caput (Repetro-Permanente);";Art. 93, III;Sem al°quota;0;0;1;0;0;0;0;0;0;01/01/2026;;19/05/2025;0;1;0;0;0;0;0;0;0;0;0;0;0;0;0;;https://www.planalto.gov.br/ccivil_03/leis/lcp/lcp214.htm#art93
550;Suspens∆o;550011;Repetro-Industrializaá∆o;Repetro-Industrializaá∆o, de que trata o inciso IV do art. 93 da Lei Complementar nß 214, de 2025.;"Art. 93. Observada a disciplina estabelecida na legislaá∆o aduaneira, fica suspenso o pagamento do IBS e da CBS nas seguintes operaá‰es: IV - importaá∆o ou aquisiá∆o no mercado interno de matÇrias-primas, produtos intermedi†rios e materiais de embalagem para ser utilizados integralmente no processo produtivo de produto final a ser fornecido a empresa que o destine Ös atividades a que se refere o inciso I deste caput (Repetro-Industrializaá∆o);";Art. 93, IV;Sem al°quota;0;0;1;0;0;0;0;0;0;01/01/2026;;19/05/2025;0;1;0;0;0;0;0;0;0;0;0;0;0;0;0;;https://www.planalto.gov.br/ccivil_03/leis/lcp/lcp214.htm#art93
550;Suspens∆o;550012;Repetro-Nacional;Repetro-Nacional, de que trata o inciso V do art. 93 da Lei Complementar nß 214, de 2025.;"Art. 93. Observada a disciplina estabelecida na legislaá∆o aduaneira, fica suspenso o pagamento do IBS e da CBS nas seguintes operaá‰es: V - aquisiá∆o de produto final a que se refere o inciso IV deste caput (Repetro-Nacional);";Art. 93, V;Sem al°quota;0;0;1;0;0;0;0;0;0;01/01/2026;;19/05/2025;0;1;0;0;0;0;0;0;0;0;0;0;0;0;0;;https://www.planalto.gov.br/ccivil_03/leis/lcp/lcp214.htm#art93
550;Suspens∆o;550013;Repetro-Entreposto;Repetro-Entreposto, de que trata o inciso VI do art. 93 da Lei Complementar nß 214, de 2025.;Art. 93. Observada a disciplina estabelecida na legislaá∆o aduaneira, fica suspenso o pagamento do IBS e da CBS nas seguintes operaá‰es: VI - importaá∆o ou aquisiá∆o no mercado interno de bens constantes de relaá∆o especificada no regulamento, para convers∆o ou construá∆o de outros bens no Pa°s, contratada por empresa sediada no exterior, cujo produto final dever† ser destinado Ös atividades a que se refere o inciso I deste caput (Repetro- Entreposto).;Art. 93, VI;Sem al°quota;0;0;1;0;0;0;0;0;0;01/01/2026;;19/05/2025;0;1;0;0;0;0;0;0;0;0;0;0;0;0;0;;https://www.planalto.gov.br/ccivil_03/leis/lcp/lcp214.htm#art93
550;Suspens∆o;550014;Zona de Processamento de Exportaá∆o;Zona de Processamento de Exportaá∆o, observado os arts. 99, 100 e 102 da Lei Complementar nß 214, de 2025.;"Art. 99. As importaá‰es ou as aquisiá‰es no mercado interno de m†quinas, de aparelhos, de instrumentos e de equipamentos realizadas por empresa autorizada a operar em zonas de processamento de exportaá∆o ser∆o efetuadas com suspens∆o do pagamento do IBS e da CBS.
 Art. 100. As importaá‰es ou as aquisiá‰es no mercado interno de matÇrias-primas, de produtos intermedi†rios e de materiais de embalagem realizadas por empresa autorizada a operar em zonas de processamento de exportaá∆o ser∆o efetuadas com suspens∆o do pagamento do IBS e da CBS. 
 Art. 102. Aplica-se o tratamento estabelecido nos arts. 99 e 100 desta Lei Complementar Ös aquisiá‰es de m†quinas, de aparelhos, de instrumentos, de equipamentos, de matÇrias-primas, de produtos intermedi†rios e de materiais de embalagem realizadas entre empresas autorizadas a operar em zonas de processamento de exportaá∆o.";Arts. 99, 100 e 102;Sem al°quota;0;0;1;0;0;0;0;0;0;01/01/2026;;19/05/2025;0;1;0;0;0;0;0;0;0;0;0;0;0;0;0;;https://www.planalto.gov.br/ccivil_03/leis/lcp/lcp214.htm#art99
550;Suspens∆o;550015;Regime Tribut†rio para Incentivo Ö Modernizaá∆o e Ö Ampliaá∆o da Estrutura Portu†ria;Regime Tribut†rio para Incentivo Ö Modernizaá∆o e Ö Ampliaá∆o da Estrutura Portu†ria - Reporto, observado o art. 105 da Lei Complementar nß 214, de 2025.;Art. 105. Observada a disciplina estabelecida na legislaá∆o espec°fica, ser∆o efetuadas com suspens∆o do pagamento do IBS e da CBS as importaá‰es e as aquisiá‰es no mercado interno de m†quinas, equipamentos, peáas de reposiá∆o e outros bens realizadas diretamente pelos benefici†rios do Regime Tribut†rio para Incentivo Ö Modernizaá∆o e Ö Ampliaá∆o da Estrutura Portu†ria (Reporto) e destinadas ao seu ativo imobilizado para utilizaá∆o exclusiva na execuá∆o de serviáos de:;Art. 105;Sem al°quota;0;0;1;0;0;0;0;0;0;01/01/2026;;19/05/2025;0;1;0;0;0;0;0;0;0;0;0;0;0;0;0;;https://www.planalto.gov.br/ccivil_03/leis/lcp/lcp214.htm#art105
550;Suspens∆o;550016;Regime Especial de Incentivos para o Desenvolvimento da Infraestrutura;Regime Especial de Incentivos para o Desenvolvimento da Infraestrutura - Reidi, observado o art. 106 da Lei Complementar nß 214, de 2025.;Art. 106. Observada a disciplina estabelecida na legislaá∆o espec°fica, ser∆o efetuadas com suspens∆o do pagamento do IBS e da CBS as importaá‰es e as aquisiá‰es no mercado interno de m†quinas, aparelhos, instrumentos e equipamentos, novos, e de materiais de construá∆o, realizadas diretamente pelos benefici†rios do Regime Especial de Incentivos para o Desenvolvimento da Infraestrutura (Reidi) para utilizaá∆o ou incorporaá∆o em obras de infraestrutura destinadas ao ativo imobilizado.;Art. 106;Sem al°quota;0;0;1;0;0;0;0;0;0;01/01/2026;;19/05/2025;0;1;0;0;0;0;0;0;0;1;0;0;0;0;0;;https://www.planalto.gov.br/ccivil_03/leis/lcp/lcp214.htm#art106
550;Suspens∆o;550017;Regime Tribut†rio para Incentivo Ö Atividade Econìmica Naval;Regime Tribut†rio para Incentivo Ö Atividade Econìmica Naval ? Renaval, observado o art. 107 da Lei Complementar nß 214, de 2025.;Art. 107. O Regime Tribut†rio para Incentivo Ö Atividade Econìmica Naval ? Renaval permite aos benefici†rios previamente habilitados suspens∆o do pagamento de IBS e CBS:;Art. 107;Sem al°quota;0;0;1;0;0;0;0;0;0;01/01/2026;;19/05/2025;0;1;0;0;0;0;0;0;0;0;0;0;0;0;0;;https://www.planalto.gov.br/ccivil_03/leis/lcp/lcp214.htm#art107
550;Suspens∆o;550018;Desoneraá∆o da aquisiá∆o de bens de capital;Desoneraá∆o da aquisiá∆o de bens de capital, observado o art. 109 da Lei Complementar nß 214, de 2025.;Art. 109. Ato conjunto do Poder Executivo da Uni∆o e do Comità Gestor do IBS poder† definir hip¢teses em que importaá‰es e aquisiá‰es no mercado interno de bens de capital por contribuinte no regime regular ser∆o realizadas com suspens∆o do pagamento do IBS e da CBS, n∆o se aplicando o disposto no art. 108 desta Lei Complementar.;Art. 109;Sem al°quota;0;0;1;0;0;0;0;0;0;01/01/2026;;19/05/2025;0;1;0;0;0;0;0;0;0;0;0;0;0;0;0;;https://www.planalto.gov.br/ccivil_03/leis/lcp/lcp214.htm#art109
550;Suspens∆o;550019;Importaá∆o de bem material por ind£stria incentivada para utilizaá∆o na ZFM;Importaá∆o de bem material por ind£stria incentivada para utilizaá∆o na Zona Franca de Manaus, observado o art. 443 da Lei Complementar nß 214, de 2025.;Art. 443. Fica suspensa a incidància do IBS e da CBS na importaá∆o de bem material realizada por ind£stria incentivada para utilizaá∆o na Zona Franca de Manaus.;Art. 443;Sem al°quota;0;0;1;0;0;0;0;0;0;01/01/2026;;19/05/2025;0;1;0;0;0;0;0;0;0;0;0;0;0;0;0;;https://www.planalto.gov.br/ccivil_03/leis/lcp/lcp214.htm#art443
550;Suspens∆o;550020;µreas de livre comÇrcio;µreas de livre comÇrcio, observado o art. 461 da Lei Complementar nß 214, de 2025.;Art. 461. Fica suspensa a incidància do IBS e da CBS na importaá∆o de bem material realizada por ind£stria habilitada na forma do inciso II do caput do art. 460 desta Lei Complementar e sujeita ao regime regular do IBS e da CBS para incorporaá∆o em seu processo produtivo.;Art. 461;Sem al°quota;0;0;1;0;0;0;0;0;0;01/01/2026;;19/05/2025;0;1;0;0;0;0;0;0;0;0;0;0;0;0;0;;https://www.planalto.gov.br/ccivil_03/leis/lcp/lcp214.htm#art461
550;Suspens∆o;550021;Industrializaá∆o destinada a exportaá‰es;Fornecimento de produtos agropecu†rios in natura para contribuinte do regime regular que promova industrializaá∆o destinada a exportaá∆o, observado o art. 82 da Lei Complementar nß 214, de 2025.;"Art. 82.
 ı 11. TambÇm fica suspenso o pagamento do IBS e da CBS no fornecimento de produtos agropecu†rios in natura para contribuinte do regime regular que promova industrializaá∆o destinada a exportaá∆o para o exterior:";Art. 82, ı 11;Sem al°quota;0;0;1;0;0;0;0;0;0;01/01/2026;;03/10/2025;0;1;0;0;0;0;0;0;0;0;0;0;0;0;0;;https://www.planalto.gov.br/ccivil_03/leis/lcp/lcp214.htm#art82
620;Tributaá∆o monof†sica;620001;Tributaá∆o monof†sica sobre combust°veis;Tributaá∆o monof†sica sobre combust°veis, observados os art. 172 e art. 179 I da Lei Complementar nß 214, de 2025.;"Art. 172. O IBS e a CBS incidir∆o uma £nica vez sobre as operaá‰es, ainda que iniciadas no exterior, com os seguintes combust°veis, qualquer que seja a sua finalidade.
 Art. 179. Nas operaá‰es com EAC: I - o adquirente de EAC destinado Ö mistura com gasolina A que realizar a sa°da dos biocombust°veis com destinaá∆o diversa fica obrigado a recolher o IBS e a CBS incidentes sobre o biocombust°vel;";Art. 172, 179 I;Uniforme setorial;0;0;0;0;1;0;0;0;0;01/01/2026;;19/11/2025;0;1;1;0;0;0;0;0;0;0;0;0;0;0;0;;https://www.planalto.gov.br/ccivil_03/leis/lcp/lcp214.htm#art172
620;Tributaá∆o monof†sica;620002;Tributaá∆o monof†sica com responsabilidade pela retená∆o sobre combust°veis;Tributaá∆o monof†sica com responsabilidade pela retená∆o sobre combust°veis, observado o art. 178 da Lei Complementar nß 214, de 2025.;Art. 178. Fica atribu°da Ö refinaria de petr¢leo ou suas bases, Ö CPQ, ao formulador de combust°veis e ao importador, relativamente ao percentual de biocombust°vel utilizado na mistura, nas operaá‰es com gasolina A, a responsabilidade pela retená∆o e pelo recolhimento do IBS e da CBS incidentes nas importaá‰es de EAC ou sobre as sa°das do estabelecimento produtor de EAC.;Art. 178;Uniforme setorial;0;0;0;0;1;1;0;0;0;01/01/2026;;11/06/2025;0;1;1;0;0;0;0;0;0;0;0;0;0;0;0;;https://www.planalto.gov.br/ccivil_03/leis/lcp/lcp214.htm#art178
620;Tributaá∆o monof†sica;620003;Tributaá∆o monof†sica com tributos retidos por responsabilidade sobre combust°veis;Tributaá∆o monof†sica com tributos retidos por responsabilidade sobre combust°veis, observado o art. 178 da Lei Complementar nß 214, de 2025.;Art. 178. Fica atribu°da Ö refinaria de petr¢leo ou suas bases, Ö CPQ, ao formulador de combust°veis e ao importador, relativamente ao percentual de biocombust°vel utilizado na mistura, nas operaá‰es com gasolina A, a responsabilidade pela retená∆o e pelo recolhimento do IBS e da CBS incidentes nas importaá‰es de EAC ou sobre as sa°das do estabelecimento produtor de EAC.;Art. 178;Uniforme setorial;0;0;0;0;1;0;0;1;0;01/01/2026;;11/06/2025;0;1;1;0;0;0;0;0;0;0;0;0;0;0;0;;https://www.planalto.gov.br/ccivil_03/leis/lcp/lcp214.htm#art178
620;Tributaá∆o monof†sica;620004;Tributaá∆o monof†sica sobre mistura de EAC com gasolina A em percentual superior ao obrigat¢rio;Tributaá∆o monof†sica sobre mistura de EAC com gasolina A em percentual superior ou inferior ao obrigat¢rio, observado o art. 179 da Lei Complementar nß 214, de 2025.;"Art. 179. Nas operaá‰es com EAC: 
 II - a distribuidora de combust°veis que realizar mistura de EAC com gasolina A em percentual: 
 a) superior ao obrigat¢rio, fica obrigada a recolher o IBS e a CBS de que trata o art. 172 desta Lei Complementar em relaá∆o ao volume de biocombust°vel correspondente ao que exceder ao percentual obrigat¢rio de mistura; e";Art. 179, II, a;Uniforme setorial;0;0;0;0;1;0;1;0;0;01/01/2026;;11/06/2025;0;1;1;0;0;0;0;0;0;0;0;0;0;0;0;;https://www.planalto.gov.br/ccivil_03/leis/lcp/lcp214.htm#art179
620;Tributaá∆o monof†sica;620005;Tributaá∆o monof†sica sobre mistura de EAC com gasolina A em percentual inferior ao obrigat¢rio;Tributaá∆o monof†sica sobre mistura de EAC com gasolina A em percentual superior ou inferior ao obrigat¢rio, observado o art. 179 da Lei Complementar nß 214, de 2025.;"Art. 179. Nas operaá‰es com EAC: 
 II - a distribuidora de combust°veis que realizar mistura de EAC com gasolina A em percentual: 
 b) inferior ao obrigat¢rio, ter† direito ao ressarcimento do IBS e da CBS de que trata o art. 172 desta Lei Complementar em relaá∆o ao volume de biocombust°vel correspondente ao misturado a menor do que o percentual obrigat¢rio de mistura.";Art. 179, II, b;Uniforme setorial;0;0;0;0;0;0;1;0;0;01/01/2026;;11/06/2025;0;1;1;0;0;0;0;0;0;0;0;0;0;0;0;;https://www.planalto.gov.br/ccivil_03/leis/lcp/lcp214.htm#art179
620;Tributaá∆o monof†sica;620006;Tributaá∆o monof†sica sobre combust°veis cobrada anteriormente;Tributaá∆o monof†sica sobre combust°veis cobrada anteriormente, observador o art. 180 da Lei Complementar nß 214, de 2025.;Art. 180. ê vedada a apropriaá∆o de crÇditos em relaá∆o Ös aquisiá‰es de combust°veis sujeitos Ö incidància £nica do IBS e da CBS, quando destinadas Ö distribuiá∆o, Ö comercializaá∆o ou Ö revenda.;Art. 180;Uniforme setorial;0;0;0;0;0;0;1;0;0;01/01/2026;;19/11/2025;0;1;1;0;0;0;0;0;0;0;0;0;0;0;0;;https://www.planalto.gov.br/ccivil_03/leis/lcp/lcp214.htm#art180
800;Transferància de crÇdito;800001;Fus∆o, cis∆o ou incorporaá∆o;Fus∆o, cis∆o ou incorporaá∆o, observado o art. 55 da Lei Complementar nß 214, de 2025.;"Art. 55. ê vedada a transferància, a qualquer t°tulo, para outra pessoa ou entidade sem personalidade jur°dica, de crÇditos do IBS e da CBS.
 Par†grafo £nico. Na hip¢tese de fus∆o, cis∆o ou incorporaá∆o, os crÇditos apropriados e ainda n∆o utilizados poder∆o ser transferidos para a pessoa jur°dica sucessora, ficando preservada a data original da apropriaá∆o dos crÇditos para efeitos da contagem do prazo de que trata o art. 54 desta Lei Complementar.";Art. 55;Sem al°quota;0;0;0;0;0;0;0;0;0;01/01/2026;;19/05/2025;0;1;0;0;0;0;0;0;0;1;0;0;0;0;0;;https://www.planalto.gov.br/ccivil_03/leis/lcp/lcp214.htm#art55
800;Transferància de crÇdito;800002;Transferància de crÇdito do associado, inclusive as cooperativas singulares;Transferància de crÇdito do associado, inclusive as cooperativas singulares, para cooperativa de que participa das operaá‰es antecedentes Ös operaá‰es em que fornece bens e serviáos e os crÇditos presumidos, observado o art. 272 da Lei Complementar nß 214, de 2025.;Art. 272. O associado sujeito ao regime regular do IBS e da CBS, inclusive as cooperativas singulares, que realizar operaá‰es com a reduá∆o de al°quota de que trata o inciso I do caput do art. 271 poder† transferir os crÇditos das operaá‰es antecedentes Ös operaá‰es em que fornece bens e serviáos e os crÇditos presumidos Ö cooperativa de que participa, n∆o se aplicando o disposto no art. 55 desta Lei Complementar.;Art. 272;Sem al°quota;0;0;0;0;0;0;0;0;0;01/01/2026;;19/05/2025;0;1;0;0;0;0;0;0;0;1;0;0;0;0;0;;https://www.planalto.gov.br/ccivil_03/leis/lcp/lcp214.htm#art272
810;Ajuste de IBS na ZFM;810001;CrÇdito presumido de IBS sobre o valor apurado nos fornecimentos a partir da ZFM;CrÇdito presumido de IBS sobre o valor apurado nos fornecimentos a partir da Zona Franca de Manaus, observado o art. 450 da Lei Complementar nß 214, de 2025.;Art. 450. Ficam concedidos Ö ind£stria incentivada na Zona Franca de Manaus crÇditos presumidos de IBS e de CBS relativos Ö operaá∆o que destine ao territ¢rio nacional, inclusive para a pr¢pria Zona Franca de Manaus, bem material produzido pela pr¢pria ind£stria incentivada na referida †rea nos termos do projeto econìmico aprovado, exceto em relaá∆o Ös operaá‰es previstas no art. 447 desta Lei Complementar.;Art. 450;Sem al°quota;0;0;0;0;0;0;0;0;0;01/01/2026;;19/05/2025;0;1;0;0;0;0;0;0;0;0;0;0;0;0;0;;https://www.planalto.gov.br/ccivil_03/leis/lcp/lcp214.htm#art450
811;Ajustes;811001;Anulaá∆o de CrÇdito por Sa°das Imunes/Isentas;Anulaá∆o de crÇdito proporcional ao valor das operaá‰es imunes e isentas, observado o art. 51 da Lei Complementar nß 214, de 2025.;"Art. 51. A imunidade e a isená∆o acarretar∆o a anulaá∆o dos crÇditos relativos Ös operaá‰es anteriores.
 ı 1ß A anulaá∆o dos crÇditos de que trata o caput deste artigo ser† proporcional ao valor das operaá‰es imunes e isentas sobre o valor de todas as operaá‰es do fornecedor.";Art. 51;Sem al°quota;0;0;0;0;0;0;0;0;0;01/01/2026;;03/10/2025;0;1;0;0;0;0;0;0;0;1;0;0;0;0;0;;https://www.planalto.gov.br/ccivil_03/leis/lcp/lcp214.htm#art51
811;Ajustes;811002;DÇbitos de notas fiscais n∆o processadas na apuraá∆o;DÇbitos de notas fiscais n∆o processadas na apuraá∆o, observado o art. 45 da Lei Complementar nß 214, de 2025.;"Art. 45. Para cada per°odo de apuraá∆o, o contribuinte dever† apurar, separadamente, o saldo do IBS e da CBS, que corresponder† Ö diferenáa entre os valores: 
 ı 1ß O contribuinte poder† realizar ajustes positivos ou negativos no saldo apurado na forma do caput deste artigo, nos termos previstos no regulamento.";Art. 45;Sem al°quota;0;0;0;0;0;0;0;0;0;01/01/2026;;03/10/2025;0;1;0;0;0;0;0;0;0;1;0;0;0;0;0;;https://www.planalto.gov.br/ccivil_03/leis/lcp/lcp214.htm#art45
811;Ajustes;811003;Desenquadramento do Simples Nacional;DÇbitos apurados ap¢s o desenquadramento do regime Simples Nacional, observado o art. 41 da Lei Complementar nß 214, de 2025.;"Art. 41. O regime regular do IBS e da CBS compreende todas as regras de incidància e de apuraá∆o previstas nesta Lei Complementar, incluindo aquelas aplic†veis aos regimes diferenciados e aos regimes espec°ficos. 
 ı 2ß Os contribuintes optantes pelo Simples Nacional ou pelo MEI ficam sujeitos Ös regras desses regimes.";Art. 41;Sem al°quota;0;0;0;0;0;0;0;0;0;01/01/2026;;03/10/2025;0;1;0;0;0;0;0;0;0;1;0;0;0;0;0;;https://www.planalto.gov.br/ccivil_03/leis/lcp/lcp214.htm#art41
820;Tributaá∆o em declaraá∆o de regime espec°fico;820001;Documento com informaá‰es de fornecimento de serviáos de planos de assistància Ö sa£de;Documento com informaá‰es de fornecimento de serviáos de planos de assinstància Ö sa£de, mas com tributaá∆o realizada por outro meio, observado o art. 235 da Lei Complementar nß 214, de 2025.;Art. 234. Os planos de assistància Ö sa£de ficam sujeitos a regime espec°fico de incidància do IBS e da CBS, de acordo com o disposto neste Cap°tulo, nos casos em que esses serviáos sejam prestados por:;Art. 235;Sem al°quota;0;0;0;0;0;0;0;0;0;01/01/2026;;19/05/2025;0;0;0;0;0;0;0;0;0;1;0;0;0;0;0;;https://www.planalto.gov.br/ccivil_03/leis/lcp/lcp214.htm#art235
820;Tributaá∆o em declaraá∆o de regime espec°fico;820002;Documento com informaá‰es de fornecimento de serviáos de planos de assistància funer†ria;Documento com informaá‰es de fornecimento de serviáos de planos de assinstància funer†ria, mas com tributaá∆o realizada por outro meio, observado o art. 236 da Lei Complementar nß 214, de 2025.;Art. 236. Os planos de assistància funer†ria ficam sujeitos ao disposto nos arts. 234 a 242 desta Lei Complementar.;Art. 236;Sem al°quota;0;0;0;0;0;0;0;0;0;01/01/2026;;19/05/2025;0;0;0;0;0;0;0;0;0;1;0;0;0;0;0;;https://www.planalto.gov.br/ccivil_03/leis/lcp/lcp214.htm#art236
820;Tributaá∆o em declaraá∆o de regime espec°fico;820003;Documento com informaá‰es de fornecimento de serviáos de planos de assistància Ö sa£de de animais domÇsticos;Documento com informaá‰es de fornecimento de serviáos de planos de assinstància Ö sa£de de animais domÇsticos, mas com tributaá∆o realizada por outro meio, observado o art. 243 da Lei Complementar nß 214, de 2025.;Art. 243. Os planos de assistància Ö sa£de de animais domÇsticos ficam sujeitos ao disposto nos arts. 234 a 242 desta Lei Complementar, com exceá∆o das al°quotas aplic†veis, que ser∆o nacionalmente uniformes e corresponder∆o Ö soma das al°quotas de referància de cada esfera federativa, reduzidas em 30% (trinta por cento), vedado o crÇdito ao adquirente.;Art. 243;Sem al°quota;0;0;0;0;0;0;0;0;0;01/01/2026;;19/05/2025;0;0;0;0;0;0;0;0;0;1;0;0;0;0;0;;https://www.planalto.gov.br/ccivil_03/leis/lcp/lcp214.htm#art243
820;Tributaá∆o em declaraá∆o de regime espec°fico;820004;Documento com informaá‰es de prestaá∆o de serviáos de consursos de progn¢sticos;Documento com informaá‰es de prestaá∆o de serviáos de consursos de progn¢sticos, mas com tributaá∆o realizada por outro meio, observado o art. 248 da Lei Complementar nß 214, de 2025.;Art. 248. A empresa que opera concursos de progn¢sticos dever† apresentar obrigaá∆o acess¢ria, na forma do regulamento, contendo, no m°nimo, informaá‰es sobre o local onde a aposta Ç efetuada e os valores das apostas e das premiaá‰es pagas.;Art. 248;Sem al°quota;0;0;0;0;0;0;0;0;0;01/01/2026;;19/05/2025;0;0;0;0;0;0;0;0;0;1;0;0;0;0;0;;https://www.planalto.gov.br/ccivil_03/leis/lcp/lcp214.htm#art248
820;Tributaá∆o em declaraá∆o de regime espec°fico;820005;Documento com informaá‰es de alienaá∆o de bens im¢veis;Documento com informaá‰es de alienaá∆o de bens im¢veis, mas com tributaá∆o realizada por outro meio, observado o art. 254 da Lei Complementar nß 214, de 2025.;"Art. 254. Considera-se ocorrido o fato gerador do IBS e da CBS: 
 I - na alienaá∆o de bem im¢vel, no momento do ato de alienaá∆o; 
 ı 1ß Para fins do disposto no inciso I do caput deste artigo, considera-se alienaá∆o a adjudicaá∆o, a celebraá∆o, inclusive de quaisquer ajustes posteriores, do contrato de alienaá∆o, ainda que mediante instrumento de promessa, carta de reserva com princ°pio de pagamento ou qualquer outro documento representativo de compromisso, ou quando implementada a condiá∆o suspensiva a que estiver sujeita a alienaá∆o.";Art. 254, ı 1ß;Sem al°quota;0;0;0;0;0;0;0;0;0;01/01/2026;;19/05/2025;1;0;0;0;0;0;0;0;0;0;0;0;0;0;1;;https://www.planalto.gov.br/ccivil_03/leis/lcp/lcp214.htm#art254
820;Tributaá∆o em declaraá∆o de regime espec°fico;820006;Documento com informaá‰es de fornecimento de serviáos de exploraá∆o de via;Documento com informaá‰es de fornecimento de serviáos de exploraá∆o de via, mas com tributaá∆o realizada por outro meio, observado o art. 11 da Lei Complementar nß 214, de 2025.;"Art. 11. Considera-se local da operaá∆o com:
 VIII - serviáo de exploraá∆o de via, mediante cobranáa de valor a qualquer t°tulo, incluindo tarifas, ped†gios e quaisquer outras formas de cobranáa, o territ¢rio de cada Munic°pio e Estado, ou do Distrito Federal, proporcionalmente Ö correspondente extens∆o da via explorada;";Art. 11, VIII;Sem al°quota;0;0;;0;0;0;0;0;0;01/01/2026;;11/06/2025;0;0;0;0;0;0;0;0;0;1;0;0;0;0;0;;https://www.planalto.gov.br/ccivil_03/leis/lcp/lcp214.htm#art11
820;Tributaá∆o em declaraá∆o de regime espec°fico;820007;Documento com informaá‰es de fornecimento de serviáos financeiros;Documento com informaá‰es de fornecimento de serviáos financeiros, mas com tributaá∆o realizada por outro meio, observado o art. 181 da Lei Complementar nß 214, de 2025.;Art. 181. Os serviáos financeiros ficam sujeitos a regime espec°fico de incidància do IBS e da CBS, de acordo com o disposto neste Cap°tulo.;Art. 181;Sem al°quota;0;0;0;0;0;0;0;0;0;01/01/2026;;19/11/2025;0;0;0;0;0;0;0;0;0;1;0;0;0;0;0;;https://www.planalto.gov.br/ccivil_03/leis/lcp/lcp214.htm#art181
820;Tributaá∆o em declaraá∆o de regime espec°fico;820008;Documento com informaá‰es de fornecimento, mas com tributaá∆o realizada em fatura anterior;Documento com informaá‰es de fornecimento, mas com tributaá∆o realizada em fatura anterior, observado o art. 10 da Lei Complementar nß 214, de 2025.;" Art. 10. Considera-se ocorrido o fato gerador do IBS e da CBS no momento do fornecimento nas operaá‰es com bens ou com serviáos, ainda que de execuá∆o continuada ou fracionada.

ı 3ß Nas operaá‰es de execuá∆o continuada ou fracionada em que n∆o seja poss°vel identificar o momento de entrega ou disponibilizaá∆o do bem ou do tÇrmino do fornecimento do serviáo, como as relativas a abastecimento de †gua, saneamento b†sico, g†s canalizado, serviáos de telecomunicaá∆o, serviáos de internet e energia elÇtrica, considera-se ocorrido o fato gerador no momento em que se torna devido o pagamento.";Art. 10, ı 3ß;Sem al°quota;0;0;0;0;0;0;0;0;0;01/01/2026;;19/11/2025;0;0;0;0;0;0;0;0;1;0;0;1;1;1;0;;https://www.planalto.gov.br/ccivil_03/leis/lcp/lcp214.htm#art10
830;Exclus∆o de base de c†lculo;830001;Documento com exclus∆o da BC da CBS e do IBS de energia elÇtrica fornecida pela distribuidora Ö UC;Documento com exclus∆o da base de c†lculo da CBS e do IBS refrente Ö energia elÇtrica fornecida pela distribuidora Ö unidade consumidora, conforme Art 28, par†grafos 3¯ e 4¯.;"Art. 28. ı 3ß Exclui-se da base de c†lculo da CBS e do IBS a energia elÇtrica fornecida pela distribuidora Ö unidade consumidora, na quantidade correspondente Ö energia injetada na rede de distribuiá∆o pela mesma unidade consumidora, acrescidos dos crÇditos de energia elÇtrica originados na pr¢pria unidade consumidora no mesmo màs, em meses anteriores ou em outra unidade consumidora do mesmo titular.
 ı 4ß A exclus∆o de que trata o ı 3ß deste artigo:
 I - aplica-se somente a consumidores participantes do Sistema de Compensaá∆o de Energia ElÇtrica, de que trata a Lei nß 14.300, de 6 de janeiro de 2022;
 II - aplica-se somente Ö compensaá∆o de energia elÇtrica produzida por microgeraá∆o e minigeraá∆o, cuja potància instalada seja, respectivamente, menor ou igual a 75 kW e superior a 75 kW e menor ou igual a 1 MW; e
 III - n∆o se aplica ao custo de disponibilidade, Ö energia reativa, Ö demanda de potància, aos encargos de conex∆o ou uso do sistema de distribuiá∆o, aos componentes tarif†rias n∆o associadas ao custo da energia e a quaisquer outros valores cobrados pela distribuidora.";Art 28, par†grafos 3¯ e 4¯;Sem al°quota;0;0;;0;0;0;0;0;0;01/01/2026;;11/06/2025;0;1;0;0;0;0;0;0;1;0;0;0;0;0;0;;https://www.planalto.gov.br/ccivil_03/leis/lcp/lcp214.htm#art28
;;;;;;;;;;;;;;;;;;;;;;;;;;;;;;;;;;;;
;;;;;;;;;;;;;;;;;;;;;;;;;;;;;;;;;;;;
;;;;;;;;;;;;;;;;;;;;;;;;;;;;;;;;;;;;
;;;;;;;;;;;;;;;;;;;;;;;;;;;;;;;;;;;;
;;;;;;;;;;;;;;;;;;;;;;;;;;;;;;;;;;;;
;;;;;;;;;;;;;;;;;;;;;;;;;;;;;;;;;;;;
;;;;;;;;;;;;;;;;;;;;;;;;;;;;;;;;;;;;
;;;;;;;;;;;;;;;;;;;;;;;;;;;;;;;;;;;;
;;;;;;;;;;;;;;;;;;;;;;;;;;;;;;;;;;;;
;;;;;;;;;;;;;;;;;;;;;;;;;;;;;;;;;;;;
;;;;;;;;;;;;;;;;;;;;;;;;;;;;;;;;;;;;
;;;;;;;;;;;;;;;;;;;;;;;;;;;;;;;;;;;;
;;;;;;;;;;;;;;;;;;;;;;;;;;;;;;;;;;;;
;;;;;;;;;;;;;;;;;;;;;;;;;;;;;;;;;;;;
;;;;;;;;;;;;;;;;;;;;;;;;;;;;;;;;;;;;
;;;;;;;;;;;;;;;;;;;;;;;;;;;;;;;;;;;;
;;;;;;;;;;;;;;;;;;;;;;;;;;;;;;;;;;;;
;;;;;;;;;;;;;;;;;;;;;;;;;;;;;;;;;;;;
;;;;;;;;;;;;;;;;;;;;;;;;;;;;;;;;;;;;
;;;;;;;;;;;;;;;;;;;;;;;;;;;;;;;;;;;;
;;;;;;;;;;;;;;;;;;;;;;;;;;;;;;;;;;;;
;;;;;;;;;;;;;;;;;;;;;;;;;;;;;;;;;;;;
;;;;;;;;;;;;;;;;;;;;;;;;;;;;;;;;;;;;
;;;;;;;;;;;;;;;;;;;;;;;;;;;;;;;;;;;;
;;;;;;;;;;;;;;;;;;;;;;;;;;;;;;;;;;;;
;;;;;;;;;;;;;;;;;;;;;;;;;;;;;;;;;;;;
;;;;;;;;;;;;;;;;;;;;;;;;;;;;;;;;;;;;
;;;;;;;;;;;;;;;;;;;;;;;;;;;;;;;;;;;;
;;;;;;;;;;;;;;;;;;;;;;;;;;;;;;;;;;;;
;;;;;;;;;;;;;;;;;;;;;;;;;;;;;;;;;;;;
;;;;;;;;;;;;;;;;;;;;;;;;;;;;;;;;;;;;
;;;;;;;;;;;;;;;;;;;;;;;;;;;;;;;;;;;;
;;;;;;;;;;;;;;;;;;;;;;;;;;;;;;;;;;;;
;;;;;;;;;;;;;;;;;;;;;;;;;;;;;;;;;;;;
;;;;;;;;;;;;;;;;;;;;;;;;;;;;;;;;;;;;
;;;;;;;;;;;;;;;;;;;;;;;;;;;;;;;;;;;;
;;;;;;;;;;;;;;;;;;;;;;;;;;;;;;;;;;;;
;;;;;;;;;;;;;;;;;;;;;;;;;;;;;;;;;;;;
;;;;;;;;;;;;;;;;;;;;;;;;;;;;;;;;;;;;
;;;;;;;;;;;;;;;;;;;;;;;;;;;;;;;;;;;;
;;;;;;;;;;;;;;;;;;;;;;;;;;;;;;;;;;;;
;;;;;;;;;;;;;;;;;;;;;;;;;;;;;;;;;;;;
;;;;;;;;;;;;;;;;;;;;;;;;;;;;;;;;;;;;
;;;;;;;;;;;;;;;;;;;;;;;;;;;;;;;;;;;;
;;;;;;;;;;;;;;;;;;;;;;;;;;;;;;;;;;;;
;;;;;;;;;;;;;;;;;;;;;;;;;;;;;;;;;;;;
;;;;;;;;;;;;;;;;;;;;;;;;;;;;;;;;;;;;
;;;;;;;;;;;;;;;;;;;;;;;;;;;;;;;;;;;;
;;;;;;;;;;;;;;;;;;;;;;;;;;;;;;;;;;;;
;;;;;;;;;;;;;;;;;;;;;;;;;;;;;;;;;;;;
;;;;;;;;;;;;;;;;;;;;;;;;;;;;;;;;;;;;
;;;;;;;;;;;;;;;;;;;;;;;;;;;;;;;;;;;;
;;;;;;;;;;;;;;;;;;;;;;;;;;;;;;;;;;;;
;;;;;;;;;;;;;;;;;;;;;;;;;;;;;;;;;;;;
;;;;;;;;;;;;;;;;;;;;;;;;;;;;;;;;;;;;
;;;;;;;;;;;;;;;;;;;;;;;;;;;;;;;;;;;;
;;;;;;;;;;;;;;;;;;;;;;;;;;;;;;;;;;;;
;;;;;;;;;;;;;;;;;;;;;;;;;;;;;;;;;;;;
;;;;;;;;;;;;;;;;;;;;;;;;;;;;;;;;;;;;
;;;;;;;;;;;;;;;;;;;;;;;;;;;;;;;;;;;;
;;;;;;;;;;;;;;;;;;;;;;;;;;;;;;;;;;;;
;;;;;;;;;;;;;;;;;;;;;;;;;;;;;;;;;;;;
;;;;;;;;;;;;;;;;;;;;;;;;;;;;;;;;;;;;
;;;;;;;;;;;;;;;;;;;;;;;;;;;;;;;;;;;;
;;;;;;;;;;;;;;;;;;;;;;;;;;;;;;;;;;;;
;;;;;;;;;;;;;;;;;;;;;;;;;;;;;;;;;;;;
;;;;;;;;;;;;;;;;;;;;;;;;;;;;;;;;;;;;
;;;;;;;;;;;;;;;;;;;;;;;;;;;;;;;;;;;;
;;;;;;;;;;;;;;;;;;;;;;;;;;;;;;;;;;;;
;;;;;;;;;;;;;;;;;;;;;;;;;;;;;;;;;;;;
;;;;;;;;;;;;;;;;;;;;;;;;;;;;;;;;;;;;
;;;;;;;;;;;;;;;;;;;;;;;;;;;;;;;;;;;;
;;;;;;;;;;;;;;;;;;;;;;;;;;;;;;;;;;;;
;;;;;;;;;;;;;;;;;;;;;;;;;;;;;;;;;;;;
;;;;;;;;;;;;;;;;;;;;;;;;;;;;;;;;;;;;
;;;;;;;;;;;;;;;;;;;;;;;;;;;;;;;;;;;;
;;;;;;;;;;;;;;;;;;;;;;;;;;;;;;;;;;;;
;;;;;;;;;;;;;;;;;;;;;;;;;;;;;;;;;;;;
;;;;;;;;;;;;;;;;;;;;;;;;;;;;;;;;;;;;
;;;;;;;;;;;;;;;;;;;;;;;;;;;;;;;;;;;;
;;;;;;;;;;;;;;;;;;;;;;;;;;;;;;;;;;;;
;;;;;;;;;;;;;;;;;;;;;;;;;;;;;;;;;;;;
;;;;;;;;;;;;;;;;;;;;;;;;;;;;;;;;;;;;
;;;;;;;;;;;;;;;;;;;;;;;;;;;;;;;;;;;;
;;;;;;;;;;;;;;;;;;;;;;;;;;;;;;;;;;;;
;;;;;;;;;;;;;;;;;;;;;;;;;;;;;;;;;;;;
;;;;;;;;;;;;;;;;;;;;;;;;;;;;;;;;;;;;
;;;;;;;;;;;;;;;;;;;;;;;;;;;;;;;;;;;;
;;;;;;;;;;;;;;;;;;;;;;;;;;;;;;;;;;;;
;;;;;;;;;;;;;;;;;;;;;;;;;;;;;;;;;;;;
;;;;;;;;;;;;;;;;;;;;;;;;;;;;;;;;;;;;
;;;;;;;;;;;;;;;;;;;;;;;;;;;;;;;;;;;;
;;;;;;;;;;;;;;;;;;;;;;;;;;;;;;;;;;;;
;;;;;;;;;;;;;;;;;;;;;;;;;;;;;;;;;;;;
;;;;;;;;;;;;;;;;;;;;;;;;;;;;;;;;;;;;
;;;;;;;;;;;;;;;;;;;;;;;;;;;;;;;;;;;;
;;;;;;;;;;;;;;;;;;;;;;;;;;;;;;;;;;;;
;;;;;;;;;;;;;;;;;;;;;;;;;;;;;;;;;;;;
;;;;;;;;;;;;;;;;;;;;;;;;;;;;;;;;;;;;
;;;;;;;;;;;;;;;;;;;;;;;;;;;;;;;;;;;;
;;;;;;;;;;;;;;;;;;;;;;;;;;;;;;;;;;;;
;;;;;;;;;;;;;;;;;;;;;;;;;;;;;;;;;;;;
;;;;;;;;;;;;;;;;;;;;;;;;;;;;;;;;;;;;
;;;;;;;;;;;;;;;;;;;;;;;;;;;;;;;;;;;;
;;;;;;;;;;;;;;;;;;;;;;;;;;;;;;;;;;;;
;;;;;;;;;;;;;;;;;;;;;;;;;;;;;;;;;;;;
;;;;;;;;;;;;;;;;;;;;;;;;;;;;;;;;;;;;
;;;;;;;;;;;;;;;;;;;;;;;;;;;;;;;;;;;;
;;;;;;;;;;;;;;;;;;;;;;;;;;;;;;;;;;;;
;;;;;;;;;;;;;;;;;;;;;;;;;;;;;;;;;;;;
;;;;;;;;;;;;;;;;;;;;;;;;;;;;;;;;;;;;
;;;;;;;;;;;;;;;;;;;;;;;;;;;;;;;;;;;;
;;;;;;;;;;;;;;;;;;;;;;;;;;;;;;;;;;;;
;;;;;;;;;;;;;;;;;;;;;;;;;;;;;;;;;;;;
;;;;;;;;;;;;;;;;;;;;;;;;;;;;;;;;;;;;
;;;;;;;;;;;;;;;;;;;;;;;;;;;;;;;;;;;;
;;;;;;;;;;;;;;;;;;;;;;;;;;;;;;;;;;;;
;;;;;;;;;;;;;;;;;;;;;;;;;;;;;;;;;;;;
;;;;;;;;;;;;;;;;;;;;;;;;;;;;;;;;;;;;
;;;;;;;;;;;;;;;;;;;;;;;;;;;;;;;;;;;;
;;;;;;;;;;;;;;;;;;;;;;;;;;;;;;;;;;;;
;;;;;;;;;;;;;;;;;;;;;;;;;;;;;;;;;;;;
;;;;;;;;;;;;;;;;;;;;;;;;;;;;;;;;;;;;
;;;;;;;;;;;;;;;;;;;;;;;;;;;;;;;;;;;;
;;;;;;;;;;;;;;;;;;;;;;;;;;;;;;;;;;;;
;;;;;;;;;;;;;;;;;;;;;;;;;;;;;;;;;;;;
;;;;;;;;;;;;;;;;;;;;;;;;;;;;;;;;;;;;
;;;;;;;;;;;;;;;;;;;;;;;;;;;;;;;;;;;;
;;;;;;;;;;;;;;;;;;;;;;;;;;;;;;;;;;;;
;;;;;;;;;;;;;;;;;;;;;;;;;;;;;;;;;;;;
;;;;;;;;;;;;;;;;;;;;;;;;;;;;;;;;;;;;
;;;;;;;;;;;;;;;;;;;;;;;;;;;;;;;;;;;;
;;;;;;;;;;;;;;;;;;;;;;;;;;;;;;;;;;;;
;;;;;;;;;;;;;;;;;;;;;;;;;;;;;;;;;;;;
;;;;;;;;;;;;;;;;;;;;;;;;;;;;;;;;;;;;
;;;;;;;;;;;;;;;;;;;;;;;;;;;;;;;;;;;;
;;;;;;;;;;;;;;;;;;;;;;;;;;;;;;;;;;;;
;;;;;;;;;;;;;;;;;;;;;;;;;;;;;;;;;;;;
;;;;;;;;;;;;;;;;;;;;;;;;;;;;;;;;;;;;
;;;;;;;;;;;;;;;;;;;;;;;;;;;;;;;;;;;;
;;;;;;;;;;;;;;;;;;;;;;;;;;;;;;;;;;;;
;;;;;;;;;;;;;;;;;;;;;;;;;;;;;;;;;;;;
;;;;;;;;;;;;;;;;;;;;;;;;;;;;;;;;;;;;
;;;;;;;;;;;;;;;;;;;;;;;;;;;;;;;;;;;;
;;;;;;;;;;;;;;;;;;;;;;;;;;;;;;;;;;;;
;;;;;;;;;;;;;;;;;;;;;;;;;;;;;;;;;;;;
;;;;;;;;;;;;;;;;;;;;;;;;;;;;;;;;;;;;
;;;;;;;;;;;;;;;;;;;;;;;;;;;;;;;;;;;;
;;;;;;;;;;;;;;;;;;;;;;;;;;;;;;;;;;;;
;;;;;;;;;;;;;;;;;;;;;;;;;;;;;;;;;;;;
;;;;;;;;;;;;;;;;;;;;;;;;;;;;;;;;;;;;
;;;;;;;;;;;;;;;;;;;;;;;;;;;;;;;;;;;;
;;;;;;;;;;;;;;;;;;;;;;;;;;;;;;;;;;;;
;;;;;;;;;;;;;;;;;;;;;;;;;;;;;;;;;;;;
;;;;;;;;;;;;;;;;;;;;;;;;;;;;;;;;;;;;
;;;;;;;;;;;;;;;;;;;;;;;;;;;;;;;;;;;;
;;;;;;;;;;;;;;;;;;;;;;;;;;;;;;;;;;;;
;;;;;;;;;;;;;;;;;;;;;;;;;;;;;;;;;;;;
;;;;;;;;;;;;;;;;;;;;;;;;;;;;;;;;;;;;
;;;;;;;;;;;;;;;;;;;;;;;;;;;;;;;;;;;;
;;;;;;;;;;;;;;;;;;;;;;;;;;;;;;;;;;;;
;;;;;;;;;;;;;;;;;;;;;;;;;;;;;;;;;;;;
;;;;;;;;;;;;;;;;;;;;;;;;;;;;;;;;;;;;
;;;;;;;;;;;;;;;;;;;;;;;;;;;;;;;;;;;;
;;;;;;;;;;;;;;;;;;;;;;;;;;;;;;;;;;;;
;;;;;;;;;;;;;;;;;;;;;;;;;;;;;;;;;;;;
;;;;;;;;;;;;;;;;;;;;;;;;;;;;;;;;;;;;
;;;;;;;;;;;;;;;;;;;;;;;;;;;;;;;;;;;;
;;;;;;;;;;;;;;;;;;;;;;;;;;;;;;;;;;;;
;;;;;;;;;;;;;;;;;;;;;;;;;;;;;;;;;;;;
;;;;;;;;;;;;;;;;;;;;;;;;;;;;;;;;;;;;
;;;;;;;;;;;;;;;;;;;;;;;;;;;;;;;;;;;;
;;;;;;;;;;;;;;;;;;;;;;;;;;;;;;;;;;;;
;;;;;;;;;;;;;;;;;;;;;;;;;;;;;;;;;;;;
;;;;;;;;;;;;;;;;;;;;;;;;;;;;;;;;;;;;
;;;;;;;;;;;;;;;;;;;;;;;;;;;;;;;;;;;;
;;;;;;;;;;;;;;;;;;;;;;;;;;;;;;;;;;;;
;;;;;;;;;;;;;;;;;;;;;;;;;;;;;;;;;;;;
;;;;;;;;;;;;;;;;;;;;;;;;;;;;;;;;;;;;
;;;;;;;;;;;;;;;;;;;;;;;;;;;;;;;;;;;;
;;;;;;;;;;;;;;;;;;;;;;;;;;;;;;;;;;;;
;;;;;;;;;;;;;;;;;;;;;;;;;;;;;;;;;;;;
;;;;;;;;;;;;;;;;;;;;;;;;;;;;;;;;;;;;
;;;;;;;;;;;;;;;;;;;;;;;;;;;;;;;;;;;;
;;;;;;;;;;;;;;;;;;;;;;;;;;;;;;;;;;;;
;;;;;;;;;;;;;;;;;;;;;;;;;;;;;;;;;;;;
;;;;;;;;;;;;;;;;;;;;;;;;;;;;;;;;;;;;
;;;;;;;;;;;;;;;;;;;;;;;;;;;;;;;;;;;;
;;;;;;;;;;;;;;;;;;;;;;;;;;;;;;;;;;;;
;;;;;;;;;;;;;;;;;;;;;;;;;;;;;;;;;;;;
;;;;;;;;;;;;;;;;;;;;;;;;;;;;;;;;;;;;
;;;;;;;;;;;;;;;;;;;;;;;;;;;;;;;;;;;;
;;;;;;;;;;;;;;;;;;;;;;;;;;;;;;;;;;;;
;;;;;;;;;;;;;;;;;;;;;;;;;;;;;;;;;;;;
;;;;;;;;;;;;;;;;;;;;;;;;;;;;;;;;;;;;
;;;;;;;;;;;;;;;;;;;;;;;;;;;;;;;;;;;;
;;;;;;;;;;;;;;;;;;;;;;;;;;;;;;;;;;;;
;;;;;;;;;;;;;;;;;;;;;;;;;;;;;;;;;;;;
;;;;;;;;;;;;;;;;;;;;;;;;;;;;;;;;;;;;
;;;;;;;;;;;;;;;;;;;;;;;;;;;;;;;;;;;;
;;;;;;;;;;;;;;;;;;;;;;;;;;;;;;;;;;;;
;;;;;;;;;;;;;;;;;;;;;;;;;;;;;;;;;;;;
;;;;;;;;;;;;;;;;;;;;;;;;;;;;;;;;;;;;
;;;;;;;;;;;;;;;;;;;;;;;;;;;;;;;;;;;;
;;;;;;;;;;;;;;;;;;;;;;;;;;;;;;;;;;;;
;;;;;;;;;;;;;;;;;;;;;;;;;;;;;;;;;;;;
;;;;;;;;;;;;;;;;;;;;;;;;;;;;;;;;;;;;
;;;;;;;;;;;;;;;;;;;;;;;;;;;;;;;;;;;;
;;;;;;;;;;;;;;;;;;;;;;;;;;;;;;;;;;;;
;;;;;;;;;;;;;;;;;;;;;;;;;;;;;;;;;;;;
;;;;;;;;;;;;;;;;;;;;;;;;;;;;;;;;;;;;
;;;;;;;;;;;;;;;;;;;;;;;;;;;;;;;;;;;;
;;;;;;;;;;;;;;;;;;;;;;;;;;;;;;;;;;;;
;;;;;;;;;;;;;;;;;;;;;;;;;;;;;;;;;;;;
;;;;;;;;;;;;;;;;;;;;;;;;;;;;;;;;;;;;
;;;;;;;;;;;;;;;;;;;;;;;;;;;;;;;;;;;;
;;;;;;;;;;;;;;;;;;;;;;;;;;;;;;;;;;;;
;;;;;;;;;;;;;;;;;;;;;;;;;;;;;;;;;;;;
;;;;;;;;;;;;;;;;;;;;;;;;;;;;;;;;;;;;
;;;;;;;;;;;;;;;;;;;;;;;;;;;;;;;;;;;;
;;;;;;;;;;;;;;;;;;;;;;;;;;;;;;;;;;;;
;;;;;;;;;;;;;;;;;;;;;;;;;;;;;;;;;;;;
;;;;;;;;;;;;;;;;;;;;;;;;;;;;;;;;;;;;
;;;;;;;;;;;;;;;;;;;;;;;;;;;;;;;;;;;;
;;;;;;;;;;;;;;;;;;;;;;;;;;;;;;;;;;;;
;;;;;;;;;;;;;;;;;;;;;;;;;;;;;;;;;;;;
;;;;;;;;;;;;;;;;;;;;;;;;;;;;;;;;;;;;
;;;;;;;;;;;;;;;;;;;;;;;;;;;;;;;;;;;;
;;;;;;;;;;;;;;;;;;;;;;;;;;;;;;;;;;;;
;;;;;;;;;;;;;;;;;;;;;;;;;;;;;;;;;;;;
;;;;;;;;;;;;;;;;;;;;;;;;;;;;;;;;;;;;
;;;;;;;;;;;;;;;;;;;;;;;;;;;;;;;;;;;;
;;;;;;;;;;;;;;;;;;;;;;;;;;;;;;;;;;;;
;;;;;;;;;;;;;;;;;;;;;;;;;;;;;;;;;;;;
;;;;;;;;;;;;;;;;;;;;;;;;;;;;;;;;;;;;
;;;;;;;;;;;;;;;;;;;;;;;;;;;;;;;;;;;;
;;;;;;;;;;;;;;;;;;;;;;;;;;;;;;;;;;;;
;;;;;;;;;;;;;;;;;;;;;;;;;;;;;;;;;;;;
;;;;;;;;;;;;;;;;;;;;;;;;;;;;;;;;;;;;
;;;;;;;;;;;;;;;;;;;;;;;;;;;;;;;;;;;;
;;;;;;;;;;;;;;;;;;;;;;;;;;;;;;;;;;;;
;;;;;;;;;;;;;;;;;;;;;;;;;;;;;;;;;;;;
;;;;;;;;;;;;;;;;;;;;;;;;;;;;;;;;;;;;
;;;;;;;;;;;;;;;;;;;;;;;;;;;;;;;;;;;;
;;;;;;;;;;;;;;;;;;;;;;;;;;;;;;;;;;;;
;;;;;;;;;;;;;;;;;;;;;;;;;;;;;;;;;;;;
;;;;;;;;;;;;;;;;;;;;;;;;;;;;;;;;;;;;
;;;;;;;;;;;;;;;;;;;;;;;;;;;;;;;;;;;;
;;;;;;;;;;;;;;;;;;;;;;;;;;;;;;;;;;;;
;;;;;;;;;;;;;;;;;;;;;;;;;;;;;;;;;;;;
;;;;;;;;;;;;;;;;;;;;;;;;;;;;;;;;;;;;
;;;;;;;;;;;;;;;;;;;;;;;;;;;;;;;;;;;;
;;;;;;;;;;;;;;;;;;;;;;;;;;;;;;;;;;;;
;;;;;;;;;;;;;;;;;;;;;;;;;;;;;;;;;;;;
;;;;;;;;;;;;;;;;;;;;;;;;;;;;;;;;;;;;
;;;;;;;;;;;;;;;;;;;;;;;;;;;;;;;;;;;;
;;;;;;;;;;;;;;;;;;;;;;;;;;;;;;;;;;;;
;;;;;;;;;;;;;;;;;;;;;;;;;;;;;;;;;;;;
;;;;;;;;;;;;;;;;;;;;;;;;;;;;;;;;;;;;
;;;;;;;;;;;;;;;;;;;;;;;;;;;;;;;;;;;;
;;;;;;;;;;;;;;;;;;;;;;;;;;;;;;;;;;;;
;;;;;;;;;;;;;;;;;;;;;;;;;;;;;;;;;;;;
;;;;;;;;;;;;;;;;;;;;;;;;;;;;;;;;;;;;
;;;;;;;;;;;;;;;;;;;;;;;;;;;;;;;;;;;;
;;;;;;;;;;;;;;;;;;;;;;;;;;;;;;;;;;;;
;;;;;;;;;;;;;;;;;;;;;;;;;;;;;;;;;;;;
;;;;;;;;;;;;;;;;;;;;;;;;;;;;;;;;;;;;
;;;;;;;;;;;;;;;;;;;;;;;;;;;;;;;;;;;;
;;;;;;;;;;;;;;;;;;;;;;;;;;;;;;;;;;;;
;;;;;;;;;;;;;;;;;;;;;;;;;;;;;;;;;;;;
;;;;;;;;;;;;;;;;;;;;;;;;;;;;;;;;;;;;
;;;;;;;;;;;;;;;;;;;;;;;;;;;;;;;;;;;;
;;;;;;;;;;;;;;;;;;;;;;;;;;;;;;;;;;;;
;;;;;;;;;;;;;;;;;;;;;;;;;;;;;;;;;;;;
;;;;;;;;;;;;;;;;;;;;;;;;;;;;;;;;;;;;
;;;;;;;;;;;;;;;;;;;;;;;;;;;;;;;;;;;;
;;;;;;;;;;;;;;;;;;;;;;;;;;;;;;;;;;;;
;;;;;;;;;;;;;;;;;;;;;;;;;;;;;;;;;;;;
;;;;;;;;;;;;;;;;;;;;;;;;;;;;;;;;;;;;
;;;;;;;;;;;;;;;;;;;;;;;;;;;;;;;;;;;;
;;;;;;;;;;;;;;;;;;;;;;;;;;;;;;;;;;;;
;;;;;;;;;;;;;;;;;;;;;;;;;;;;;;;;;;;;
;;;;;;;;;;;;;;;;;;;;;;;;;;;;;;;;;;;;
;;;;;;;;;;;;;;;;;;;;;;;;;;;;;;;;;;;;
;;;;;;;;;;;;;;;;;;;;;;;;;;;;;;;;;;;;
;;;;;;;;;;;;;;;;;;;;;;;;;;;;;;;;;;;;
;;;;;;;;;;;;;;;;;;;;;;;;;;;;;;;;;;;;
;;;;;;;;;;;;;;;;;;;;;;;;;;;;;;;;;;;;
;;;;;;;;;;;;;;;;;;;;;;;;;;;;;;;;;;;;
;;;;;;;;;;;;;;;;;;;;;;;;;;;;;;;;;;;;
;;;;;;;;;;;;;;;;;;;;;;;;;;;;;;;;;;;;
;;;;;;;;;;;;;;;;;;;;;;;;;;;;;;;;;;;;
;;;;;;;;;;;;;;;;;;;;;;;;;;;;;;;;;;;;
;;;;;;;;;;;;;;;;;;;;;;;;;;;;;;;;;;;;
;;;;;;;;;;;;;;;;;;;;;;;;;;;;;;;;;;;;
;;;;;;;;;;;;;;;;;;;;;;;;;;;;;;;;;;;;
;;;;;;;;;;;;;;;;;;;;;;;;;;;;;;;;;;;;
;;;;;;;;;;;;;;;;;;;;;;;;;;;;;;;;;;;;
;;;;;;;;;;;;;;;;;;;;;;;;;;;;;;;;;;;;
;;;;;;;;;;;;;;;;;;;;;;;;;;;;;;;;;;;;
;;;;;;;;;;;;;;;;;;;;;;;;;;;;;;;;;;;;
;;;;;;;;;;;;;;;;;;;;;;;;;;;;;;;;;;;;
;;;;;;;;;;;;;;;;;;;;;;;;;;;;;;;;;;;;
;;;;;;;;;;;;;;;;;;;;;;;;;;;;;;;;;;;;
;;;;;;;;;;;;;;;;;;;;;;;;;;;;;;;;;;;;
;;;;;;;;;;;;;;;;;;;;;;;;;;;;;;;;;;;;
;;;;;;;;;;;;;;;;;;;;;;;;;;;;;;;;;;;;
;;;;;;;;;;;;;;;;;;;;;;;;;;;;;;;;;;;;
;;;;;;;;;;;;;;;;;;;;;;;;;;;;;;;;;;;;
;;;;;;;;;;;;;;;;;;;;;;;;;;;;;;;;;;;;
;;;;;;;;;;;;;;;;;;;;;;;;;;;;;;;;;;;;
;;;;;;;;;;;;;;;;;;;;;;;;;;;;;;;;;;;;
;;;;;;;;;;;;;;;;;;;;;;;;;;;;;;;;;;;;
;;;;;;;;;;;;;;;;;;;;;;;;;;;;;;;;;;;;
;;;;;;;;;;;;;;;;;;;;;;;;;;;;;;;;;;;;
;;;;;;;;;;;;;;;;;;;;;;;;;;;;;;;;;;;;
;;;;;;;;;;;;;;;;;;;;;;;;;;;;;;;;;;;;
;;;;;;;;;;;;;;;;;;;;;;;;;;;;;;;;;;;;
;;;;;;;;;;;;;;;;;;;;;;;;;;;;;;;;;;;;
;;;;;;;;;;;;;;;;;;;;;;;;;;;;;;;;;;;;
;;;;;;;;;;;;;;;;;;;;;;;;;;;;;;;;;;;;
;;;;;;;;;;;;;;;;;;;;;;;;;;;;;;;;;;;;
;;;;;;;;;;;;;;;;;;;;;;;;;;;;;;;;;;;;
;;;;;;;;;;;;;;;;;;;;;;;;;;;;;;;;;;;;
;;;;;;;;;;;;;;;;;;;;;;;;;;;;;;;;;;;;
;;;;;;;;;;;;;;;;;;;;;;;;;;;;;;;;;;;;
;;;;;;;;;;;;;;;;;;;;;;;;;;;;;;;;;;;;
;;;;;;;;;;;;;;;;;;;;;;;;;;;;;;;;;;;;
;;;;;;;;;;;;;;;;;;;;;;;;;;;;;;;;;;;;
;;;;;;;;;;;;;;;;;;;;;;;;;;;;;;;;;;;;
;;;;;;;;;;;;;;;;;;;;;;;;;;;;;;;;;;;;
;;;;;;;;;;;;;;;;;;;;;;;;;;;;;;;;;;;;
;;;;;;;;;;;;;;;;;;;;;;;;;;;;;;;;;;;;
;;;;;;;;;;;;;;;;;;;;;;;;;;;;;;;;;;;;
;;;;;;;;;;;;;;;;;;;;;;;;;;;;;;;;;;;;
;;;;;;;;;;;;;;;;;;;;;;;;;;;;;;;;;;;;
;;;;;;;;;;;;;;;;;;;;;;;;;;;;;;;;;;;;
;;;;;;;;;;;;;;;;;;;;;;;;;;;;;;;;;;;;
;;;;;;;;;;;;;;;;;;;;;;;;;;;;;;;;;;;;
;;;;;;;;;;;;;;;;;;;;;;;;;;;;;;;;;;;;
;;;;;;;;;;;;;;;;;;;;;;;;;;;;;;;;;;;;
;;;;;;;;;;;;;;;;;;;;;;;;;;;;;;;;;;;;
;;;;;;;;;;;;;;;;;;;;;;;;;;;;;;;;;;;;
;;;;;;;;;;;;;;;;;;;;;;;;;;;;;;;;;;;;
;;;;;;;;;;;;;;;;;;;;;;;;;;;;;;;;;;;;
;;;;;;;;;;;;;;;;;;;;;;;;;;;;;;;;;;;;
;;;;;;;;;;;;;;;;;;;;;;;;;;;;;;;;;;;;
;;;;;;;;;;;;;;;;;;;;;;;;;;;;;;;;;;;;
;;;;;;;;;;;;;;;;;;;;;;;;;;;;;;;;;;;;
;;;;;;;;;;;;;;;;;;;;;;;;;;;;;;;;;;;;
;;;;;;;;;;;;;;;;;;;;;;;;;;;;;;;;;;;;
;;;;;;;;;;;;;;;;;;;;;;;;;;;;;;;;;;;;
;;;;;;;;;;;;;;;;;;;;;;;;;;;;;;;;;;;;
;;;;;;;;;;;;;;;;;;;;;;;;;;;;;;;;;;;;
;;;;;;;;;;;;;;;;;;;;;;;;;;;;;;;;;;;;
;;;;;;;;;;;;;;;;;;;;;;;;;;;;;;;;;;;;
;;;;;;;;;;;;;;;;;;;;;;;;;;;;;;;;;;;;
;;;;;;;;;;;;;;;;;;;;;;;;;;;;;;;;;;;;
;;;;;;;;;;;;;;;;;;;;;;;;;;;;;;;;;;;;
;;;;;;;;;;;;;;;;;;;;;;;;;;;;;;;;;;;;
;;;;;;;;;;;;;;;;;;;;;;;;;;;;;;;;;;;;
;;;;;;;;;;;;;;;;;;;;;;;;;;;;;;;;;;;;
;;;;;;;;;;;;;;;;;;;;;;;;;;;;;;;;;;;;
;;;;;;;;;;;;;;;;;;;;;;;;;;;;;;;;;;;;
;;;;;;;;;;;;;;;;;;;;;;;;;;;;;;;;;;;;
;;;;;;;;;;;;;;;;;;;;;;;;;;;;;;;;;;;;
;;;;;;;;;;;;;;;;;;;;;;;;;;;;;;;;;;;;
;;;;;;;;;;;;;;;;;;;;;;;;;;;;;;;;;;;;
;;;;;;;;;;;;;;;;;;;;;;;;;;;;;;;;;;;;
;;;;;;;;;;;;;;;;;;;;;;;;;;;;;;;;;;;;
;;;;;;;;;;;;;;;;;;;;;;;;;;;;;;;;;;;;
;;;;;;;;;;;;;;;;;;;;;;;;;;;;;;;;;;;;
;;;;;;;;;;;;;;;;;;;;;;;;;;;;;;;;;;;;
;;;;;;;;;;;;;;;;;;;;;;;;;;;;;;;;;;;;
;;;;;;;;;;;;;;;;;;;;;;;;;;;;;;;;;;;;
;;;;;;;;;;;;;;;;;;;;;;;;;;;;;;;;;;;;
;;;;;;;;;;;;;;;;;;;;;;;;;;;;;;;;;;;;
;;;;;;;;;;;;;;;;;;;;;;;;;;;;;;;;;;;;
;;;;;;;;;;;;;;;;;;;;;;;;;;;;;;;;;;;;
;;;;;;;;;;;;;;;;;;;;;;;;;;;;;;;;;;;;
;;;;;;;;;;;;;;;;;;;;;;;;;;;;;;;;;;;;
;;;;;;;;;;;;;;;;;;;;;;;;;;;;;;;;;;;;
;;;;;;;;;;;;;;;;;;;;;;;;;;;;;;;;;;;;
;;;;;;;;;;;;;;;;;;;;;;;;;;;;;;;;;;;;
;;;;;;;;;;;;;;;;;;;;;;;;;;;;;;;;;;;;
;;;;;;;;;;;;;;;;;;;;;;;;;;;;;;;;;;;;
;;;;;;;;;;;;;;;;;;;;;;;;;;;;;;;;;;;;
;;;;;;;;;;;;;;;;;;;;;;;;;;;;;;;;;;;;
;;;;;;;;;;;;;;;;;;;;;;;;;;;;;;;;;;;;
;;;;;;;;;;;;;;;;;;;;;;;;;;;;;;;;;;;;
;;;;;;;;;;;;;;;;;;;;;;;;;;;;;;;;;;;;
;;;;;;;;;;;;;;;;;;;;;;;;;;;;;;;;;;;;
;;;;;;;;;;;;;;;;;;;;;;;;;;;;;;;;;;;;
;;;;;;;;;;;;;;;;;;;;;;;;;;;;;;;;;;;;
;;;;;;;;;;;;;;;;;;;;;;;;;;;;;;;;;;;;
;;;;;;;;;;;;;;;;;;;;;;;;;;;;;;;;;;;;
;;;;;;;;;;;;;;;;;;;;;;;;;;;;;;;;;;;;
;;;;;;;;;;;;;;;;;;;;;;;;;;;;;;;;;;;;
;;;;;;;;;;;;;;;;;;;;;;;;;;;;;;;;;;;;
;;;;;;;;;;;;;;;;;;;;;;;;;;;;;;;;;;;;
;;;;;;;;;;;;;;;;;;;;;;;;;;;;;;;;;;;;
;;;;;;;;;;;;;;;;;;;;;;;;;;;;;;;;;;;;
;;;;;;;;;;;;;;;;;;;;;;;;;;;;;;;;;;;;
;;;;;;;;;;;;;;;;;;;;;;;;;;;;;;;;;;;;
;;;;;;;;;;;;;;;;;;;;;;;;;;;;;;;;;;;;
;;;;;;;;;;;;;;;;;;;;;;;;;;;;;;;;;;;;
;;;;;;;;;;;;;;;;;;;;;;;;;;;;;;;;;;;;
;;;;;;;;;;;;;;;;;;;;;;;;;;;;;;;;;;;;
;;;;;;;;;;;;;;;;;;;;;;;;;;;;;;;;;;;;
;;;;;;;;;;;;;;;;;;;;;;;;;;;;;;;;;;;;
;;;;;;;;;;;;;;;;;;;;;;;;;;;;;;;;;;;;
;;;;;;;;;;;;;;;;;;;;;;;;;;;;;;;;;;;;
;;;;;;;;;;;;;;;;;;;;;;;;;;;;;;;;;;;;
;;;;;;;;;;;;;;;;;;;;;;;;;;;;;;;;;;;;
;;;;;;;;;;;;;;;;;;;;;;;;;;;;;;;;;;;;
;;;;;;;;;;;;;;;;;;;;;;;;;;;;;;;;;;;;
;;;;;;;;;;;;;;;;;;;;;;;;;;;;;;;;;;;;
;;;;;;;;;;;;;;;;;;;;;;;;;;;;;;;;;;;;
;;;;;;;;;;;;;;;;;;;;;;;;;;;;;;;;;;;;
;;;;;;;;;;;;;;;;;;;;;;;;;;;;;;;;;;;;
;;;;;;;;;;;;;;;;;;;;;;;;;;;;;;;;;;;;
;;;;;;;;;;;;;;;;;;;;;;;;;;;;;;;;;;;;
;;;;;;;;;;;;;;;;;;;;;;;;;;;;;;;;;;;;
;;;;;;;;;;;;;;;;;;;;;;;;;;;;;;;;;;;;
;;;;;;;;;;;;;;;;;;;;;;;;;;;;;;;;;;;;
;;;;;;;;;;;;;;;;;;;;;;;;;;;;;;;;;;;;
;;;;;;;;;;;;;;;;;;;;;;;;;;;;;;;;;;;;
;;;;;;;;;;;;;;;;;;;;;;;;;;;;;;;;;;;;
;;;;;;;;;;;;;;;;;;;;;;;;;;;;;;;;;;;;
;;;;;;;;;;;;;;;;;;;;;;;;;;;;;;;;;;;;
;;;;;;;;;;;;;;;;;;;;;;;;;;;;;;;;;;;;
;;;;;;;;;;;;;;;;;;;;;;;;;;;;;;;;;;;;
;;;;;;;;;;;;;;;;;;;;;;;;;;;;;;;;;;;;
;;;;;;;;;;;;;;;;;;;;;;;;;;;;;;;;;;;;
;;;;;;;;;;;;;;;;;;;;;;;;;;;;;;;;;;;;
;;;;;;;;;;;;;;;;;;;;;;;;;;;;;;;;;;;;
;;;;;;;;;;;;;;;;;;;;;;;;;;;;;;;;;;;;
;;;;;;;;;;;;;;;;;;;;;;;;;;;;;;;;;;;;
;;;;;;;;;;;;;;;;;;;;;;;;;;;;;;;;;;;;
;;;;;;;;;;;;;;;;;;;;;;;;;;;;;;;;;;;;
;;;;;;;;;;;;;;;;;;;;;;;;;;;;;;;;;;;;
;;;;;;;;;;;;;;;;;;;;;;;;;;;;;;;;;;;;
;;;;;;;;;;;;;;;;;;;;;;;;;;;;;;;;;;;;
;;;;;;;;;;;;;;;;;;;;;;;;;;;;;;;;;;;;
;;;;;;;;;;;;;;;;;;;;;;;;;;;;;;;;;;;;
;;;;;;;;;;;;;;;;;;;;;;;;;;;;;;;;;;;;
;;;;;;;;;;;;;;;;;;;;;;;;;;;;;;;;;;;;
;;;;;;;;;;;;;;;;;;;;;;;;;;;;;;;;;;;;
;;;;;;;;;;;;;;;;;;;;;;;;;;;;;;;;;;;;
;;;;;;;;;;;;;;;;;;;;;;;;;;;;;;;;;;;;
;;;;;;;;;;;;;;;;;;;;;;;;;;;;;;;;;;;;
;;;;;;;;;;;;;;;;;;;;;;;;;;;;;;;;;;;;
;;;;;;;;;;;;;;;;;;;;;;;;;;;;;;;;;;;;
;;;;;;;;;;;;;;;;;;;;;;;;;;;;;;;;;;;;
;;;;;;;;;;;;;;;;;;;;;;;;;;;;;;;;;;;;
;;;;;;;;;;;;;;;;;;;;;;;;;;;;;;;;;;;;
;;;;;;;;;;;;;;;;;;;;;;;;;;;;;;;;;;;;
;;;;;;;;;;;;;;;;;;;;;;;;;;;;;;;;;;;;
;;;;;;;;;;;;;;;;;;;;;;;;;;;;;;;;;;;;
;;;;;;;;;;;;;;;;;;;;;;;;;;;;;;;;;;;;
;;;;;;;;;;;;;;;;;;;;;;;;;;;;;;;;;;;;
;;;;;;;;;;;;;;;;;;;;;;;;;;;;;;;;;;;;
;;;;;;;;;;;;;;;;;;;;;;;;;;;;;;;;;;;;
;;;;;;;;;;;;;;;;;;;;;;;;;;;;;;;;;;;;
;;;;;;;;;;;;;;;;;;;;;;;;;;;;;;;;;;;;
;;;;;;;;;;;;;;;;;;;;;;;;;;;;;;;;;;;;
;;;;;;;;;;;;;;;;;;;;;;;;;;;;;;;;;;;;
;;;;;;;;;;;;;;;;;;;;;;;;;;;;;;;;;;;;
;;;;;;;;;;;;;;;;;;;;;;;;;;;;;;;;;;;;
;;;;;;;;;;;;;;;;;;;;;;;;;;;;;;;;;;;;
;;;;;;;;;;;;;;;;;;;;;;;;;;;;;;;;;;;;
;;;;;;;;;;;;;;;;;;;;;;;;;;;;;;;;;;;;
;;;;;;;;;;;;;;;;;;;;;;;;;;;;;;;;;;;;
;;;;;;;;;;;;;;;;;;;;;;;;;;;;;;;;;;;;
;;;;;;;;;;;;;;;;;;;;;;;;;;;;;;;;;;;;
;;;;;;;;;;;;;;;;;;;;;;;;;;;;;;;;;;;;
;;;;;;;;;;;;;;;;;;;;;;;;;;;;;;;;;;;;
;;;;;;;;;;;;;;;;;;;;;;;;;;;;;;;;;;;;
;;;;;;;;;;;;;;;;;;;;;;;;;;;;;;;;;;;;
;;;;;;;;;;;;;;;;;;;;;;;;;;;;;;;;;;;;
;;;;;;;;;;;;;;;;;;;;;;;;;;;;;;;;;;;;
;;;;;;;;;;;;;;;;;;;;;;;;;;;;;;;;;;;;
;;;;;;;;;;;;;;;;;;;;;;;;;;;;;;;;;;;;
;;;;;;;;;;;;;;;;;;;;;;;;;;;;;;;;;;;;
;;;;;;;;;;;;;;;;;;;;;;;;;;;;;;;;;;;;
;;;;;;;;;;;;;;;;;;;;;;;;;;;;;;;;;;;;
;;;;;;;;;;;;;;;;;;;;;;;;;;;;;;;;;;;;
;;;;;;;;;;;;;;;;;;;;;;;;;;;;;;;;;;;;
;;;;;;;;;;;;;;;;;;;;;;;;;;;;;;;;;;;;
;;;;;;;;;;;;;;;;;;;;;;;;;;;;;;;;;;;;
;;;;;;;;;;;;;;;;;;;;;;;;;;;;;;;;;;;;
;;;;;;;;;;;;;;;;;;;;;;;;;;;;;;;;;;;;
;;;;;;;;;;;;;;;;;;;;;;;;;;;;;;;;;;;;
;;;;;;;;;;;;;;;;;;;;;;;;;;;;;;;;;;;;
;;;;;;;;;;;;;;;;;;;;;;;;;;;;;;;;;;;;
;;;;;;;;;;;;;;;;;;;;;;;;;;;;;;;;;;;;
;;;;;;;;;;;;;;;;;;;;;;;;;;;;;;;;;;;;
;;;;;;;;;;;;;;;;;;;;;;;;;;;;;;;;;;;;
;;;;;;;;;;;;;;;;;;;;;;;;;;;;;;;;;;;;
;;;;;;;;;;;;;;;;;;;;;;;;;;;;;;;;;;;;
;;;;;;;;;;;;;;;;;;;;;;;;;;;;;;;;;;;;
;;;;;;;;;;;;;;;;;;;;;;;;;;;;;;;;;;;;
;;;;;;;;;;;;;;;;;;;;;;;;;;;;;;;;;;;;
;;;;;;;;;;;;;;;;;;;;;;;;;;;;;;;;;;;;
;;;;;;;;;;;;;;;;;;;;;;;;;;;;;;;;;;;;
;;;;;;;;;;;;;;;;;;;;;;;;;;;;;;;;;;;;
;;;;;;;;;;;;;;;;;;;;;;;;;;;;;;;;;;;;
;;;;;;;;;;;;;;;;;;;;;;;;;;;;;;;;;;;;
;;;;;;;;;;;;;;;;;;;;;;;;;;;;;;;;;;;;
;;;;;;;;;;;;;;;;;;;;;;;;;;;;;;;;;;;;
;;;;;;;;;;;;;;;;;;;;;;;;;;;;;;;;;;;;
;;;;;;;;;;;;;;;;;;;;;;;;;;;;;;;;;;;;
;;;;;;;;;;;;;;;;;;;;;;;;;;;;;;;;;;;;
;;;;;;;;;;;;;;;;;;;;;;;;;;;;;;;;;;;;
;;;;;;;;;;;;;;;;;;;;;;;;;;;;;;;;;;;;
;;;;;;;;;;;;;;;;;;;;;;;;;;;;;;;;;;;;
;;;;;;;;;;;;;;;;;;;;;;;;;;;;;;;;;;;;
;;;;;;;;;;;;;;;;;;;;;;;;;;;;;;;;;;;;
;;;;;;;;;;;;;;;;;;;;;;;;;;;;;;;;;;;;
;;;;;;;;;;;;;;;;;;;;;;;;;;;;;;;;;;;;
;;;;;;;;;;;;;;;;;;;;;;;;;;;;;;;;;;;;
;;;;;;;;;;;;;;;;;;;;;;;;;;;;;;;;;;;;
;;;;;;;;;;;;;;;;;;;;;;;;;;;;;;;;;;;;
;;;;;;;;;;;;;;;;;;;;;;;;;;;;;;;;;;;;
;;;;;;;;;;;;;;;;;;;;;;;;;;;;;;;;;;;;
;;;;;;;;;;;;;;;;;;;;;;;;;;;;;;;;;;;;
;;;;;;;;;;;;;;;;;;;;;;;;;;;;;;;;;;;;
;;;;;;;;;;;;;;;;;;;;;;;;;;;;;;;;;;;;
;;;;;;;;;;;;;;;;;;;;;;;;;;;;;;;;;;;;
;;;;;;;;;;;;;;;;;;;;;;;;;;;;;;;;;;;;
;;;;;;;;;;;;;;;;;;;;;;;;;;;;;;;;;;;;
;;;;;;;;;;;;;;;;;;;;;;;;;;;;;;;;;;;;
;;;;;;;;;;;;;;;;;;;;;;;;;;;;;;;;;;;;
;;;;;;;;;;;;;;;;;;;;;;;;;;;;;;;;;;;;
;;;;;;;;;;;;;;;;;;;;;;;;;;;;;;;;;;;;
;;;;;;;;;;;;;;;;;;;;;;;;;;;;;;;;;;;;
;;;;;;;;;;;;;;;;;;;;;;;;;;;;;;;;;;;;
;;;;;;;;;;;;;;;;;;;;;;;;;;;;;;;;;;;;
;;;;;;;;;;;;;;;;;;;;;;;;;;;;;;;;;;;;
;;;;;;;;;;;;;;;;;;;;;;;;;;;;;;;;;;;;
;;;;;;;;;;;;;;;;;;;;;;;;;;;;;;;;;;;;
;;;;;;;;;;;;;;;;;;;;;;;;;;;;;;;;;;;;
;;;;;;;;;;;;;;;;;;;;;;;;;;;;;;;;;;;;
;;;;;;;;;;;;;;;;;;;;;;;;;;;;;;;;;;;;
;;;;;;;;;;;;;;;;;;;;;;;;;;;;;;;;;;;;
;;;;;;;;;;;;;;;;;;;;;;;;;;;;;;;;;;;;
;;;;;;;;;;;;;;;;;;;;;;;;;;;;;;;;;;;;
;;;;;;;;;;;;;;;;;;;;;;;;;;;;;;;;;;;;
;;;;;;;;;;;;;;;;;;;;;;;;;;;;;;;;;;;;
;;;;;;;;;;;;;;;;;;;;;;;;;;;;;;;;;;;;
;;;;;;;;;;;;;;;;;;;;;;;;;;;;;;;;;;;;
;;;;;;;;;;;;;;;;;;;;;;;;;;;;;;;;;;;;
;;;;;;;;;;;;;;;;;;;;;;;;;;;;;;;;;;;;
;;;;;;;;;;;;;;;;;;;;;;;;;;;;;;;;;;;;
;;;;;;;;;;;;;;;;;;;;;;;;;;;;;;;;;;;;
;;;;;;;;;;;;;;;;;;;;;;;;;;;;;;;;;;;;
;;;;;;;;;;;;;;;;;;;;;;;;;;;;;;;;;;;;
;;;;;;;;;;;;;;;;;;;;;;;;;;;;;;;;;;;;
;;;;;;;;;;;;;;;;;;;;;;;;;;;;;;;;;;;;
;;;;;;;;;;;;;;;;;;;;;;;;;;;;;;;;;;;;
;;;;;;;;;;;;;;;;;;;;;;;;;;;;;;;;;;;;
;;;;;;;;;;;;;;;;;;;;;;;;;;;;;;;;;;;;
;;;;;;;;;;;;;;;;;;;;;;;;;;;;;;;;;;;;
;;;;;;;;;;;;;;;;;;;;;;;;;;;;;;;;;;;;
;;;;;;;;;;;;;;;;;;;;;;;;;;;;;;;;;;;;
;;;;;;;;;;;;;;;;;;;;;;;;;;;;;;;;;;;;
;;;;;;;;;;;;;;;;;;;;;;;;;;;;;;;;;;;;
;;;;;;;;;;;;;;;;;;;;;;;;;;;;;;;;;;;;
;;;;;;;;;;;;;;;;;;;;;;;;;;;;;;;;;;;;
;;;;;;;;;;;;;;;;;;;;;;;;;;;;;;;;;;;;
;;;;;;;;;;;;;;;;;;;;;;;;;;;;;;;;;;;;
;;;;;;;;;;;;;;;;;;;;;;;;;;;;;;;;;;;;
;;;;;;;;;;;;;;;;;;;;;;;;;;;;;;;;;;;;
;;;;;;;;;;;;;;;;;;;;;;;;;;;;;;;;;;;;
;;;;;;;;;;;;;;;;;;;;;;;;;;;;;;;;;;;;
;;;;;;;;;;;;;;;;;;;;;;;;;;;;;;;;;;;;
;;;;;;;;;;;;;;;;;;;;;;;;;;;;;;;;;;;;
;;;;;;;;;;;;;;;;;;;;;;;;;;;;;;;;;;;;
;;;;;;;;;;;;;;;;;;;;;;;;;;;;;;;;;;;;
;;;;;;;;;;;;;;;;;;;;;;;;;;;;;;;;;;;;
;;;;;;;;;;;;;;;;;;;;;;;;;;;;;;;;;;;;
;;;;;;;;;;;;;;;;;;;;;;;;;;;;;;;;;;;;
;;;;;;;;;;;;;;;;;;;;;;;;;;;;;;;;;;;;
;;;;;;;;;;;;;;;;;;;;;;;;;;;;;;;;;;;;
;;;;;;;;;;;;;;;;;;;;;;;;;;;;;;;;;;;;
;;;;;;;;;;;;;;;;;;;;;;;;;;;;;;;;;;;;
;;;;;;;;;;;;;;;;;;;;;;;;;;;;;;;;;;;;
;;;;;;;;;;;;;;;;;;;;;;;;;;;;;;;;;;;;
;;;;;;;;;;;;;;;;;;;;;;;;;;;;;;;;;;;;
;;;;;;;;;;;;;;;;;;;;;;;;;;;;;;;;;;;;
;;;;;;;;;;;;;;;;;;;;;;;;;;;;;;;;;;;;
;;;;;;;;;;;;;;;;;;;;;;;;;;;;;;;;;;;;
;;;;;;;;;;;;;;;;;;;;;;;;;;;;;;;;;;;;
;;;;;;;;;;;;;;;;;;;;;;;;;;;;;;;;;;;;
;;;;;;;;;;;;;;;;;;;;;;;;;;;;;;;;;;;;
;;;;;;;;;;;;;;;;;;;;;;;;;;;;;;;;;;;;
;;;;;;;;;;;;;;;;;;;;;;;;;;;;;;;;;;;;
;;;;;;;;;;;;;;;;;;;;;;;;;;;;;;;;;;;;
;;;;;;;;;;;;;;;;;;;;;;;;;;;;;;;;;;;;
;;;;;;;;;;;;;;;;;;;;;;;;;;;;;;;;;;;;
;;;;;;;;;;;;;;;;;;;;;;;;;;;;;;;;;;;;
;;;;;;;;;;;;;;;;;;;;;;;;;;;;;;;;;;;;
;;;;;;;;;;;;;;;;;;;;;;;;;;;;;;;;;;;;
;;;;;;;;;;;;;;;;;;;;;;;;;;;;;;;;;;;;
;;;;;;;;;;;;;;;;;;;;;;;;;;;;;;;;;;;;
;;;;;;;;;;;;;;;;;;;;;;;;;;;;;;;;;;;;
;;;;;;;;;;;;;;;;;;;;;;;;;;;;;;;;;;;;
;;;;;;;;;;;;;;;;;;;;;;;;;;;;;;;;;;;;
;;;;;;;;;;;;;;;;;;;;;;;;;;;;;;;;;;;;
;;;;;;;;;;;;;;;;;;;;;;;;;;;;;;;;;;;;
;;;;;;;;;;;;;;;;;;;;;;;;;;;;;;;;;;;;
;;;;;;;;;;;;;;;;;;;;;;;;;;;;;;;;;;;;
;;;;;;;;;;;;;;;;;;;;;;;;;;;;;;;;;;;;
;;;;;;;;;;;;;;;;;;;;;;;;;;;;;;;;;;;;
;;;;;;;;;;;;;;;;;;;;;;;;;;;;;;;;;;;;
;;;;;;;;;;;;;;;;;;;;;;;;;;;;;;;;;;;;
;;;;;;;;;;;;;;;;;;;;;;;;;;;;;;;;;;;;
;;;;;;;;;;;;;;;;;;;;;;;;;;;;;;;;;;;;
;;;;;;;;;;;;;;;;;;;;;;;;;;;;;;;;;;;;
;;;;;;;;;;;;;;;;;;;;;;;;;;;;;;;;;;;;
;;;;;;;;;;;;;;;;;;;;;;;;;;;;;;;;;;;;
;;;;;;;;;;;;;;;;;;;;;;;;;;;;;;;;;;;;
;;;;;;;;;;;;;;;;;;;;;;;;;;;;;;;;;;;;
;;;;;;;;;;;;;;;;;;;;;;;;;;;;;;;;;;;;
;;;;;;;;;;;;;;;;;;;;;;;;;;;;;;;;;;;;
;;;;;;;;;;;;;;;;;;;;;;;;;;;;;;;;;;;;
;;;;;;;;;;;;;;;;;;;;;;;;;;;;;;;;;;;;
;;;;;;;;;;;;;;;;;;;;;;;;;;;;;;;;;;;;
;;;;;;;;;;;;;;;;;;;;;;;;;;;;;;;;;;;;
;;;;;;;;;;;;;;;;;;;;;;;;;;;;;;;;;;;;
;;;;;;;;;;;;;;;;;;;;;;;;;;;;;;;;;;;;
;;;;;;;;;;;;;;;;;;;;;;;;;;;;;;;;;;;;
;;;;;;;;;;;;;;;;;;;;;;;;;;;;;;;;;;;;
;;;;;;;;;;;;;;;;;;;;;;;;;;;;;;;;;;;;
;;;;;;;;;;;;;;;;;;;;;;;;;;;;;;;;;;;;
;;;;;;;;;;;;;;;;;;;;;;;;;;;;;;;;;;;;
;;;;;;;;;;;;;;;;;;;;;;;;;;;;;;;;;;;;
;;;;;;;;;;;;;;;;;;;;;;;;;;;;;;;;;;;;
;;;;;;;;;;;;;;;;;;;;;;;;;;;;;;;;;;;;
;;;;;;;;;;;;;;;;;;;;;;;;;;;;;;;;;;;;
;;;;;;;;;;;;;;;;;;;;;;;;;;;;;;;;;;;;
;;;;;;;;;;;;;;;;;;;;;;;;;;;;;;;;;;;;
;;;;;;;;;;;;;;;;;;;;;;;;;;;;;;;;;;;;
;;;;;;;;;;;;;;;;;;;;;;;;;;;;;;;;;;;;
;;;;;;;;;;;;;;;;;;;;;;;;;;;;;;;;;;;;
;;;;;;;;;;;;;;;;;;;;;;;;;;;;;;;;;;;;
;;;;;;;;;;;;;;;;;;;;;;;;;;;;;;;;;;;;
;;;;;;;;;;;;;;;;;;;;;;;;;;;;;;;;;;;;
;;;;;;;;;;;;;;;;;;;;;;;;;;;;;;;;;;;;
;;;;;;;;;;;;;;;;;;;;;;;;;;;;;;;;;;;;
;;;;;;;;;;;;;;;;;;;;;;;;;;;;;;;;;;;;
;;;;;;;;;;;;;;;;;;;;;;;;;;;;;;;;;;;;
;;;;;;;;;;;;;;;;;;;;;;;;;;;;;;;;;;;;
;;;;;;;;;;;;;;;;;;;;;;;;;;;;;;;;;;;;
;;;;;;;;;;;;;;;;;;;;;;;;;;;;;;;;;;;;
;;;;;;;;;;;;;;;;;;;;;;;;;;;;;;;;;;;;
;;;;;;;;;;;;;;;;;;;;;;;;;;;;;;;;;;;;
;;;;;;;;;;;;;;;;;;;;;;;;;;;;;;;;;;;;
;;;;;;;;;;;;;;;;;;;;;;;;;;;;;;;;;;;;
;;;;;;;;;;;;;;;;;;;;;;;;;;;;;;;;;;;;
;;;;;;;;;;;;;;;;;;;;;;;;;;;;;;;;;;;;
;;;;;;;;;;;;;;;;;;;;;;;;;;;;;;;;;;;;
;;;;;;;;;;;;;;;;;;;;;;;;;;;;;;;;;;;;
;;;;;;;;;;;;;;;;;;;;;;;;;;;;;;;;;;;;
;;;;;;;;;;;;;;;;;;;;;;;;;;;;;;;;;;;;
;;;;;;;;;;;;;;;;;;;;;;;;;;;;;;;;;;;;
;;;;;;;;;;;;;;;;;;;;;;;;;;;;;;;;;;;;
;;;;;;;;;;;;;;;;;;;;;;;;;;;;;;;;;;;;
;;;;;;;;;;;;;;;;;;;;;;;;;;;;;;;;;;;;
;;;;;;;;;;;;;;;;;;;;;;;;;;;;;;;;;;;;
;;;;;;;;;;;;;;;;;;;;;;;;;;;;;;;;;;;;
;;;;;;;;;;;;;;;;;;;;;;;;;;;;;;;;;;;;
;;;;;;;;;;;;;;;;;;;;;;;;;;;;;;;;;;;;
;;;;;;;;;;;;;;;;;;;;;;;;;;;;;;;;;;;;
;;;;;;;;;;;;;;;;;;;;;;;;;;;;;;;;;;;;
;;;;;;;;;;;;;;;;;;;;;;;;;;;;;;;;;;;;
;;;;;;;;;;;;;;;;;;;;;;;;;;;;;;;;;;;;
;;;;;;;;;;;;;;;;;;;;;;;;;;;;;;;;;;;;
;;;;;;;;;;;;;;;;;;;;;;;;;;;;;;;;;;;;
;;;;;;;;;;;;;;;;;;;;;;;;;;;;;;;;;;;;
;;;;;;;;;;;;;;;;;;;;;;;;;;;;;;;;;;;;
;;;;;;;;;;;;;;;;;;;;;;;;;;;;;;;;;;;;
;;;;;;;;;;;;;;;;;;;;;;;;;;;;;;;;;;;;
;;;;;;;;;;;;;;;;;;;;;;;;;;;;;;;;;;;;
;;;;;;;;;;;;;;;;;;;;;;;;;;;;;;;;;;;;
;;;;;;;;;;;;;;;;;;;;;;;;;;;;;;;;;;;;
;;;;;;;;;;;;;;;;;;;;;;;;;;;;;;;;;;;;
;;;;;;;;;;;;;;;;;;;;;;;;;;;;;;;;;;;;
;;;;;;;;;;;;;;;;;;;;;;;;;;;;;;;;;;;;
;;;;;;;;;;;;;;;;;;;;;;;;;;;;;;;;;;;;
;;;;;;;;;;;;;;;;;;;;;;;;;;;;;;;;;;;;
;;;;;;;;;;;;;;;;;;;;;;;;;;;;;;;;;;;;
;;;;;;;;;;;;;;;;;;;;;;;;;;;;;;;;;;;;
;;;;;;;;;;;;;;;;;;;;;;;;;;;;;;;;;;;;
;;;;;;;;;;;;;;;;;;;;;;;;;;;;;;;;;;;;
;;;;;;;;;;;;;;;;;;;;;;;;;;;;;;;;;;;;
;;;;;;;;;;;;;;;;;;;;;;;;;;;;;;;;;;;;
;;;;;;;;;;;;;;;;;;;;;;;;;;;;;;;;;;;;
;;;;;;;;;;;;;;;;;;;;;;;;;;;;;;;;;;;;
;;;;;;;;;;;;;;;;;;;;;;;;;;;;;;;;;;;;
;;;;;;;;;;;;;;;;;;;;;;;;;;;;;;;;;;;;
;;;;;;;;;;;;;;;;;;;;;;;;;;;;;;;;;;;;
;;;;;;;;;;;;;;;;;;;;;;;;;;;;;;;;;;;;
;;;;;;;;;;;;;;;;;;;;;;;;;;;;;;;;;;;;
;;;;;;;;;;;;;;;;;;;;;;;;;;;;;;;;;;;;
;;;;;;;;;;;;;;;;;;;;;;;;;;;;;;;;;;;;
;;;;;;;;;;;;;;;;;;;;;;;;;;;;;;;;;;;;
;;;;;;;;;;;;;;;;;;;;;;;;;;;;;;;;;;;;
;;;;;;;;;;;;;;;;;;;;;;;;;;;;;;;;;;;;
;;;;;;;;;;;;;;;;;;;;;;;;;;;;;;;;;;;;
;;;;;;;;;;;;;;;;;;;;;;;;;;;;;;;;;;;;
;;;;;;;;;;;;;;;;;;;;;;;;;;;;;;;;;;;;
;;;;;;;;;;;;;;;;;;;;;;;;;;;;;;;;;;;;
;;;;;;;;;;;;;;;;;;;;;;;;;;;;;;;;;;;;
;;;;;;;;;;;;;;;;;;;;;;;;;;;;;;;;;;;;
;;;;;;;;;;;;;;;;;;;;;;;;;;;;;;;;;;;;
;;;;;;;;;;;;;;;;;;;;;;;;;;;;;;;;;;;;
;;;;;;;;;;;;;;;;;;;;;;;;;;;;;;;;;;;;
;;;;;;;;;;;;;;;;;;;;;;;;;;;;;;;;;;;;
;;;;;;;;;;;;;;;;;;;;;;;;;;;;;;;;;;;;
;;;;;;;;;;;;;;;;;;;;;;;;;;;;;;;;;;;;
;;;;;;;;;;;;;;;;;;;;;;;;;;;;;;;;;;;;
;;;;;;;;;;;;;;;;;;;;;;;;;;;;;;;;;;;;
;;;;;;;;;;;;;;;;;;;;;;;;;;;;;;;;;;;;
;;;;;;;;;;;;;;;;;;;;;;;;;;;;;;;;;;;;
;;;;;;;;;;;;;;;;;;;;;;;;;;;;;;;;;;;;
;;;;;;;;;;;;;;;;;;;;;;;;;;;;;;;;;;;;
;;;;;;;;;;;;;;;;;;;;;;;;;;;;;;;;;;;;
;;;;;;;;;;;;;;;;;;;;;;;;;;;;;;;;;;;;
;;;;;;;;;;;;;;;;;;;;;;;;;;;;;;;;;;;;
;;;;;;;;;;;;;;;;;;;;;;;;;;;;;;;;;;;;
;;;;;;;;;;;;;;;;;;;;;;;;;;;;;;;;;;;;
;;;;;;;;;;;;;;;;;;;;;;;;;;;;;;;;;;;;
;;;;;;;;;;;;;;;;;;;;;;;;;;;;;;;;;;;;
;;;;;;;;;;;;;;;;;;;;;;;;;;;;;;;;;;;;
;;;;;;;;;;;;;;;;;;;;;;;;;;;;;;;;;;;;
;;;;;;;;;;;;;;;;;;;;;;;;;;;;;;;;;;;;
;;;;;;;;;;;;;;;;;;;;;;;;;;;;;;;;;;;;
;;;;;;;;;;;;;;;;;;;;;;;;;;;;;;;;;;;;
;;;;;;;;;;;;;;;;;;;;;;;;;;;;;;;;;;;;
;;;;;;;;;;;;;;;;;;;;;;;;;;;;;;;;;;;;
;;;;;;;;;;;;;;;;;;;;;;;;;;;;;;;;;;;;
;;;;;;;;;;;;;;;;;;;;;;;;;;;;;;;;;;;;
;;;;;;;;;;;;;;;;;;;;;;;;;;;;;;;;;;;;
;;;;;;;;;;;;;;;;;;;;;;;;;;;;;;;;;;;;
;;;;;;;;;;;;;;;;;;;;;;;;;;;;;;;;;;;;
;;;;;;;;;;;;;;;;;;;;;;;;;;;;;;;;;;;;
;;;;;;;;;;;;;;;;;;;;;;;;;;;;;;;;;;;;
;;;;;;;;;;;;;;;;;;;;;;;;;;;;;;;;;;;;
;;;;;;;;;;;;;;;;;;;;;;;;;;;;;;;;;;;;
;;;;;;;;;;;;;;;;;;;;;;;;;;;;;;;;;;;;
;;;;;;;;;;;;;;;;;;;;;;;;;;;;;;;;;;;;
;;;;;;;;;;;;;;;;;;;;;;;;;;;;;;;;;;;;
;;;;;;;;;;;;;;;;;;;;;;;;;;;;;;;;;;;;
;;;;;;;;;;;;;;;;;;;;;;;;;;;;;;;;;;;;
;;;;;;;;;;;;;;;;;;;;;;;;;;;;;;;;;;;;
;;;;;;;;;;;;;;;;;;;;;;;;;;;;;;;;;;;;
;;;;;;;;;;;;;;;;;;;;;;;;;;;;;;;;;;;;
;;;;;;;;;;;;;;;;;;;;;;;;;;;;;;;;;;;;
;;;;;;;;;;;;;;;;;;;;;;;;;;;;;;;;;;;;
;;;;;;;;;;;;;;;;;;;;;;;;;;;;;;;;;;;;
;;;;;;;;;;;;;;;;;;;;;;;;;;;;;;;;;;;;
;;;;;;;;;;;;;;;;;;;;;;;;;;;;;;;;;;;;
;;;;;;;;;;;;;;;;;;;;;;;;;;;;;;;;;;;;
;;;;;;;;;;;;;;;;;;;;;;;;;;;;;;;;;;;;
;;;;;;;;;;;;;;;;;;;;;;;;;;;;;;;;;;;;
;;;;;;;;;;;;;;;;;;;;;;;;;;;;;;;;;;;;
;;;;;;;;;;;;;;;;;;;;;;;;;;;;;;;;;;;;
;;;;;;;;;;;;;;;;;;;;;;;;;;;;;;;;;;;;
;;;;;;;;;;;;;;;;;;;;;;;;;;;;;;;;;;;;
;;;;;;;;;;;;;;;;;;;;;;;;;;;;;;;;;;;;
;;;;;;;;;;;;;;;;;;;;;;;;;;;;;;;;;;;;
;;;;;;;;;;;;;;;;;;;;;;;;;;;;;;;;;;;;
;;;;;;;;;;;;;;;;;;;;;;;;;;;;;;;;;;;;
;;;;;;;;;;;;;;;;;;;;;;;;;;;;;;;;;;;;
;;;;;;;;;;;;;;;;;;;;;;;;;;;;;;;;;;;;
;;;;;;;;;;;;;;;;;;;;;;;;;;;;;;;;;;;;
;;;;;;;;;;;;;;;;;;;;;;;;;;;;;;;;;;;;
;;;;;;;;;;;;;;;;;;;;;;;;;;;;;;;;;;;;
;;;;;;;;;;;;;;;;;;;;;;;;;;;;;;;;;;;;
;;;;;;;;;;;;;;;;;;;;;;;;;;;;;;;;;;;;
;;;;;;;;;;;;;;;;;;;;;;;;;;;;;;;;;;;;
;;;;;;;;;;;;;;;;;;;;;;;;;;;;;;;;;;;;
;;;;;;;;;;;;;;;;;;;;;;;;;;;;;;;;;;;;
;;;;;;;;;;;;;;;;;;;;;;;;;;;;;;;;;;;;
;;;;;;;;;;;;;;;;;;;;;;;;;;;;;;;;;;;;
;;;;;;;;;;;;;;;;;;;;;;;;;;;;;;;;;;;;
;;;;;;;;;;;;;;;;;;;;;;;;;;;;;;;;;;;;
;;;;;;;;;;;;;;;;;;;;;;;;;;;;;;;;;;;;
;;;;;;;;;;;;;;;;;;;;;;;;;;;;;;;;;;;;
;;;;;;;;;;;;;;;;;;;;;;;;;;;;;;;;;;;;
;;;;;;;;;;;;;;;;;;;;;;;;;;;;;;;;;;;;
;;;;;;;;;;;;;;;;;;;;;;;;;;;;;;;;;;;;
;;;;;;;;;;;;;;;;;;;;;;;;;;;;;;;;;;;;
;;;;;;;;;;;;;;;;;;;;;;;;;;;;;;;;;;;;
;;;;;;;;;;;;;;;;;;;;;;;;;;;;;;;;;;;;
;;;;;;;;;;;;;;;;;;;;;;;;;;;;;;;;;;;;
;;;;;;;;;;;;;;;;;;;;;;;;;;;;;;;;;;;;
;;;;;;;;;;;;;;;;;;;;;;;;;;;;;;;;;;;;
;;;;;;;;;;;;;;;;;;;;;;;;;;;;;;;;;;;;
;;;;;;;;;;;;;;;;;;;;;;;;;;;;;;;;;;;;
;;;;;;;;;;;;;;;;;;;;;;;;;;;;;;;;;;;;
;;;;;;;;;;;;;;;;;;;;;;;;;;;;;;;;;;;;
;;;;;;;;;;;;;;;;;;;;;;;;;;;;;;;;;;;;
;;;;;;;;;;;;;;;;;;;;;;;;;;;;;;;;;;;;
;;;;;;;;;;;;;;;;;;;;;;;;;;;;;;;;;;;;
;;;;;;;;;;;;;;;;;;;;;;;;;;;;;;;;;;;;
;;;;;;;;;;;;;;;;;;;;;;;;;;;;;;;;;;;;
;;;;;;;;;;;;;;;;;;;;;;;;;;;;;;;;;;;;
;;;;;;;;;;;;;;;;;;;;;;;;;;;;;;;;;;;;
;;;;;;;;;;;;;;;;;;;;;;;;;;;;;;;;;;;;
;;;;;;;;;;;;;;;;;;;;;;;;;;;;;;;;;;;;
;;;;;;;;;;;;;;;;;;;;;;;;;;;;;;;;;;;;
;;;;;;;;;;;;;;;;;;;;;;;;;;;;;;;;;;;;
;;;;;;;;;;;;;;;;;;;;;;;;;;;;;;;;;;;;
;;;;;;;;;;;;;;;;;;;;;;;;;;;;;;;;;;;;
;;;;;;;;;;;;;;;;;;;;;;;;;;;;;;;;;;;;
;;;;;;;;;;;;;;;;;;;;;;;;;;;;;;;;;;;;
;;;;;;;;;;;;;;;;;;;;;;;;;;;;;;;;;;;;
;;;;;;;;;;;;;;;;;;;;;;;;;;;;;;;;;;;;
;;;;;;;;;;;;;;;;;;;;;;;;;;;;;;;;;;;;
;;;;;;;;;;;;;;;;;;;;;;;;;;;;;;;;;;;;
;;;;;;;;;;;;;;;;;;;;;;;;;;;;;;;;;;;;
;;;;;;;;;;;;;;;;;;;;;;;;;;;;;;;;;;;;
;;;;;;;;;;;;;;;;;;;;;;;;;;;;;;;;;;;;
;;;;;;;;;;;;;;;;;;;;;;;;;;;;;;;;;;;;
;;;;;;;;;;;;;;;;;;;;;;;;;;;;;;;;;;;;
;;;;;;;;;;;;;;;;;;;;;;;;;;;;;;;;;;;;
;;;;;;;;;;;;;;;;;;;;;;;;;;;;;;;;;;;;
;;;;;;;;;;;;;;;;;;;;;;;;;;;;;;;;;;;;
;;;;;;;;;;;;;;;;;;;;;;;;;;;;;;;;;;;;
;;;;;;;;;;;;;;;;;;;;;;;;;;;;;;;;;;;;
;;;;;;;;;;;;;;;;;;;;;;;;;;;;;;;;;;;;
;;;;;;;;;;;;;;;;;;;;;;;;;;;;;;;;;;;;
;;;;;;;;;;;;;;;;;;;;;;;;;;;;;;;;;;;;
;;;;;;;;;;;;;;;;;;;;;;;;;;;;;;;;;;;;
;;;;;;;;;;;;;;;;;;;;;;;;;;;;;;;;;;;;
;;;;;;;;;;;;;;;;;;;;;;;;;;;;;;;;;;;;
;;;;;;;;;;;;;;;;;;;;;;;;;;;;;;;;;;;;
;;;;;;;;;;;;;;;;;;;;;;;;;;;;;;;;;;;;
;;;;;;;;;;;;;;;;;;;;;;;;;;;;;;;;;;;;
;;;;;;;;;;;;;;;;;;;;;;;;;;;;;;;;;;;;
;;;;;;;;;;;;;;;;;;;;;;;;;;;;;;;;;;;;
;;;;;;;;;;;;;;;;;;;;;;;;;;;;;;;;;;;;
;;;;;;;;;;;;;;;;;;;;;;;;;;;;;;;;;;;;
;;;;;;;;;;;;;;;;;;;;;;;;;;;;;;;;;;;;
;;;;;;;;;;;;;;;;;;;;;;;;;;;;;;;;;;;;
;;;;;;;;;;;;;;;;;;;;;;;;;;;;;;;;;;;;
;;;;;;;;;;;;;;;;;;;;;;;;;;;;;;;;;;;;
;;;;;;;;;;;;;;;;;;;;;;;;;;;;;;;;;;;;
;;;;;;;;;;;;;;;;;;;;;;;;;;;;;;;;;;;;
;;;;;;;;;;;;;;;;;;;;;;;;;;;;;;;;;;;;
;;;;;;;;;;;;;;;;;;;;;;;;;;;;;;;;;;;;
;;;;;;;;;;;;;;;;;;;;;;;;;;;;;;;;;;;;
