-- 11/05 11:08:27:596 - TEF_DIAL Inicializado
-- 11/05 11:08:27:597 - TEF_DIAL CancelarTransacoesPendentesClass 
-- 11/05 11:08:27:597 - TEF_DIAL IniciarRequisicao: ATV
-- 11/05 11:08:27:598 - TEF_DIAL FinalizarRequisicao: ATV, Fechando arquivo: C:\TEF_DIAL\req\intpos.tmp
-- 11/05 11:08:27:628 - TEF_DIAL FinalizarRequisicao: ATV, Renomeando: C:\TEF_DIAL\req\intpos.tmp para: C:\TEF_DIAL\req\intpos.001
-- 11/05 11:08:27:629 - TEF_DIAL FinalizarRequisicao: ATV, Aguardando: C:\TEF_DIAL\resp\intpos.sts
-- 11/05 11:08:27:769 - TEF_DIAL FinalizarRequisicao: ATV, Fim da Espera de: C:\TEF_DIAL\resp\intpos.sts Recebido
-- 11/05 11:08:27:769 - TEF_DIAL FinalizarRequisicao: ATV, Verificando conteudo de: C:\TEF_DIAL\resp\intpos.sts
-- 11/05 11:08:48:298 - TEF_DIAL CancelarTransacoesPendentesClass 
-- 11/05 11:09:24:939 - InfoECF: ineEstadoECF
-- 11/05 11:09:25:060 -     Ret: V
-- 11/05 11:09:25:060 - InfoECF: ineSubTotal
-- 11/05 11:09:25:180 -     Ret: 999999,99
-- 11/05 11:09:25:180 - InfoECF: ineTotalAPagar
-- 11/05 11:09:25:182 -     Ret: 0
-- 11/05 11:09:25:182 - TEF_DIAL IniciarRequisicao: CRT
-- 11/05 11:09:25:182 - ConfirmarTransacoesAnteriores
-- 11/05 11:09:25:183 - TEF_DIAL IniciarRequisicao: ATV
-- 11/05 11:09:25:184 - TEF_DIAL FinalizarRequisicao: ATV, Fechando arquivo: C:\TEF_DIAL\req\intpos.tmp
-- 11/05 11:09:25:227 - TEF_DIAL FinalizarRequisicao: ATV, Renomeando: C:\TEF_DIAL\req\intpos.tmp para: C:\TEF_DIAL\req\intpos.001
-- 11/05 11:09:25:228 - TEF_DIAL FinalizarRequisicao: ATV, Aguardando: C:\TEF_DIAL\resp\intpos.sts
-- 11/05 11:09:25:478 - TEF_DIAL FinalizarRequisicao: ATV, Fim da Espera de: C:\TEF_DIAL\resp\intpos.sts Recebido
-- 11/05 11:09:25:478 - TEF_DIAL FinalizarRequisicao: ATV, Verificando conteudo de: C:\TEF_DIAL\resp\intpos.sts
-- 11/05 11:09:25:480 - TEF_DIAL FinalizarRequisicao: CRT, Fechando arquivo: C:\TEF_DIAL\req\intpos.tmp
-- 11/05 11:09:25:506 - TEF_DIAL FinalizarRequisicao: CRT, Renomeando: C:\TEF_DIAL\req\intpos.tmp para: C:\TEF_DIAL\req\intpos.001
-- 11/05 11:09:25:507 - TEF_DIAL FinalizarRequisicao: CRT, Aguardando: C:\TEF_DIAL\resp\intpos.sts
-- 11/05 11:09:25:737 - TEF_DIAL FinalizarRequisicao: CRT, Fim da Espera de: C:\TEF_DIAL\resp\intpos.sts Recebido
-- 11/05 11:09:25:737 - TEF_DIAL FinalizarRequisicao: CRT, Verificando conteudo de: C:\TEF_DIAL\resp\intpos.sts
-- 11/05 11:09:25:738 - TEF_DIAL LerRespostaRequisicao: CRT, Aguardando: C:\TEF_DIAL\resp\intpos.001
-- 11/05 11:09:33:739 - TEF_DIAL LerRespostaRequisicao: CRT, Fim da Espera de: C:\TEF_DIAL\resp\intpos.001 Recebido
-- 11/05 11:09:33:739 - TEF_DIAL LerRespostaRequisicao: CRT, Verificando conteudo de: C:\TEF_DIAL\resp\intpos.001
-- 11/05 11:09:33:741 - TEF_DIAL ProcessarRespostaPagamento: CRT - 40110 Indice: 02 Valor:999999,99
-- 11/05 11:09:33:741 -  CopiarResposta: CRT - 40110 Arq: C:\projetos.vcl\apps\tecsoft\ACBr_TEF_DIAL_001.tef
-- 11/05 11:09:33:771 - TEF_DIAL FinalizarResposta: CRT
-- 11/05 11:09:33:771 - FinalizarCupom
-- 11/05 11:09:33:772 - BloquearMouseTeclado: SIM
-- 11/05 11:09:33:772 - InfoECF: ineEstadoECF
-- 11/05 11:09:33:892 -     Ret: V
-- 11/05 11:09:33:892 - TEF_DIAL ECFSubtotaliza: DescAcres: 0,00
-- 11/05 11:09:34:132 - TEF_DIAL ComandarECF: Oper: opeImprimePagamentos
-- 11/05 11:09:34:519 - InfoECF: ineEstadoECF
-- 11/05 11:09:34:634 -     Ret: P
-- 11/05 11:09:34:634 - InfoECF: ineSubTotal
-- 11/05 11:09:34:754 -     Ret: 999999,99
-- 11/05 11:09:34:754 - TEF_DIAL ECFPagamento: Indice: 02 Valor: 999999,99
-- 11/05 11:09:35:555 - InfoECF: ineSubTotal
-- 11/05 11:09:35:674 -     Ret: 0
-- 11/05 11:09:35:674 - TEF_DIAL ComandarECF: Oper: opeFechaCupom
-- 11/05 11:09:37:256 - InfoECF: ineEstadoECF
-- 11/05 11:09:37:614 -     Ret: L
-- 11/05 11:09:37:614 - ImprimirTransacoesPendentes
-- 11/05 11:09:37:615 - InfoECF: ineEstadoECF
-- 11/05 11:09:37:974 -     Ret: L
-- 11/05 11:09:37:974 - BloquearMouseTeclado: SIM
-- 11/05 11:09:37:975 - TEF_DIAL DoExibeMsg: Oper: opmExibirMsgOperador Mensagem: AUTORIZADA 000237
-- 11/05 11:10:06:180 - TEF_DIAL ECFAbreVinculado: COO: 000000032 Indice: 02 Valor: 999999,99
-- 11/05 11:10:08:000 - TEF_DIAL ECFImprimeVia: trVinculado Via: 1
-- 11/05 11:10:08:771 - TEF_DIAL ComandarECF: Oper: opePulaLinhas
-- 11/05 11:10:11:955 - TEF_DIAL DoExibeMsg: Oper: opmDestaqueVia Mensagem: Destaque a 1ª Via
-- 11/05 11:10:16:116 - TEF_DIAL ECFImprimeVia: trVinculado Via: 2
-- 11/05 11:10:19:659 - TEF_DIAL DoExibeMsg: Oper: opmRemoverMsgOperador Mensagem: 
-- 11/05 11:10:23:523 - TEF_DIAL DoExibeMsg: Oper: opmRemoverMsgCliente Mensagem: 
-- 11/05 11:10:26:267 - TEF_DIAL ComandarECF: Oper: opeFechaVinculado
-- 11/05 11:10:27:143 - ConfirmarTransacoesPendentes
-- 11/05 11:10:27:143 - TEF_DIAL IniciarRequisicao: CNF
-- 11/05 11:10:27:144 - TEF_DIAL IniciarRequisicao: ATV
-- 11/05 11:10:27:146 - TEF_DIAL FinalizarRequisicao: ATV, Fechando arquivo: C:\TEF_DIAL\req\intpos.tmp
-- 11/05 11:10:27:180 - TEF_DIAL FinalizarRequisicao: ATV, Renomeando: C:\TEF_DIAL\req\intpos.tmp para: C:\TEF_DIAL\req\intpos.001
-- 11/05 11:10:27:181 - TEF_DIAL FinalizarRequisicao: ATV, Aguardando: C:\TEF_DIAL\resp\intpos.sts
-- 11/05 11:10:27:331 - TEF_DIAL FinalizarRequisicao: ATV, Fim da Espera de: C:\TEF_DIAL\resp\intpos.sts Recebido
-- 11/05 11:10:27:331 - TEF_DIAL FinalizarRequisicao: ATV, Verificando conteudo de: C:\TEF_DIAL\resp\intpos.sts
-- 11/05 11:10:27:334 - TEF_DIAL FinalizarRequisicao: CNF, Fechando arquivo: C:\TEF_DIAL\req\intpos.tmp
-- 11/05 11:10:27:375 - TEF_DIAL FinalizarRequisicao: CNF, Renomeando: C:\TEF_DIAL\req\intpos.tmp para: C:\TEF_DIAL\req\intpos.001
-- 11/05 11:10:27:376 - TEF_DIAL FinalizarRequisicao: CNF, Aguardando: C:\TEF_DIAL\resp\intpos.sts
-- 11/05 11:10:27:586 - TEF_DIAL FinalizarRequisicao: CNF, Fim da Espera de: C:\TEF_DIAL\resp\intpos.sts Recebido
-- 11/05 11:10:27:586 - TEF_DIAL FinalizarRequisicao: CNF, Verificando conteudo de: C:\TEF_DIAL\resp\intpos.sts
-- 11/05 11:10:27:588 - BloquearMouseTeclado: NAO
-- 11/05 11:11:38:756 - TEF_DIAL Inicializado
-- 11/05 11:11:38:756 - TEF_DIAL CancelarTransacoesPendentesClass 
-- 11/05 11:11:38:757 - TEF_DIAL IniciarRequisicao: ATV
-- 11/05 11:11:38:758 - TEF_DIAL FinalizarRequisicao: ATV, Fechando arquivo: C:\TEF_DIAL\req\intpos.tmp
-- 11/05 11:11:38:786 - TEF_DIAL FinalizarRequisicao: ATV, Renomeando: C:\TEF_DIAL\req\intpos.tmp para: C:\TEF_DIAL\req\intpos.001
-- 11/05 11:11:38:787 - TEF_DIAL FinalizarRequisicao: ATV, Aguardando: C:\TEF_DIAL\resp\intpos.sts
-- 11/05 11:11:38:807 - TEF_DIAL FinalizarRequisicao: ATV, Fim da Espera de: C:\TEF_DIAL\resp\intpos.sts Recebido
-- 11/05 11:11:38:807 - TEF_DIAL FinalizarRequisicao: ATV, Verificando conteudo de: C:\TEF_DIAL\resp\intpos.sts
-- 11/05 11:11:58:434 - TEF_DIAL CancelarTransacoesPendentesClass 
-- 11/05 11:12:26:214 - InfoECF: ineEstadoECF
-- 11/05 11:12:26:335 -     Ret: V
-- 11/05 11:12:26:335 - InfoECF: ineSubTotal
-- 11/05 11:12:26:455 -     Ret: 999999,99
-- 11/05 11:12:26:455 - InfoECF: ineTotalAPagar
-- 11/05 11:12:26:457 -     Ret: 0
-- 11/05 11:12:26:457 - TEF_DIAL IniciarRequisicao: CRT
-- 11/05 11:12:26:457 - ConfirmarTransacoesAnteriores
-- 11/05 11:12:26:458 - TEF_DIAL IniciarRequisicao: ATV
-- 11/05 11:12:26:459 - TEF_DIAL FinalizarRequisicao: ATV, Fechando arquivo: C:\TEF_DIAL\req\intpos.tmp
-- 11/05 11:12:26:586 - TEF_DIAL FinalizarRequisicao: ATV, Renomeando: C:\TEF_DIAL\req\intpos.tmp para: C:\TEF_DIAL\req\intpos.001
-- 11/05 11:12:26:588 - TEF_DIAL FinalizarRequisicao: ATV, Aguardando: C:\TEF_DIAL\resp\intpos.sts
-- 11/05 11:12:26:638 - TEF_DIAL FinalizarRequisicao: ATV, Fim da Espera de: C:\TEF_DIAL\resp\intpos.sts Recebido
-- 11/05 11:12:26:638 - TEF_DIAL FinalizarRequisicao: ATV, Verificando conteudo de: C:\TEF_DIAL\resp\intpos.sts
-- 11/05 11:12:26:640 - TEF_DIAL FinalizarRequisicao: CRT, Fechando arquivo: C:\TEF_DIAL\req\intpos.tmp
-- 11/05 11:12:26:899 - TEF_DIAL FinalizarRequisicao: CRT, Renomeando: C:\TEF_DIAL\req\intpos.tmp para: C:\TEF_DIAL\req\intpos.001
-- 11/05 11:12:26:900 - TEF_DIAL FinalizarRequisicao: CRT, Aguardando: C:\TEF_DIAL\resp\intpos.sts
-- 11/05 11:12:27:170 - TEF_DIAL FinalizarRequisicao: CRT, Fim da Espera de: C:\TEF_DIAL\resp\intpos.sts Recebido
-- 11/05 11:12:27:170 - TEF_DIAL FinalizarRequisicao: CRT, Verificando conteudo de: C:\TEF_DIAL\resp\intpos.sts
-- 11/05 11:12:27:171 - TEF_DIAL LerRespostaRequisicao: CRT, Aguardando: C:\TEF_DIAL\resp\intpos.001
-- 11/05 11:12:36:621 - TEF_DIAL LerRespostaRequisicao: CRT, Fim da Espera de: C:\TEF_DIAL\resp\intpos.001 Recebido
-- 11/05 11:12:36:621 - TEF_DIAL LerRespostaRequisicao: CRT, Verificando conteudo de: C:\TEF_DIAL\resp\intpos.001
-- 11/05 11:12:36:622 - TEF_DIAL ProcessarRespostaPagamento: CRT - 40301 Indice: 02 Valor:999999,99
-- 11/05 11:12:36:623 -  CopiarResposta: CRT - 40301 Arq: C:\projetos.vcl\apps\tecsoft\ACBr_TEF_DIAL_001.tef
-- 11/05 11:12:36:646 - TEF_DIAL FinalizarResposta: CRT
-- 11/05 11:12:36:646 - FinalizarCupom
-- 11/05 11:12:36:647 - BloquearMouseTeclado: SIM
-- 11/05 11:12:36:647 - InfoECF: ineEstadoECF
-- 11/05 11:12:36:761 -     Ret: V
-- 11/05 11:12:36:761 - TEF_DIAL ECFSubtotaliza: DescAcres: 0,00
-- 11/05 11:12:37:001 - TEF_DIAL ComandarECF: Oper: opeImprimePagamentos
-- 11/05 11:12:37:394 - InfoECF: ineEstadoECF
-- 11/05 11:12:37:514 -     Ret: P
-- 11/05 11:12:37:514 - InfoECF: ineSubTotal
-- 11/05 11:12:37:634 -     Ret: 999999,99
-- 11/05 11:12:37:634 - TEF_DIAL ECFPagamento: Indice: 02 Valor: 999999,99
-- 11/05 11:12:38:374 - InfoECF: ineSubTotal
-- 11/05 11:12:38:494 -     Ret: 0
-- 11/05 11:12:38:494 - TEF_DIAL ComandarECF: Oper: opeFechaCupom
-- 11/05 11:12:39:578 - InfoECF: ineEstadoECF
-- 11/05 11:12:39:960 -     Ret: L
-- 11/05 11:12:39:961 - ImprimirTransacoesPendentes
-- 11/05 11:12:39:961 - InfoECF: ineEstadoECF
-- 11/05 11:12:40:320 -     Ret: L
-- 11/05 11:12:40:320 - BloquearMouseTeclado: SIM
-- 11/05 11:12:40:320 - TEF_DIAL DoExibeMsg: Oper: opmExibirMsgOperador Mensagem: AUTORIZADA 011326
-- 11/05 11:13:29:087 - TEF_DIAL ECFAbreVinculado: COO: 000000034 Indice: 02 Valor: 999999,99
-- 11/05 11:13:30:573 - TEF_DIAL ECFImprimeVia: trVinculado Via: 1
-- 11/05 11:13:31:331 - TEF_DIAL ComandarECF: Oper: opePulaLinhas
-- 11/05 11:13:34:461 - TEF_DIAL DoExibeMsg: Oper: opmDestaqueVia Mensagem: Destaque a 1ª Via
-- 11/05 11:13:39:236 - TEF_DIAL ECFImprimeVia: trVinculado Via: 2
-- 11/05 11:13:42:864 - TEF_DIAL DoExibeMsg: Oper: opmRemoverMsgOperador Mensagem: 
-- 11/05 11:13:44:865 - TEF_DIAL DoExibeMsg: Oper: opmRemoverMsgCliente Mensagem: 
-- 11/05 11:13:46:866 - TEF_DIAL ComandarECF: Oper: opeFechaVinculado
-- 11/05 11:13:47:873 - ConfirmarTransacoesPendentes
-- 11/05 11:13:47:873 - TEF_DIAL IniciarRequisicao: CNF
-- 11/05 11:13:47:874 - TEF_DIAL IniciarRequisicao: ATV
-- 11/05 11:13:47:876 - TEF_DIAL FinalizarRequisicao: ATV, Fechando arquivo: C:\TEF_DIAL\req\intpos.tmp
-- 11/05 11:13:47:908 - TEF_DIAL FinalizarRequisicao: ATV, Renomeando: C:\TEF_DIAL\req\intpos.tmp para: C:\TEF_DIAL\req\intpos.001
-- 11/05 11:13:47:909 - TEF_DIAL FinalizarRequisicao: ATV, Aguardando: C:\TEF_DIAL\resp\intpos.sts
-- 11/05 11:13:48:090 - TEF_DIAL FinalizarRequisicao: ATV, Fim da Espera de: C:\TEF_DIAL\resp\intpos.sts Recebido
-- 11/05 11:13:48:090 - TEF_DIAL FinalizarRequisicao: ATV, Verificando conteudo de: C:\TEF_DIAL\resp\intpos.sts
-- 11/05 11:13:48:092 - TEF_DIAL FinalizarRequisicao: CNF, Fechando arquivo: C:\TEF_DIAL\req\intpos.tmp
-- 11/05 11:13:48:119 - TEF_DIAL FinalizarRequisicao: CNF, Renomeando: C:\TEF_DIAL\req\intpos.tmp para: C:\TEF_DIAL\req\intpos.001
-- 11/05 11:13:48:120 - TEF_DIAL FinalizarRequisicao: CNF, Aguardando: C:\TEF_DIAL\resp\intpos.sts
-- 11/05 11:13:48:351 - TEF_DIAL FinalizarRequisicao: CNF, Fim da Espera de: C:\TEF_DIAL\resp\intpos.sts Recebido
-- 11/05 11:13:48:351 - TEF_DIAL FinalizarRequisicao: CNF, Verificando conteudo de: C:\TEF_DIAL\resp\intpos.sts
-- 11/05 11:13:48:353 - BloquearMouseTeclado: NAO
-- 15/05 10:19:58:698 - TEF_DIAL Inicializado
-- 15/05 10:19:58:714 - TEF_DIAL CancelarTransacoesPendentesClass 
-- 15/05 10:19:58:714 - TEF_DIAL IniciarRequisicao: ATV
-- 15/05 10:19:58:714 - TEF_DIAL FinalizarRequisicao: ATV, Fechando arquivo: C:\TEF_DIAL\req\intpos.tmp
-- 15/05 10:19:58:745 - TEF_DIAL FinalizarRequisicao: ATV, Renomeando: C:\TEF_DIAL\req\intpos.tmp para: C:\TEF_DIAL\req\intpos.001
-- 15/05 10:19:58:745 - TEF_DIAL FinalizarRequisicao: ATV, Aguardando: C:\TEF_DIAL\resp\intpos.sts
-- 15/05 10:19:58:854 - TEF_DIAL FinalizarRequisicao: ATV, Fim da Espera de: C:\TEF_DIAL\resp\intpos.sts Recebido
-- 15/05 10:19:58:854 - TEF_DIAL FinalizarRequisicao: ATV, Verificando conteudo de: C:\TEF_DIAL\resp\intpos.sts
-- 15/05 10:20:21:002 - TEF_DIAL CancelarTransacoesPendentesClass 
-- 15/05 10:21:05:667 - InfoECF: ineEstadoECF
-- 15/05 10:21:05:980 -     Ret: V
-- 15/05 10:21:05:980 - InfoECF: ineSubTotal
-- 15/05 10:21:06:434 -     Ret: 10
-- 15/05 10:21:06:434 - InfoECF: ineTotalAPagar
-- 15/05 10:21:06:465 -     Ret: 0
-- 15/05 10:21:06:465 - TEF_DIAL IniciarRequisicao: CRT
-- 15/05 10:21:06:465 - ConfirmarTransacoesAnteriores
-- 15/05 10:21:06:466 - TEF_DIAL IniciarRequisicao: ATV
-- 15/05 10:21:06:467 - TEF_DIAL FinalizarRequisicao: ATV, Fechando arquivo: C:\TEF_DIAL\req\intpos.tmp
-- 15/05 10:21:06:493 - TEF_DIAL FinalizarRequisicao: ATV, Renomeando: C:\TEF_DIAL\req\intpos.tmp para: C:\TEF_DIAL\req\intpos.001
-- 15/05 10:21:06:493 - TEF_DIAL FinalizarRequisicao: ATV, Aguardando: C:\TEF_DIAL\resp\intpos.sts
-- 15/05 10:21:06:696 - TEF_DIAL FinalizarRequisicao: ATV, Fim da Espera de: C:\TEF_DIAL\resp\intpos.sts Recebido
-- 15/05 10:21:06:696 - TEF_DIAL FinalizarRequisicao: ATV, Verificando conteudo de: C:\TEF_DIAL\resp\intpos.sts
-- 15/05 10:22:06:618 - TEF_DIAL FinalizarRequisicao: CRT, Fechando arquivo: C:\TEF_DIAL\req\intpos.tmp
-- 15/05 10:22:06:649 - TEF_DIAL FinalizarRequisicao: CRT, Renomeando: C:\TEF_DIAL\req\intpos.tmp para: C:\TEF_DIAL\req\intpos.001
-- 15/05 10:22:06:649 - TEF_DIAL FinalizarRequisicao: CRT, Aguardando: C:\TEF_DIAL\resp\intpos.sts
-- 15/05 10:22:06:759 - TEF_DIAL FinalizarRequisicao: CRT, Fim da Espera de: C:\TEF_DIAL\resp\intpos.sts Recebido
-- 15/05 10:22:06:759 - TEF_DIAL FinalizarRequisicao: CRT, Verificando conteudo de: C:\TEF_DIAL\resp\intpos.sts
-- 15/05 10:22:06:759 - TEF_DIAL LerRespostaRequisicao: CRT, Aguardando: C:\TEF_DIAL\resp\intpos.001
-- 15/05 10:22:14:752 - TEF_DIAL LerRespostaRequisicao: CRT, Fim da Espera de: C:\TEF_DIAL\resp\intpos.001 Recebido
-- 15/05 10:22:14:752 - TEF_DIAL LerRespostaRequisicao: CRT, Verificando conteudo de: C:\TEF_DIAL\resp\intpos.001
-- 15/05 10:22:14:753 - TEF_DIAL ProcessarRespostaPagamento: CRT - 36667 Indice: 02 Valor:10,00
-- 15/05 10:22:14:753 -  CopiarResposta: CRT - 36667 Arq: C:\projetos.vcl\apps\tecsoft\ACBr_TEF_DIAL_001.tef
-- 15/05 10:22:14:768 - TEF_DIAL FinalizarResposta: CRT
-- 15/05 10:22:14:815 - FinalizarCupom, DesbloquearMouseTecladoNoTermino
-- 15/05 10:22:14:831 - BloquearMouseTeclado: SIM
-- 15/05 10:22:14:831 - InfoECF: ineEstadoECF
-- 15/05 10:22:15:128 -     Ret: V
-- 15/05 10:22:15:128 - TEF_DIAL ECFSubtotaliza: DescAcres: 0,00
-- 15/05 10:22:15:872 - TEF_DIAL ComandarECF: Oper: opeImprimePagamentos
-- 15/05 10:23:36:797 - InfoECF: ineEstadoECF
-- 15/05 10:23:37:140 -     Ret: P
-- 15/05 10:23:48:548 - InfoECF: ineSubTotal
-- 15/05 10:23:48:846 -     Ret: 10
-- 15/05 10:23:57:428 - TEF_DIAL ECFPagamento: Indice: 02 Valor: 5,00
-- 15/05 10:24:21:134 - InfoECF: ineSubTotal
-- 15/05 10:24:21:448 -     Ret: 5
-- 15/05 10:24:22:501 - InfoECF: ineTotalAPagar
-- 15/05 10:24:22:533 -     Ret: 0
-- 15/05 10:25:00:642 - BloquearMouseTeclado: NAO
-- 15/05 10:25:05:364 - ImprimirTransacoesPendentes
-- 15/05 10:25:05:364 - InfoECF: ineEstadoECF
-- 15/05 10:25:05:703 -     Ret: P
-- 15/05 10:25:05:703 - FinalizarCupom
-- 15/05 10:25:05:703 - BloquearMouseTeclado: SIM
-- 15/05 10:25:05:703 - InfoECF: ineEstadoECF
-- 15/05 10:25:06:001 -     Ret: P
-- 15/05 10:25:22:734 - InfoECF: ineSubTotal
-- 15/05 10:25:23:046 -     Ret: 5
-- 15/05 10:25:27:821 - InfoECF: ineTotalAPagar
-- 15/05 10:25:27:853 -     Ret: 0
-- 15/05 10:25:46:944 - InfoECF: ineEstadoECF
-- 15/05 10:25:47:256 -     Ret: P
-- 15/05 10:28:38:109 - TEF_DIAL IniciarRequisicao: ADM
-- 15/05 10:28:38:109 - TEF_DIAL IniciarRequisicao: ATV
-- 15/05 10:28:38:109 - TEF_DIAL FinalizarRequisicao: ATV, Fechando arquivo: C:\TEF_DIAL\req\intpos.tmp
-- 15/05 10:28:38:140 - TEF_DIAL FinalizarRequisicao: ATV, Renomeando: C:\TEF_DIAL\req\intpos.tmp para: C:\TEF_DIAL\req\intpos.001
-- 15/05 10:28:38:140 - TEF_DIAL FinalizarRequisicao: ATV, Aguardando: C:\TEF_DIAL\resp\intpos.sts
-- 15/05 10:28:38:281 - TEF_DIAL FinalizarRequisicao: ATV, Fim da Espera de: C:\TEF_DIAL\resp\intpos.sts Recebido
-- 15/05 10:28:38:281 - TEF_DIAL FinalizarRequisicao: ATV, Verificando conteudo de: C:\TEF_DIAL\resp\intpos.sts
-- 15/05 10:28:40:657 - TEF_DIAL FinalizarRequisicao: ADM, Fechando arquivo: C:\TEF_DIAL\req\intpos.tmp
-- 15/05 10:28:40:688 - TEF_DIAL FinalizarRequisicao: ADM, Renomeando: C:\TEF_DIAL\req\intpos.tmp para: C:\TEF_DIAL\req\intpos.001
-- 15/05 10:28:40:704 - TEF_DIAL FinalizarRequisicao: ADM, Aguardando: C:\TEF_DIAL\resp\intpos.sts
-- 15/05 10:28:40:876 - TEF_DIAL FinalizarRequisicao: ADM, Fim da Espera de: C:\TEF_DIAL\resp\intpos.sts Recebido
-- 15/05 10:28:40:876 - TEF_DIAL FinalizarRequisicao: ADM, Verificando conteudo de: C:\TEF_DIAL\resp\intpos.sts
-- 15/05 10:28:40:876 - BloquearMouseTeclado: NAO
-- 15/05 10:28:40:891 - TEF_DIAL LerRespostaRequisicao: ADM, Aguardando: C:\TEF_DIAL\resp\intpos.001
-- 15/05 10:29:06:111 - TEF_DIAL LerRespostaRequisicao: ADM, Fim da Espera de: C:\TEF_DIAL\resp\intpos.001 Recebido
-- 15/05 10:29:06:111 - TEF_DIAL LerRespostaRequisicao: ADM, Verificando conteudo de: C:\TEF_DIAL\resp\intpos.001
-- 15/05 10:29:06:111 - TEF_DIAL ProcessarResposta: ADM
-- 15/05 10:29:06:111 - TEF_DIAL DoExibeMsg: Oper: opmOK Mensagem: REPETIR PASSO 17
-- 15/05 10:29:11:438 - TEF_DIAL FinalizarResposta: ADM
-- 15/05 10:29:30:512 - InfoECF: ineEstadoECF
-- 15/05 10:29:30:858 -     Ret: V
-- 15/05 10:29:30:858 - InfoECF: ineSubTotal
-- 15/05 10:29:31:311 -     Ret: 10
-- 15/05 10:29:31:311 - InfoECF: ineTotalAPagar
-- 15/05 10:29:31:343 -     Ret: 0
-- 15/05 10:29:31:343 - TEF_DIAL IniciarRequisicao: CRT
-- 15/05 10:29:31:343 - ConfirmarTransacoesAnteriores
-- 15/05 10:29:31:343 - TEF_DIAL IniciarRequisicao: CNF
-- 15/05 10:29:31:343 - TEF_DIAL IniciarRequisicao: ATV
-- 15/05 10:29:31:343 - TEF_DIAL FinalizarRequisicao: ATV, Fechando arquivo: C:\TEF_DIAL\req\intpos.tmp
-- 15/05 10:29:31:374 - TEF_DIAL FinalizarRequisicao: ATV, Renomeando: C:\TEF_DIAL\req\intpos.tmp para: C:\TEF_DIAL\req\intpos.001
-- 15/05 10:29:31:389 - TEF_DIAL FinalizarRequisicao: ATV, Aguardando: C:\TEF_DIAL\resp\intpos.sts
-- 15/05 10:29:31:572 - TEF_DIAL FinalizarRequisicao: ATV, Fim da Espera de: C:\TEF_DIAL\resp\intpos.sts Recebido
-- 15/05 10:29:31:572 - TEF_DIAL FinalizarRequisicao: ATV, Verificando conteudo de: C:\TEF_DIAL\resp\intpos.sts
-- 15/05 10:29:31:572 - TEF_DIAL FinalizarRequisicao: CNF, Fechando arquivo: C:\TEF_DIAL\req\intpos.tmp
-- 15/05 10:29:31:603 - TEF_DIAL FinalizarRequisicao: CNF, Renomeando: C:\TEF_DIAL\req\intpos.tmp para: C:\TEF_DIAL\req\intpos.001
-- 15/05 10:29:31:603 - TEF_DIAL FinalizarRequisicao: CNF, Aguardando: C:\TEF_DIAL\resp\intpos.sts
-- 15/05 10:29:31:824 - TEF_DIAL FinalizarRequisicao: CNF, Fim da Espera de: C:\TEF_DIAL\resp\intpos.sts Recebido
-- 15/05 10:29:31:824 - TEF_DIAL FinalizarRequisicao: CNF, Verificando conteudo de: C:\TEF_DIAL\resp\intpos.sts
-- 15/05 10:29:31:855 - TEF_DIAL IniciarRequisicao: ATV
-- 15/05 10:29:31:855 - TEF_DIAL FinalizarRequisicao: ATV, Fechando arquivo: C:\TEF_DIAL\req\intpos.tmp
-- 15/05 10:29:31:886 - TEF_DIAL FinalizarRequisicao: ATV, Renomeando: C:\TEF_DIAL\req\intpos.tmp para: C:\TEF_DIAL\req\intpos.001
-- 15/05 10:29:31:886 - TEF_DIAL FinalizarRequisicao: ATV, Aguardando: C:\TEF_DIAL\resp\intpos.sts
-- 15/05 10:29:32:073 - TEF_DIAL FinalizarRequisicao: ATV, Fim da Espera de: C:\TEF_DIAL\resp\intpos.sts Recebido
-- 15/05 10:29:32:073 - TEF_DIAL FinalizarRequisicao: ATV, Verificando conteudo de: C:\TEF_DIAL\resp\intpos.sts
-- 15/05 10:29:36:320 - TEF_DIAL FinalizarRequisicao: CRT, Fechando arquivo: C:\TEF_DIAL\req\intpos.tmp
-- 15/05 10:29:36:351 - TEF_DIAL FinalizarRequisicao: CRT, Renomeando: C:\TEF_DIAL\req\intpos.tmp para: C:\TEF_DIAL\req\intpos.001
-- 15/05 10:29:36:351 - TEF_DIAL FinalizarRequisicao: CRT, Aguardando: C:\TEF_DIAL\resp\intpos.sts
-- 15/05 10:29:36:503 - TEF_DIAL FinalizarRequisicao: CRT, Fim da Espera de: C:\TEF_DIAL\resp\intpos.sts Recebido
-- 15/05 10:29:36:503 - TEF_DIAL FinalizarRequisicao: CRT, Verificando conteudo de: C:\TEF_DIAL\resp\intpos.sts
-- 15/05 10:29:36:503 - TEF_DIAL LerRespostaRequisicao: CRT, Aguardando: C:\TEF_DIAL\resp\intpos.001
-- 15/05 10:29:39:833 - TEF_DIAL LerRespostaRequisicao: CRT, Fim da Espera de: C:\TEF_DIAL\resp\intpos.001 Recebido
-- 15/05 10:29:39:833 - TEF_DIAL LerRespostaRequisicao: CRT, Verificando conteudo de: C:\TEF_DIAL\resp\intpos.001
-- 15/05 10:29:39:833 - TEF_DIAL ProcessarRespostaPagamento: CRT - 36673 Indice: 02 Valor:10,00
-- 15/05 10:29:39:833 -  CopiarResposta: CRT - 36673 Arq: C:\projetos.vcl\apps\tecsoft\ACBr_TEF_DIAL_002.tef
-- 15/05 10:29:39:849 - TEF_DIAL FinalizarResposta: CRT
-- 15/05 10:29:39:864 - FinalizarCupom, DesbloquearMouseTecladoNoTermino
-- 15/05 10:29:39:864 - BloquearMouseTeclado: SIM
-- 15/05 10:29:39:864 - InfoECF: ineEstadoECF
-- 15/05 10:29:40:161 -     Ret: V
-- 15/05 10:29:40:161 - TEF_DIAL ECFSubtotaliza: DescAcres: 0,00
-- 15/05 10:29:40:908 - TEF_DIAL ComandarECF: Oper: opeImprimePagamentos
-- 15/05 10:29:52:627 - InfoECF: ineEstadoECF
-- 15/05 10:29:52:924 -     Ret: P
-- 15/05 10:29:58:081 - InfoECF: ineSubTotal
-- 15/05 10:29:58:377 -     Ret: 10
-- 15/05 10:29:58:377 - TEF_DIAL ECFPagamento: Indice: 02 Valor: 5,00
-- 15/05 10:30:32:259 - InfoECF: ineSubTotal
-- 15/05 10:30:32:549 -     Ret: 5
-- 15/05 10:30:34:574 - InfoECF: ineTotalAPagar
-- 15/05 10:30:34:605 -     Ret: 0
-- 15/05 10:30:46:519 - BloquearMouseTeclado: NAO
-- 15/05 10:31:01:329 - ImprimirTransacoesPendentes
-- 15/05 10:31:04:173 - InfoECF: ineEstadoECF
-- 15/05 10:31:04:479 -     Ret: P
-- 15/05 10:32:51:839 - FinalizarCupom
-- 15/05 10:34:17:791 - BloquearMouseTeclado: SIM
-- 15/05 10:34:28:561 - InfoECF: ineEstadoECF
-- 15/05 10:34:28:874 -     Ret: P
-- 15/05 10:36:38:322 - InfoECF: ineSubTotal
-- 15/05 10:36:38:631 -     Ret: 5
-- 15/05 10:36:42:927 - InfoECF: ineTotalAPagar
-- 15/05 10:36:42:959 -     Ret: 0
-- 15/05 10:37:00:360 - InfoECF: ineTotalAPagar
-- 15/05 10:37:00:391 -     Ret: 0
-- 15/05 10:37:02:347 - InfoECF: ineTotalAPagar
-- 15/05 10:37:02:378 -     Ret: 0
-- 15/05 10:39:21:045 - InfoECF: ineEstadoECF
-- 15/05 10:40:02:544 -     Ret: P
-- 15/05 10:41:28:346 - TEF_DIAL IniciarRequisicao: ADM
-- 15/05 10:41:28:859 - TEF_DIAL IniciarRequisicao: ATV
-- 15/05 10:41:28:890 - TEF_DIAL FinalizarRequisicao: ATV, Fechando arquivo: C:\TEF_DIAL\req\intpos.tmp
-- 15/05 10:41:28:984 - TEF_DIAL FinalizarRequisicao: ATV, Renomeando: C:\TEF_DIAL\req\intpos.tmp para: C:\TEF_DIAL\req\intpos.001
-- 15/05 10:41:29:015 - TEF_DIAL FinalizarRequisicao: ATV, Aguardando: C:\TEF_DIAL\resp\intpos.sts
-- 15/05 10:41:29:062 - TEF_DIAL FinalizarRequisicao: ATV, Fim da Espera de: C:\TEF_DIAL\resp\intpos.sts Recebido
-- 15/05 10:41:29:126 - TEF_DIAL FinalizarRequisicao: ATV, Verificando conteudo de: C:\TEF_DIAL\resp\intpos.sts
-- 15/05 10:41:29:329 - TEF_DIAL FinalizarRequisicao: ADM, Fechando arquivo: C:\TEF_DIAL\req\intpos.tmp
-- 15/05 10:41:29:392 - TEF_DIAL FinalizarRequisicao: ADM, Renomeando: C:\TEF_DIAL\req\intpos.tmp para: C:\TEF_DIAL\req\intpos.001
-- 15/05 10:41:29:438 - TEF_DIAL FinalizarRequisicao: ADM, Aguardando: C:\TEF_DIAL\resp\intpos.sts
-- 15/05 10:41:43:493 - TEF_DIAL FinalizarRequisicao: ADM, Fim da Espera de: C:\TEF_DIAL\resp\intpos.sts Recebido
-- 15/05 10:45:00:104 - TEF_DIAL FinalizarRequisicao: ADM, Verificando conteudo de: C:\TEF_DIAL\resp\intpos.sts
-- 15/05 10:45:30:152 - BloquearMouseTeclado: NAO
-- 15/05 10:45:31:290 - TEF_DIAL LerRespostaRequisicao: ADM, Aguardando: C:\TEF_DIAL\resp\intpos.001
-- 15/05 10:45:32:790 - TEF_DIAL LerRespostaRequisicao: ADM, Fim da Espera de: C:\TEF_DIAL\resp\intpos.001 Recebido
-- 15/05 10:45:32:790 - TEF_DIAL LerRespostaRequisicao: ADM, Verificando conteudo de: C:\TEF_DIAL\resp\intpos.001
-- 15/05 10:45:32:790 - TEF_DIAL ProcessarResposta: ADM
-- 15/05 10:45:32:790 - TEF_DIAL DoExibeMsg: Oper: opmOK Mensagem: REPETIR PASSO 17
-- 15/05 10:45:37:694 - TEF_DIAL FinalizarResposta: ADM
-- 15/05 10:48:11:253 - InfoECF: ineEstadoECF
-- 15/05 10:48:26:782 -     Ret: V
-- 15/05 10:48:30:599 - InfoECF: ineSubTotal
-- 15/05 10:48:34:717 -     Ret: 10
-- 15/05 10:48:37:225 - InfoECF: ineTotalAPagar
-- 15/05 10:48:38:780 -     Ret: 0
-- 15/05 10:48:40:382 - TEF_DIAL IniciarRequisicao: CRT
-- 15/05 10:48:41:271 - ConfirmarTransacoesAnteriores
-- 15/05 10:48:41:959 - TEF_DIAL IniciarRequisicao: CNF
-- 15/05 10:48:43:872 - TEF_DIAL IniciarRequisicao: ATV
-- 15/05 10:48:43:872 - TEF_DIAL FinalizarRequisicao: ATV, Fechando arquivo: C:\TEF_DIAL\req\intpos.tmp
-- 15/05 10:48:43:919 - TEF_DIAL FinalizarRequisicao: ATV, Renomeando: C:\TEF_DIAL\req\intpos.tmp para: C:\TEF_DIAL\req\intpos.001
-- 15/05 10:48:43:919 - TEF_DIAL FinalizarRequisicao: ATV, Aguardando: C:\TEF_DIAL\resp\intpos.sts
-- 15/05 10:48:44:200 - TEF_DIAL FinalizarRequisicao: ATV, Fim da Espera de: C:\TEF_DIAL\resp\intpos.sts Recebido
-- 15/05 10:48:44:200 - TEF_DIAL FinalizarRequisicao: ATV, Verificando conteudo de: C:\TEF_DIAL\resp\intpos.sts
-- 15/05 10:48:44:231 - TEF_DIAL FinalizarRequisicao: CNF, Fechando arquivo: C:\TEF_DIAL\req\intpos.tmp
-- 15/05 10:48:44:262 - TEF_DIAL FinalizarRequisicao: CNF, Renomeando: C:\TEF_DIAL\req\intpos.tmp para: C:\TEF_DIAL\req\intpos.001
-- 15/05 10:48:44:262 - TEF_DIAL FinalizarRequisicao: CNF, Aguardando: C:\TEF_DIAL\resp\intpos.sts
-- 15/05 10:48:44:444 - TEF_DIAL FinalizarRequisicao: CNF, Fim da Espera de: C:\TEF_DIAL\resp\intpos.sts Recebido
-- 15/05 10:48:44:444 - TEF_DIAL FinalizarRequisicao: CNF, Verificando conteudo de: C:\TEF_DIAL\resp\intpos.sts
-- 15/05 10:48:44:465 - TEF_DIAL IniciarRequisicao: ATV
-- 15/05 10:48:44:467 - TEF_DIAL FinalizarRequisicao: ATV, Fechando arquivo: C:\TEF_DIAL\req\intpos.tmp
-- 15/05 10:48:44:495 - TEF_DIAL FinalizarRequisicao: ATV, Renomeando: C:\TEF_DIAL\req\intpos.tmp para: C:\TEF_DIAL\req\intpos.001
-- 15/05 10:48:44:495 - TEF_DIAL FinalizarRequisicao: ATV, Aguardando: C:\TEF_DIAL\resp\intpos.sts
-- 15/05 10:48:44:716 - TEF_DIAL FinalizarRequisicao: ATV, Fim da Espera de: C:\TEF_DIAL\resp\intpos.sts Recebido
-- 15/05 10:48:44:716 - TEF_DIAL FinalizarRequisicao: ATV, Verificando conteudo de: C:\TEF_DIAL\resp\intpos.sts
-- 15/05 10:48:49:595 - TEF_DIAL FinalizarRequisicao: CRT, Fechando arquivo: C:\TEF_DIAL\req\intpos.tmp
-- 15/05 10:48:49:643 - TEF_DIAL FinalizarRequisicao: CRT, Renomeando: C:\TEF_DIAL\req\intpos.tmp para: C:\TEF_DIAL\req\intpos.001
-- 15/05 10:48:49:643 - TEF_DIAL FinalizarRequisicao: CRT, Aguardando: C:\TEF_DIAL\resp\intpos.sts
-- 15/05 10:48:49:924 - TEF_DIAL FinalizarRequisicao: CRT, Fim da Espera de: C:\TEF_DIAL\resp\intpos.sts Recebido
-- 15/05 10:48:49:924 - TEF_DIAL FinalizarRequisicao: CRT, Verificando conteudo de: C:\TEF_DIAL\resp\intpos.sts
-- 15/05 10:48:49:924 - TEF_DIAL LerRespostaRequisicao: CRT, Aguardando: C:\TEF_DIAL\resp\intpos.001
-- 15/05 10:48:53:734 - TEF_DIAL LerRespostaRequisicao: CRT, Fim da Espera de: C:\TEF_DIAL\resp\intpos.001 Recebido
-- 15/05 10:48:53:734 - TEF_DIAL LerRespostaRequisicao: CRT, Verificando conteudo de: C:\TEF_DIAL\resp\intpos.001
-- 15/05 10:48:53:734 - TEF_DIAL ProcessarRespostaPagamento: CRT - 36679 Indice: 02 Valor:10,00
-- 15/05 10:48:53:734 -  CopiarResposta: CRT - 36679 Arq: C:\projetos.vcl\apps\tecsoft\ACBr_TEF_DIAL_003.tef
-- 15/05 10:48:53:783 - TEF_DIAL FinalizarResposta: CRT
-- 15/05 10:49:11:547 - FinalizarCupom, DesbloquearMouseTecladoNoTermino
-- 15/05 10:49:22:482 - BloquearMouseTeclado: SIM
-- 15/05 10:49:34:762 - InfoECF: ineEstadoECF
-- 15/05 10:49:46:349 -     Ret: V
-- 15/05 10:49:46:349 - TEF_DIAL ECFSubtotaliza: DescAcres: 0,00
-- 15/05 10:49:47:067 - TEF_DIAL ComandarECF: Oper: opeImprimePagamentos
-- 15/05 10:50:08:439 - InfoECF: ineEstadoECF
-- 15/05 10:50:19:529 -     Ret: P
-- 15/05 10:55:07:200 - InfoECF: ineSubTotal
-- 15/05 10:58:08:430 -     Ret: 10
-- 15/05 10:59:15:000 - TEF_DIAL ECFPagamento: Indice: 02 Valor: 5,00
-- 15/05 11:03:45:805 - InfoECF: ineSubTotal
-- 15/05 11:04:14:815 -     Ret: 5
-- 15/05 11:05:19:729 - InfoECF: ineTotalAPagar
-- 15/05 11:06:56:500 -     Ret: 5
-- 15/05 11:07:18:407 - TEF_DIAL ComandarECF: Oper: opeImprimePagamentos
-- 15/05 11:08:17:824 - InfoECF: ineSubTotal
-- 15/05 11:08:57:475 -     Ret: 0
-- 15/05 11:08:57:475 - TEF_DIAL ComandarECF: Oper: opeFechaCupom
-- 15/05 11:09:16:017 - Erro ao executar Operação: [opeFechaCupom]
-- 15/05 11:09:16:017 - BloquearMouseTeclado: NAO
-- 15/05 11:09:19:575 - TEF_DIAL DoExibeMsg: Oper: opmYesNo Mensagem: Erro na impressão.
Deseja tentar novamente ?
-- 15/05 11:09:27:212 - BloquearMouseTeclado: SIM
-- 15/05 11:09:33:521 - InfoECF: ineEstadoECF
-- 15/05 11:09:33:957 -     Ret: P
-- 15/05 11:09:34:191 - InfoECF: ineSubTotal
-- 15/05 11:09:34:686 -     Ret: 0
-- 15/05 11:09:34:686 - TEF_DIAL ComandarECF: Oper: opeFechaCupom
-- 15/05 11:09:35:744 - Erro ao executar Operação: [opeFechaCupom]
-- 15/05 11:09:35:744 - BloquearMouseTeclado: NAO
-- 15/05 11:09:35:823 - TEF_DIAL DoExibeMsg: Oper: opmYesNo Mensagem: Erro na impressão.
Deseja tentar novamente ?
-- 15/05 11:09:42:482 - BloquearMouseTeclado: SIM
-- 15/05 11:09:49:373 - InfoECF: ineEstadoECF
-- 15/05 11:09:49:853 -     Ret: P
-- 15/05 11:09:50:103 - InfoECF: ineSubTotal
-- 15/05 11:09:50:532 -     Ret: 0
-- 15/05 11:09:50:532 - TEF_DIAL ComandarECF: Oper: opeFechaCupom
-- 15/05 11:09:51:610 - Erro ao executar Operação: [opeFechaCupom]
-- 15/05 11:09:51:610 - BloquearMouseTeclado: NAO
-- 15/05 11:09:51:672 - TEF_DIAL DoExibeMsg: Oper: opmYesNo Mensagem: Erro na impressão.
Deseja tentar novamente ?
-- 15/05 11:09:56:310 - TEF_DIAL ComandarECF: Oper: opeCancelaCupom
-- 15/05 11:10:14:730 - TEF_DIAL CancelarTransacoesPendentesClass 
-- 15/05 11:10:15:028 - TEF_DIAL IniciarRequisicao: NCN
-- 15/05 11:10:15:028 - TEF_DIAL IniciarRequisicao: ATV
-- 15/05 11:10:15:028 - TEF_DIAL FinalizarRequisicao: ATV, Fechando arquivo: C:\TEF_DIAL\req\intpos.tmp
-- 15/05 11:10:15:059 - TEF_DIAL FinalizarRequisicao: ATV, Renomeando: C:\TEF_DIAL\req\intpos.tmp para: C:\TEF_DIAL\req\intpos.001
-- 15/05 11:10:15:059 - TEF_DIAL FinalizarRequisicao: ATV, Aguardando: C:\TEF_DIAL\resp\intpos.sts
-- 15/05 11:10:15:277 - TEF_DIAL FinalizarRequisicao: ATV, Fim da Espera de: C:\TEF_DIAL\resp\intpos.sts Recebido
-- 15/05 11:10:15:277 - TEF_DIAL FinalizarRequisicao: ATV, Verificando conteudo de: C:\TEF_DIAL\resp\intpos.sts
-- 15/05 11:10:15:277 - TEF_DIAL FinalizarRequisicao: NCN, Fechando arquivo: C:\TEF_DIAL\req\intpos.tmp
-- 15/05 11:10:15:293 - TEF_DIAL FinalizarRequisicao: NCN, Renomeando: C:\TEF_DIAL\req\intpos.tmp para: C:\TEF_DIAL\req\intpos.001
-- 15/05 11:10:15:293 - TEF_DIAL FinalizarRequisicao: NCN, Aguardando: C:\TEF_DIAL\resp\intpos.sts
-- 15/05 11:10:15:539 - TEF_DIAL FinalizarRequisicao: NCN, Fim da Espera de: C:\TEF_DIAL\resp\intpos.sts Recebido
-- 15/05 11:10:15:539 - TEF_DIAL FinalizarRequisicao: NCN, Verificando conteudo de: C:\TEF_DIAL\resp\intpos.sts
-- 15/05 11:10:15:539 - TEF_DIAL DoExibeMsg: Oper: opmOK Mensagem: Última Transação TEF foi cancelada

Rede: CERTIF
NSU: 023113004069
Valor: 5,00
-- 15/05 11:10:22:405 - TEF_DIAL IniciarRequisicao: CNC
-- 15/05 11:10:22:405 - TEF_DIAL IniciarRequisicao: ATV
-- 15/05 11:10:22:405 - TEF_DIAL FinalizarRequisicao: ATV, Fechando arquivo: C:\TEF_DIAL\req\intpos.tmp
-- 15/05 11:10:22:436 - TEF_DIAL FinalizarRequisicao: ATV, Renomeando: C:\TEF_DIAL\req\intpos.tmp para: C:\TEF_DIAL\req\intpos.001
-- 15/05 11:10:22:436 - TEF_DIAL FinalizarRequisicao: ATV, Aguardando: C:\TEF_DIAL\resp\intpos.sts
-- 15/05 11:10:22:493 - TEF_DIAL FinalizarRequisicao: ATV, Fim da Espera de: C:\TEF_DIAL\resp\intpos.sts Recebido
-- 15/05 11:10:22:493 - TEF_DIAL FinalizarRequisicao: ATV, Verificando conteudo de: C:\TEF_DIAL\resp\intpos.sts
-- 15/05 11:10:24:198 - TEF_DIAL FinalizarRequisicao: CNC, Fechando arquivo: C:\TEF_DIAL\req\intpos.tmp
-- 15/05 11:10:24:230 - TEF_DIAL FinalizarRequisicao: CNC, Renomeando: C:\TEF_DIAL\req\intpos.tmp para: C:\TEF_DIAL\req\intpos.001
-- 15/05 11:10:24:230 - TEF_DIAL FinalizarRequisicao: CNC, Aguardando: C:\TEF_DIAL\resp\intpos.sts
-- 15/05 11:10:24:323 - TEF_DIAL FinalizarRequisicao: CNC, Fim da Espera de: C:\TEF_DIAL\resp\intpos.sts Recebido
-- 15/05 11:10:24:323 - TEF_DIAL FinalizarRequisicao: CNC, Verificando conteudo de: C:\TEF_DIAL\resp\intpos.sts
-- 15/05 11:10:24:323 - TEF_DIAL LerRespostaRequisicao: CNC, Aguardando: C:\TEF_DIAL\resp\intpos.001
-- 15/05 11:10:32:517 - TEF_DIAL LerRespostaRequisicao: CNC, Fim da Espera de: C:\TEF_DIAL\resp\intpos.001 Recebido
-- 15/05 11:10:32:517 - TEF_DIAL LerRespostaRequisicao: CNC, Verificando conteudo de: C:\TEF_DIAL\resp\intpos.001
-- 15/05 11:10:32:517 - TEF_DIAL ProcessarResposta: CNC
-- 15/05 11:10:32:517 - TEF_DIAL DoExibeMsg: Oper: opmOK Mensagem: CERTIF. ABORTADA OK:12 / ERRO:01
-- 15/05 11:10:37:995 - TEF_DIAL FinalizarResposta: CNC
-- 15/05 11:10:38:307 - TEF_DIAL IniciarRequisicao: CNC
-- 15/05 11:10:38:307 - TEF_DIAL IniciarRequisicao: ATV
-- 15/05 11:10:38:307 - TEF_DIAL FinalizarRequisicao: ATV, Fechando arquivo: C:\TEF_DIAL\req\intpos.tmp
-- 15/05 11:10:38:354 - TEF_DIAL FinalizarRequisicao: ATV, Renomeando: C:\TEF_DIAL\req\intpos.tmp para: C:\TEF_DIAL\req\intpos.001
-- 15/05 11:10:38:354 - TEF_DIAL FinalizarRequisicao: ATV, Aguardando: C:\TEF_DIAL\resp\intpos.sts
-- 15/05 11:10:38:488 - TEF_DIAL FinalizarRequisicao: ATV, Fim da Espera de: C:\TEF_DIAL\resp\intpos.sts Recebido
-- 15/05 11:10:38:488 - TEF_DIAL FinalizarRequisicao: ATV, Verificando conteudo de: C:\TEF_DIAL\resp\intpos.sts
-- 15/05 11:10:40:157 - TEF_DIAL FinalizarRequisicao: CNC, Fechando arquivo: C:\TEF_DIAL\req\intpos.tmp
-- 15/05 11:10:40:189 - TEF_DIAL FinalizarRequisicao: CNC, Renomeando: C:\TEF_DIAL\req\intpos.tmp para: C:\TEF_DIAL\req\intpos.001
-- 15/05 11:10:40:189 - TEF_DIAL FinalizarRequisicao: CNC, Aguardando: C:\TEF_DIAL\resp\intpos.sts
-- 15/05 11:10:40:313 - TEF_DIAL FinalizarRequisicao: CNC, Fim da Espera de: C:\TEF_DIAL\resp\intpos.sts Recebido
-- 15/05 11:10:40:313 - TEF_DIAL FinalizarRequisicao: CNC, Verificando conteudo de: C:\TEF_DIAL\resp\intpos.sts
-- 15/05 11:10:40:313 - TEF_DIAL LerRespostaRequisicao: CNC, Aguardando: C:\TEF_DIAL\resp\intpos.001
-- 15/05 11:10:42:529 - TEF_DIAL LerRespostaRequisicao: CNC, Fim da Espera de: C:\TEF_DIAL\resp\intpos.001 Recebido
-- 15/05 11:10:42:529 - TEF_DIAL LerRespostaRequisicao: CNC, Verificando conteudo de: C:\TEF_DIAL\resp\intpos.001
-- 15/05 11:10:42:544 - TEF_DIAL ProcessarResposta: CNC
-- 15/05 11:10:42:544 - TEF_DIAL DoExibeMsg: Oper: opmOK Mensagem: OPERACAO CANCELADA!
-- 15/05 11:10:47:152 - TEF_DIAL FinalizarResposta: CNC
-- 15/05 11:10:47:449 - TEF_DIAL IniciarRequisicao: CNC
-- 15/05 11:10:47:449 - TEF_DIAL IniciarRequisicao: ATV
-- 15/05 11:10:47:449 - TEF_DIAL FinalizarRequisicao: ATV, Fechando arquivo: C:\TEF_DIAL\req\intpos.tmp
-- 15/05 11:10:47:488 - TEF_DIAL FinalizarRequisicao: ATV, Renomeando: C:\TEF_DIAL\req\intpos.tmp para: C:\TEF_DIAL\req\intpos.001
-- 15/05 11:10:47:489 - TEF_DIAL FinalizarRequisicao: ATV, Aguardando: C:\TEF_DIAL\resp\intpos.sts
-- 15/05 11:10:47:726 - TEF_DIAL FinalizarRequisicao: ATV, Fim da Espera de: C:\TEF_DIAL\resp\intpos.sts Recebido
-- 15/05 11:10:47:726 - TEF_DIAL FinalizarRequisicao: ATV, Verificando conteudo de: C:\TEF_DIAL\resp\intpos.sts
-- 15/05 11:10:49:492 - TEF_DIAL FinalizarRequisicao: CNC, Fechando arquivo: C:\TEF_DIAL\req\intpos.tmp
-- 15/05 11:10:49:513 - TEF_DIAL FinalizarRequisicao: CNC, Renomeando: C:\TEF_DIAL\req\intpos.tmp para: C:\TEF_DIAL\req\intpos.001
-- 15/05 11:10:49:513 - TEF_DIAL FinalizarRequisicao: CNC, Aguardando: C:\TEF_DIAL\resp\intpos.sts
-- 15/05 11:10:49:545 - TEF_DIAL FinalizarRequisicao: CNC, Fim da Espera de: C:\TEF_DIAL\resp\intpos.sts Recebido
-- 15/05 11:10:49:545 - TEF_DIAL FinalizarRequisicao: CNC, Verificando conteudo de: C:\TEF_DIAL\resp\intpos.sts
-- 15/05 11:10:49:545 - TEF_DIAL LerRespostaRequisicao: CNC, Aguardando: C:\TEF_DIAL\resp\intpos.001
-- 15/05 11:10:52:943 - TEF_DIAL LerRespostaRequisicao: CNC, Fim da Espera de: C:\TEF_DIAL\resp\intpos.001 Recebido
-- 15/05 11:10:52:943 - TEF_DIAL LerRespostaRequisicao: CNC, Verificando conteudo de: C:\TEF_DIAL\resp\intpos.001
-- 15/05 11:10:52:943 - TEF_DIAL ProcessarResposta: CNC
-- 15/05 11:10:52:943 - TEF_DIAL ImprimirRelatorio: CNC
-- 15/05 11:10:52:943 -  CopiarResposta: CNC - 36687 Arq: C:\projetos.vcl\apps\tecsoft\ACBr_TEF_DIAL_003.tef
-- 15/05 11:10:52:958 - BloquearMouseTeclado: SIM
-- 15/05 11:10:59:218 - InfoECF: ineEstadoECF
-- 15/05 11:10:59:682 -     Ret: L
-- 15/05 11:10:59:682 - TEF_DIAL DoExibeMsg: Oper: opmExibirMsgOperador Mensagem: CANCELAMENTO OK
-- 15/05 11:11:01:685 - TEF_DIAL ComandarECF: Oper: opeAbreGerencial
-- 15/05 11:11:05:888 - TEF_DIAL ECFImprimeVia: trGerencial Via: 1
-- 15/05 11:11:07:818 - TEF_DIAL ComandarECF: Oper: opePulaLinhas
-- 15/05 11:11:17:186 - TEF_DIAL DoExibeMsg: Oper: opmDestaqueVia Mensagem: Destaque a 2ª Via
-- 15/05 11:11:19:186 - TEF_DIAL ECFImprimeVia: trGerencial Via: 2
-- 15/05 11:11:21:147 - TEF_DIAL ComandarECF: Oper: opeFechaGerencial
-- 15/05 11:11:26:499 - TEF_DIAL DoExibeMsg: Oper: opmRemoverMsgOperador Mensagem: 
-- 15/05 11:11:28:508 - TEF_DIAL DoExibeMsg: Oper: opmRemoverMsgCliente Mensagem: 
-- 15/05 11:11:30:514 - TEF_DIAL IniciarRequisicao: CNF
-- 15/05 11:11:30:514 - TEF_DIAL IniciarRequisicao: ATV
-- 15/05 11:11:30:514 - TEF_DIAL FinalizarRequisicao: ATV, Fechando arquivo: C:\TEF_DIAL\req\intpos.tmp
-- 15/05 11:11:30:545 - TEF_DIAL FinalizarRequisicao: ATV, Renomeando: C:\TEF_DIAL\req\intpos.tmp para: C:\TEF_DIAL\req\intpos.001
-- 15/05 11:11:30:545 - TEF_DIAL FinalizarRequisicao: ATV, Aguardando: C:\TEF_DIAL\resp\intpos.sts
-- 15/05 11:11:30:672 - TEF_DIAL FinalizarRequisicao: ATV, Fim da Espera de: C:\TEF_DIAL\resp\intpos.sts Recebido
-- 15/05 11:11:30:672 - TEF_DIAL FinalizarRequisicao: ATV, Verificando conteudo de: C:\TEF_DIAL\resp\intpos.sts
-- 15/05 11:11:30:672 - TEF_DIAL FinalizarRequisicao: CNF, Fechando arquivo: C:\TEF_DIAL\req\intpos.tmp
-- 15/05 11:11:30:703 - TEF_DIAL FinalizarRequisicao: CNF, Renomeando: C:\TEF_DIAL\req\intpos.tmp para: C:\TEF_DIAL\req\intpos.001
-- 15/05 11:11:30:703 - TEF_DIAL FinalizarRequisicao: CNF, Aguardando: C:\TEF_DIAL\resp\intpos.sts
-- 15/05 11:11:30:939 - TEF_DIAL FinalizarRequisicao: CNF, Fim da Espera de: C:\TEF_DIAL\resp\intpos.sts Recebido
-- 15/05 11:11:30:939 - TEF_DIAL FinalizarRequisicao: CNF, Verificando conteudo de: C:\TEF_DIAL\resp\intpos.sts
-- 15/05 11:11:30:939 - BloquearMouseTeclado: NAO
-- 15/05 11:11:30:939 - TEF_DIAL FinalizarResposta: CNF
-- 15/05 11:11:31:251 - TEF_DIAL IniciarRequisicao: CNC
-- 15/05 11:11:31:251 - TEF_DIAL IniciarRequisicao: ATV
-- 15/05 11:11:31:251 - TEF_DIAL FinalizarRequisicao: ATV, Fechando arquivo: C:\TEF_DIAL\req\intpos.tmp
-- 15/05 11:11:31:282 - TEF_DIAL FinalizarRequisicao: ATV, Renomeando: C:\TEF_DIAL\req\intpos.tmp para: C:\TEF_DIAL\req\intpos.001
-- 15/05 11:11:31:282 - TEF_DIAL FinalizarRequisicao: ATV, Aguardando: C:\TEF_DIAL\resp\intpos.sts
-- 15/05 11:11:31:454 - TEF_DIAL FinalizarRequisicao: ATV, Fim da Espera de: C:\TEF_DIAL\resp\intpos.sts Recebido
-- 15/05 11:11:31:454 - TEF_DIAL FinalizarRequisicao: ATV, Verificando conteudo de: C:\TEF_DIAL\resp\intpos.sts
-- 15/05 11:11:33:594 - TEF_DIAL FinalizarRequisicao: CNC, Fechando arquivo: C:\TEF_DIAL\req\intpos.tmp
-- 15/05 11:11:33:625 - TEF_DIAL FinalizarRequisicao: CNC, Renomeando: C:\TEF_DIAL\req\intpos.tmp para: C:\TEF_DIAL\req\intpos.001
-- 15/05 11:11:33:625 - TEF_DIAL FinalizarRequisicao: CNC, Aguardando: C:\TEF_DIAL\resp\intpos.sts
-- 15/05 11:11:33:781 - TEF_DIAL FinalizarRequisicao: CNC, Fim da Espera de: C:\TEF_DIAL\resp\intpos.sts Recebido
-- 15/05 11:11:33:781 - TEF_DIAL FinalizarRequisicao: CNC, Verificando conteudo de: C:\TEF_DIAL\resp\intpos.sts
-- 15/05 11:11:33:781 - TEF_DIAL LerRespostaRequisicao: CNC, Aguardando: C:\TEF_DIAL\resp\intpos.001
-- 15/05 11:11:35:679 - TEF_DIAL LerRespostaRequisicao: CNC, Fim da Espera de: C:\TEF_DIAL\resp\intpos.001 Recebido
-- 15/05 11:11:35:679 - TEF_DIAL LerRespostaRequisicao: CNC, Verificando conteudo de: C:\TEF_DIAL\resp\intpos.001
-- 15/05 11:11:35:695 - TEF_DIAL ProcessarResposta: CNC
-- 15/05 11:11:35:695 - TEF_DIAL DoExibeMsg: Oper: opmOK Mensagem: OPERACAO CANCELADA!
-- 15/05 11:11:39:773 - TEF_DIAL FinalizarResposta: CNC
-- 15/05 11:11:40:054 - TEF_DIAL IniciarRequisicao: CNC
-- 15/05 11:11:40:054 - TEF_DIAL IniciarRequisicao: ATV
-- 15/05 11:11:40:054 - TEF_DIAL FinalizarRequisicao: ATV, Fechando arquivo: C:\TEF_DIAL\req\intpos.tmp
-- 15/05 11:11:40:085 - TEF_DIAL FinalizarRequisicao: ATV, Renomeando: C:\TEF_DIAL\req\intpos.tmp para: C:\TEF_DIAL\req\intpos.001
-- 15/05 11:11:40:085 - TEF_DIAL FinalizarRequisicao: ATV, Aguardando: C:\TEF_DIAL\resp\intpos.sts
-- 15/05 11:11:40:335 - TEF_DIAL FinalizarRequisicao: ATV, Fim da Espera de: C:\TEF_DIAL\resp\intpos.sts Recebido
-- 15/05 11:11:40:335 - TEF_DIAL FinalizarRequisicao: ATV, Verificando conteudo de: C:\TEF_DIAL\resp\intpos.sts
-- 15/05 11:12:30:993 - TEF_DIAL Inicializado
-- 15/05 11:12:30:993 - TEF_DIAL CancelarTransacoesPendentesClass 
-- 15/05 11:12:31:274 - TEF_DIAL IniciarRequisicao: CNC
-- 15/05 11:12:31:274 - TEF_DIAL IniciarRequisicao: ATV
-- 15/05 11:12:31:274 - TEF_DIAL FinalizarRequisicao: ATV, Fechando arquivo: C:\TEF_DIAL\req\intpos.tmp
-- 15/05 11:12:31:305 - TEF_DIAL FinalizarRequisicao: ATV, Renomeando: C:\TEF_DIAL\req\intpos.tmp para: C:\TEF_DIAL\req\intpos.001
-- 15/05 11:12:31:305 - TEF_DIAL FinalizarRequisicao: ATV, Aguardando: C:\TEF_DIAL\resp\intpos.sts
-- 15/05 11:12:31:564 - TEF_DIAL FinalizarRequisicao: ATV, Fim da Espera de: C:\TEF_DIAL\resp\intpos.sts Recebido
-- 15/05 11:12:31:564 - TEF_DIAL FinalizarRequisicao: ATV, Verificando conteudo de: C:\TEF_DIAL\resp\intpos.sts
-- 15/05 11:12:31:737 - TEF_DIAL FinalizarRequisicao: CNC, Fechando arquivo: C:\TEF_DIAL\req\intpos.tmp
-- 15/05 11:12:31:768 - TEF_DIAL FinalizarRequisicao: CNC, Renomeando: C:\TEF_DIAL\req\intpos.tmp para: C:\TEF_DIAL\req\intpos.001
-- 15/05 11:12:31:768 - TEF_DIAL FinalizarRequisicao: CNC, Aguardando: C:\TEF_DIAL\resp\intpos.sts
-- 15/05 11:12:31:800 - TEF_DIAL FinalizarRequisicao: CNC, Fim da Espera de: C:\TEF_DIAL\resp\intpos.sts Recebido
-- 15/05 11:12:31:800 - TEF_DIAL FinalizarRequisicao: CNC, Verificando conteudo de: C:\TEF_DIAL\resp\intpos.sts
-- 15/05 11:12:31:800 - TEF_DIAL LerRespostaRequisicao: CNC, Aguardando: C:\TEF_DIAL\resp\intpos.001
-- 15/05 11:12:47:758 - TEF_DIAL LerRespostaRequisicao: CNC, Fim da Espera de: C:\TEF_DIAL\resp\intpos.001 Recebido
-- 15/05 11:12:47:758 - TEF_DIAL LerRespostaRequisicao: CNC, Verificando conteudo de: C:\TEF_DIAL\resp\intpos.001
-- 15/05 11:12:47:759 - TEF_DIAL ProcessarResposta: CNC
-- 15/05 11:12:47:759 - TEF_DIAL ImprimirRelatorio: CNC
-- 15/05 11:12:47:759 -  CopiarResposta: CNC - 40352 Arq: C:\projetos.vcl\apps\tecsoft\ACBr_TEF_DIAL_001.tef
-- 15/05 11:12:47:775 - BloquearMouseTeclado: SIM
-- 15/05 11:12:56:101 - InfoECF: ineEstadoECF
-- 15/05 11:12:56:517 -     Ret: L
-- 15/05 11:12:56:517 - TEF_DIAL DoExibeMsg: Oper: opmExibirMsgOperador Mensagem: CANCELAMENTO OK
-- 15/05 11:12:58:521 - TEF_DIAL ComandarECF: Oper: opeAbreGerencial
-- 15/05 11:13:04:235 - TEF_DIAL ECFImprimeVia: trGerencial Via: 1
-- 15/05 11:13:06:184 - TEF_DIAL ComandarECF: Oper: opePulaLinhas
-- 15/05 11:13:21:484 - TEF_DIAL DoExibeMsg: Oper: opmDestaqueVia Mensagem: Destaque a 2ª Via
-- 15/05 11:13:23:486 - TEF_DIAL ECFImprimeVia: trGerencial Via: 2
-- 15/05 11:13:25:452 - TEF_DIAL ComandarECF: Oper: opeFechaGerencial
-- 15/05 11:13:32:686 - TEF_DIAL DoExibeMsg: Oper: opmRemoverMsgOperador Mensagem: 
-- 15/05 11:13:34:694 - TEF_DIAL DoExibeMsg: Oper: opmRemoverMsgCliente Mensagem: 
-- 15/05 11:13:36:700 - TEF_DIAL IniciarRequisicao: CNF
-- 15/05 11:13:36:700 - TEF_DIAL IniciarRequisicao: ATV
-- 15/05 11:13:36:700 - TEF_DIAL FinalizarRequisicao: ATV, Fechando arquivo: C:\TEF_DIAL\req\intpos.tmp
-- 15/05 11:13:36:733 - TEF_DIAL FinalizarRequisicao: ATV, Renomeando: C:\TEF_DIAL\req\intpos.tmp para: C:\TEF_DIAL\req\intpos.001
-- 15/05 11:13:36:733 - TEF_DIAL FinalizarRequisicao: ATV, Aguardando: C:\TEF_DIAL\resp\intpos.sts
-- 15/05 11:13:36:905 - TEF_DIAL FinalizarRequisicao: ATV, Fim da Espera de: C:\TEF_DIAL\resp\intpos.sts Recebido
-- 15/05 11:13:36:905 - TEF_DIAL FinalizarRequisicao: ATV, Verificando conteudo de: C:\TEF_DIAL\resp\intpos.sts
-- 15/05 11:13:36:905 - TEF_DIAL FinalizarRequisicao: CNF, Fechando arquivo: C:\TEF_DIAL\req\intpos.tmp
-- 15/05 11:13:36:936 - TEF_DIAL FinalizarRequisicao: CNF, Renomeando: C:\TEF_DIAL\req\intpos.tmp para: C:\TEF_DIAL\req\intpos.001
-- 15/05 11:13:36:936 - TEF_DIAL FinalizarRequisicao: CNF, Aguardando: C:\TEF_DIAL\resp\intpos.sts
-- 15/05 11:13:37:170 - TEF_DIAL FinalizarRequisicao: CNF, Fim da Espera de: C:\TEF_DIAL\resp\intpos.sts Recebido
-- 15/05 11:13:37:170 - TEF_DIAL FinalizarRequisicao: CNF, Verificando conteudo de: C:\TEF_DIAL\resp\intpos.sts
-- 15/05 11:13:37:170 - BloquearMouseTeclado: NAO
-- 15/05 11:13:37:170 - TEF_DIAL FinalizarResposta: CNF
-- 15/05 11:13:37:170 - TEF_DIAL IniciarRequisicao: ATV
-- 15/05 11:13:37:170 - TEF_DIAL FinalizarRequisicao: ATV, Fechando arquivo: C:\TEF_DIAL\req\intpos.tmp
-- 15/05 11:13:37:201 - TEF_DIAL FinalizarRequisicao: ATV, Renomeando: C:\TEF_DIAL\req\intpos.tmp para: C:\TEF_DIAL\req\intpos.001
-- 15/05 11:13:37:201 - TEF_DIAL FinalizarRequisicao: ATV, Aguardando: C:\TEF_DIAL\resp\intpos.sts
-- 15/05 11:13:37:420 - TEF_DIAL FinalizarRequisicao: ATV, Fim da Espera de: C:\TEF_DIAL\resp\intpos.sts Recebido
-- 15/05 11:13:37:420 - TEF_DIAL FinalizarRequisicao: ATV, Verificando conteudo de: C:\TEF_DIAL\resp\intpos.sts
-- 15/05 11:14:00:752 - TEF_DIAL CancelarTransacoesPendentesClass 
-- 15/05 11:14:58:352 - TEF_DIAL IniciarRequisicao: ADM
-- 15/05 11:14:58:352 - TEF_DIAL IniciarRequisicao: ATV
-- 15/05 11:14:58:352 - TEF_DIAL FinalizarRequisicao: ATV, Fechando arquivo: C:\TEF_DIAL\req\intpos.tmp
-- 15/05 11:14:58:383 - TEF_DIAL FinalizarRequisicao: ATV, Renomeando: C:\TEF_DIAL\req\intpos.tmp para: C:\TEF_DIAL\req\intpos.001
-- 15/05 11:14:58:383 - TEF_DIAL FinalizarRequisicao: ATV, Aguardando: C:\TEF_DIAL\resp\intpos.sts
-- 15/05 11:14:58:518 - TEF_DIAL FinalizarRequisicao: ATV, Fim da Espera de: C:\TEF_DIAL\resp\intpos.sts Recebido
-- 15/05 11:14:58:518 - TEF_DIAL FinalizarRequisicao: ATV, Verificando conteudo de: C:\TEF_DIAL\resp\intpos.sts
-- 15/05 11:15:02:926 - TEF_DIAL FinalizarRequisicao: ADM, Fechando arquivo: C:\TEF_DIAL\req\intpos.tmp
-- 15/05 11:15:02:958 - TEF_DIAL FinalizarRequisicao: ADM, Renomeando: C:\TEF_DIAL\req\intpos.tmp para: C:\TEF_DIAL\req\intpos.001
-- 15/05 11:15:02:958 - TEF_DIAL FinalizarRequisicao: ADM, Aguardando: C:\TEF_DIAL\resp\intpos.sts
-- 15/05 11:15:03:207 - TEF_DIAL FinalizarRequisicao: ADM, Fim da Espera de: C:\TEF_DIAL\resp\intpos.sts Recebido
-- 15/05 11:15:03:207 - TEF_DIAL FinalizarRequisicao: ADM, Verificando conteudo de: C:\TEF_DIAL\resp\intpos.sts
-- 15/05 11:15:03:207 - TEF_DIAL LerRespostaRequisicao: ADM, Aguardando: C:\TEF_DIAL\resp\intpos.001
-- 15/05 11:15:14:515 - TEF_DIAL LerRespostaRequisicao: ADM, Fim da Espera de: C:\TEF_DIAL\resp\intpos.001 Recebido
-- 15/05 11:15:14:515 - TEF_DIAL LerRespostaRequisicao: ADM, Verificando conteudo de: C:\TEF_DIAL\resp\intpos.001
-- 15/05 11:15:14:515 - TEF_DIAL ProcessarResposta: ADM
-- 15/05 11:15:14:515 - TEF_DIAL DoExibeMsg: Oper: opmOK Mensagem: CERTIFICACAO INICIADA!
-- 15/05 11:15:23:193 - TEF_DIAL FinalizarResposta: ADM
-- 15/05 11:15:51:102 - InfoECF: ineEstadoECF
-- 15/05 11:15:59:967 -     Ret: V
-- 15/05 11:16:01:337 - InfoECF: ineSubTotal
-- 15/05 11:16:04:329 -     Ret: 10
-- 15/05 11:16:04:329 - InfoECF: ineTotalAPagar
-- 15/05 11:16:04:360 -     Ret: 0
-- 15/05 11:16:04:360 - TEF_DIAL IniciarRequisicao: CRT
-- 15/05 11:16:04:360 - ConfirmarTransacoesAnteriores
-- 15/05 11:16:04:360 - TEF_DIAL IniciarRequisicao: ATV
-- 15/05 11:16:04:360 - TEF_DIAL FinalizarRequisicao: ATV, Fechando arquivo: C:\TEF_DIAL\req\intpos.tmp
-- 15/05 11:16:04:391 - TEF_DIAL FinalizarRequisicao: ATV, Renomeando: C:\TEF_DIAL\req\intpos.tmp para: C:\TEF_DIAL\req\intpos.001
-- 15/05 11:16:04:391 - TEF_DIAL FinalizarRequisicao: ATV, Aguardando: C:\TEF_DIAL\resp\intpos.sts
-- 15/05 11:16:04:438 - TEF_DIAL FinalizarRequisicao: ATV, Fim da Espera de: C:\TEF_DIAL\resp\intpos.sts Recebido
-- 15/05 11:16:04:438 - TEF_DIAL FinalizarRequisicao: ATV, Verificando conteudo de: C:\TEF_DIAL\resp\intpos.sts
-- 15/05 11:16:04:438 - TEF_DIAL FinalizarRequisicao: CRT, Fechando arquivo: C:\TEF_DIAL\req\intpos.tmp
-- 15/05 11:16:04:469 - TEF_DIAL FinalizarRequisicao: CRT, Renomeando: C:\TEF_DIAL\req\intpos.tmp para: C:\TEF_DIAL\req\intpos.001
-- 15/05 11:16:04:469 - TEF_DIAL FinalizarRequisicao: CRT, Aguardando: C:\TEF_DIAL\resp\intpos.sts
-- 15/05 11:16:04:686 - TEF_DIAL FinalizarRequisicao: CRT, Fim da Espera de: C:\TEF_DIAL\resp\intpos.sts Recebido
-- 15/05 11:16:04:686 - TEF_DIAL FinalizarRequisicao: CRT, Verificando conteudo de: C:\TEF_DIAL\resp\intpos.sts
-- 15/05 11:16:04:686 - TEF_DIAL LerRespostaRequisicao: CRT, Aguardando: C:\TEF_DIAL\resp\intpos.001
-- 15/05 11:16:09:442 - TEF_DIAL LerRespostaRequisicao: CRT, Fim da Espera de: C:\TEF_DIAL\resp\intpos.001 Recebido
-- 15/05 11:16:09:442 - TEF_DIAL LerRespostaRequisicao: CRT, Verificando conteudo de: C:\TEF_DIAL\resp\intpos.001
-- 15/05 11:16:09:442 - TEF_DIAL ProcessarRespostaPagamento: CRT - 40359 Indice: 02 Valor:10,00
-- 15/05 11:16:09:442 -  CopiarResposta: CRT - 40359 Arq: C:\projetos.vcl\apps\tecsoft\ACBr_TEF_DIAL_001.tef
-- 15/05 11:16:09:474 - TEF_DIAL FinalizarResposta: CRT
-- 15/05 11:16:12:540 - FinalizarCupom
-- 15/05 11:16:17:421 - BloquearMouseTeclado: SIM
-- 15/05 11:16:24:619 - InfoECF: ineEstadoECF
-- 15/05 11:16:24:918 -     Ret: V
-- 15/05 11:16:28:525 - TEF_DIAL ECFSubtotaliza: DescAcres: 0,00
-- 15/05 11:16:29:274 - TEF_DIAL ComandarECF: Oper: opeImprimePagamentos
-- 15/05 11:16:39:208 - InfoECF: ineEstadoECF
-- 15/05 11:16:39:482 -     Ret: P
-- 15/05 11:17:05:479 - InfoECF: ineSubTotal
-- 15/05 11:17:05:791 -     Ret: 10
-- 15/05 11:17:08:801 - TEF_DIAL ECFPagamento: Indice: 02 Valor: 15,00
-- 15/05 11:18:19:444 - InfoECF: ineSubTotal
-- 15/05 11:18:19:749 -     Ret: -5
-- 15/05 11:18:55:095 - TEF_DIAL ComandarECF: Oper: opeFechaCupom
-- 15/05 11:19:06:986 - InfoECF: ineEstadoECF
-- 15/05 11:19:07:298 -     Ret: L
-- 15/05 11:19:10:028 - ImprimirTransacoesPendentes
-- 15/05 11:19:10:418 - InfoECF: ineEstadoECF
-- 15/05 11:19:10:743 -     Ret: L
-- 15/05 11:19:10:977 - BloquearMouseTeclado: SIM
-- 15/05 11:19:10:977 - TEF_DIAL DoExibeMsg: Oper: opmExibirMsgOperador Mensagem: TRANSACAO APROVADA - AUTORIZACAO: 004898
-- 15/05 11:19:12:985 - TEF_DIAL ECFAbreVinculado: COO: 004270 Indice: 02 Valor: 15,00
-- 15/05 11:19:15:086 - TEF_DIAL ECFImprimeVia: trVinculado Via: 1
-- 15/05 11:19:16:748 - TEF_DIAL ComandarECF: Oper: opePulaLinhas
-- 15/05 11:19:37:822 - TEF_DIAL DoExibeMsg: Oper: opmDestaqueVia Mensagem: Destaque a 1ª Via
-- 15/05 11:19:39:828 - TEF_DIAL ECFImprimeVia: trVinculado Via: 2
-- 15/05 11:19:41:481 - TEF_DIAL DoExibeMsg: Oper: opmRemoverMsgOperador Mensagem: 
-- 15/05 11:19:43:481 - TEF_DIAL DoExibeMsg: Oper: opmRemoverMsgCliente Mensagem: 
-- 15/05 11:19:45:483 - TEF_DIAL ComandarECF: Oper: opeFechaVinculado
-- 15/05 11:19:49:424 - ConfirmarTransacoesPendentes
-- 15/05 11:19:49:424 - TEF_DIAL IniciarRequisicao: CNF
-- 15/05 11:19:49:424 - TEF_DIAL IniciarRequisicao: ATV
-- 15/05 11:19:49:424 - TEF_DIAL FinalizarRequisicao: ATV, Fechando arquivo: C:\TEF_DIAL\req\intpos.tmp
-- 15/05 11:19:49:439 - TEF_DIAL FinalizarRequisicao: ATV, Renomeando: C:\TEF_DIAL\req\intpos.tmp para: C:\TEF_DIAL\req\intpos.001
-- 15/05 11:19:49:439 - TEF_DIAL FinalizarRequisicao: ATV, Aguardando: C:\TEF_DIAL\resp\intpos.sts
-- 15/05 11:19:49:684 - TEF_DIAL FinalizarRequisicao: ATV, Fim da Espera de: C:\TEF_DIAL\resp\intpos.sts Recebido
-- 15/05 11:19:49:684 - TEF_DIAL FinalizarRequisicao: ATV, Verificando conteudo de: C:\TEF_DIAL\resp\intpos.sts
-- 15/05 11:19:49:684 - TEF_DIAL FinalizarRequisicao: CNF, Fechando arquivo: C:\TEF_DIAL\req\intpos.tmp
-- 15/05 11:19:49:700 - TEF_DIAL FinalizarRequisicao: CNF, Renomeando: C:\TEF_DIAL\req\intpos.tmp para: C:\TEF_DIAL\req\intpos.001
-- 15/05 11:19:49:700 - TEF_DIAL FinalizarRequisicao: CNF, Aguardando: C:\TEF_DIAL\resp\intpos.sts
-- 15/05 11:19:49:949 - TEF_DIAL FinalizarRequisicao: CNF, Fim da Espera de: C:\TEF_DIAL\resp\intpos.sts Recebido
-- 15/05 11:19:49:949 - TEF_DIAL FinalizarRequisicao: CNF, Verificando conteudo de: C:\TEF_DIAL\resp\intpos.sts
-- 15/05 11:19:49:949 - BloquearMouseTeclado: NAO
-- 15/05 11:30:04:443 - InfoECF: ineEstadoECF
-- 15/05 11:30:04:784 -     Ret: V
-- 15/05 11:30:04:784 - InfoECF: ineSubTotal
-- 15/05 11:30:05:236 -     Ret: 5
-- 15/05 11:30:05:236 - InfoECF: ineTotalAPagar
-- 15/05 11:30:05:267 -     Ret: 0
-- 15/05 11:30:05:267 - TEF_DIAL IniciarRequisicao: CRT
-- 15/05 11:30:05:267 - ConfirmarTransacoesAnteriores
-- 15/05 11:30:05:267 - TEF_DIAL IniciarRequisicao: ATV
-- 15/05 11:30:05:267 - TEF_DIAL FinalizarRequisicao: ATV, Fechando arquivo: C:\TEF_DIAL\req\intpos.tmp
-- 15/05 11:30:05:283 - TEF_DIAL FinalizarRequisicao: ATV, Renomeando: C:\TEF_DIAL\req\intpos.tmp para: C:\TEF_DIAL\req\intpos.001
-- 15/05 11:30:05:299 - TEF_DIAL FinalizarRequisicao: ATV, Aguardando: C:\TEF_DIAL\resp\intpos.sts
-- 15/05 11:30:05:528 - TEF_DIAL FinalizarRequisicao: ATV, Fim da Espera de: C:\TEF_DIAL\resp\intpos.sts Recebido
-- 15/05 11:30:05:528 - TEF_DIAL FinalizarRequisicao: ATV, Verificando conteudo de: C:\TEF_DIAL\resp\intpos.sts
-- 15/05 11:30:05:528 - TEF_DIAL FinalizarRequisicao: CRT, Fechando arquivo: C:\TEF_DIAL\req\intpos.tmp
-- 15/05 11:30:05:559 - TEF_DIAL FinalizarRequisicao: CRT, Renomeando: C:\TEF_DIAL\req\intpos.tmp para: C:\TEF_DIAL\req\intpos.001
-- 15/05 11:30:05:559 - TEF_DIAL FinalizarRequisicao: CRT, Aguardando: C:\TEF_DIAL\resp\intpos.sts
-- 15/05 11:30:05:779 - TEF_DIAL FinalizarRequisicao: CRT, Fim da Espera de: C:\TEF_DIAL\resp\intpos.sts Recebido
-- 15/05 11:30:05:779 - TEF_DIAL FinalizarRequisicao: CRT, Verificando conteudo de: C:\TEF_DIAL\resp\intpos.sts
-- 15/05 11:30:05:779 - TEF_DIAL LerRespostaRequisicao: CRT, Aguardando: C:\TEF_DIAL\resp\intpos.001
-- 15/05 11:30:09:784 - TEF_DIAL LerRespostaRequisicao: CRT, Fim da Espera de: C:\TEF_DIAL\resp\intpos.001 Recebido
-- 15/05 11:30:09:784 - TEF_DIAL LerRespostaRequisicao: CRT, Verificando conteudo de: C:\TEF_DIAL\resp\intpos.001
-- 15/05 11:30:09:784 - TEF_DIAL ProcessarRespostaPagamento: CRT - 40363 Indice: 02 Valor:5,00
-- 15/05 11:30:09:784 -  CopiarResposta: CRT - 40363 Arq: C:\projetos.vcl\apps\tecsoft\ACBr_TEF_DIAL_001.tef
-- 15/05 11:30:09:799 - TEF_DIAL FinalizarResposta: CRT
-- 15/05 11:30:11:420 - FinalizarCupom, DesbloquearMouseTecladoNoTermino
-- 15/05 11:30:11:934 - BloquearMouseTeclado: SIM
-- 15/05 11:30:11:934 - InfoECF: ineEstadoECF
-- 15/05 11:30:12:231 -     Ret: V
-- 15/05 11:30:56:215 - TEF_DIAL ECFSubtotaliza: DescAcres: 0,00
-- 15/05 11:30:57:010 - TEF_DIAL ComandarECF: Oper: opeImprimePagamentos
-- 15/05 11:30:57:706 - InfoECF: ineEstadoECF
-- 15/05 11:30:58:034 -     Ret: P
-- 15/05 11:30:58:935 - InfoECF: ineSubTotal
-- 15/05 11:30:59:232 -     Ret: 5
-- 15/05 11:30:59:341 - TEF_DIAL ECFPagamento: Indice: 02 Valor: 2,50
-- 15/05 11:31:00:085 - InfoECF: ineSubTotal
-- 15/05 11:31:00:413 -     Ret: 2,5
-- 15/05 11:31:00:476 - InfoECF: ineTotalAPagar
-- 15/05 11:31:00:478 -     Ret: 0
-- 15/05 11:31:00:478 - BloquearMouseTeclado: NAO
-- 15/05 11:31:00:567 - ImprimirTransacoesPendentes
-- 15/05 11:31:00:613 - InfoECF: ineEstadoECF
-- 15/05 11:31:00:926 -     Ret: P
-- 15/05 11:31:01:036 - FinalizarCupom
-- 15/05 11:31:01:067 - BloquearMouseTeclado: SIM
-- 15/05 11:31:01:067 - InfoECF: ineEstadoECF
-- 15/05 11:31:01:379 -     Ret: P
-- 15/05 11:31:08:825 - InfoECF: ineSubTotal
-- 15/05 11:31:09:121 -     Ret: 2,5
-- 15/05 11:31:09:183 - InfoECF: ineTotalAPagar
-- 15/05 11:31:09:215 -     Ret: 0
-- 15/05 11:31:09:324 - InfoECF: ineEstadoECF
-- 15/05 11:31:09:643 -     Ret: P
-- 15/05 11:31:25:403 - TEF_DIAL IniciarRequisicao: ADM
-- 15/05 11:31:25:403 - TEF_DIAL IniciarRequisicao: ATV
-- 15/05 11:31:25:403 - TEF_DIAL FinalizarRequisicao: ATV, Fechando arquivo: C:\TEF_DIAL\req\intpos.tmp
-- 15/05 11:31:25:434 - TEF_DIAL FinalizarRequisicao: ATV, Renomeando: C:\TEF_DIAL\req\intpos.tmp para: C:\TEF_DIAL\req\intpos.001
-- 15/05 11:31:25:434 - TEF_DIAL FinalizarRequisicao: ATV, Aguardando: C:\TEF_DIAL\resp\intpos.sts
-- 15/05 11:31:25:481 - TEF_DIAL FinalizarRequisicao: ATV, Fim da Espera de: C:\TEF_DIAL\resp\intpos.sts Recebido
-- 15/05 11:31:25:481 - TEF_DIAL FinalizarRequisicao: ATV, Verificando conteudo de: C:\TEF_DIAL\resp\intpos.sts
-- 15/05 11:31:25:483 - TEF_DIAL FinalizarRequisicao: ADM, Fechando arquivo: C:\TEF_DIAL\req\intpos.tmp
-- 15/05 11:31:25:507 - TEF_DIAL FinalizarRequisicao: ADM, Renomeando: C:\TEF_DIAL\req\intpos.tmp para: C:\TEF_DIAL\req\intpos.001
-- 15/05 11:31:25:507 - TEF_DIAL FinalizarRequisicao: ADM, Aguardando: C:\TEF_DIAL\resp\intpos.sts
-- 15/05 11:31:25:743 - TEF_DIAL FinalizarRequisicao: ADM, Fim da Espera de: C:\TEF_DIAL\resp\intpos.sts Recebido
-- 15/05 11:31:25:743 - TEF_DIAL FinalizarRequisicao: ADM, Verificando conteudo de: C:\TEF_DIAL\resp\intpos.sts
-- 15/05 11:31:25:743 - BloquearMouseTeclado: NAO
-- 15/05 11:31:25:743 - TEF_DIAL LerRespostaRequisicao: ADM, Aguardando: C:\TEF_DIAL\resp\intpos.001
-- 15/05 11:31:37:086 - TEF_DIAL LerRespostaRequisicao: ADM, Fim da Espera de: C:\TEF_DIAL\resp\intpos.001 Recebido
-- 15/05 11:31:37:086 - TEF_DIAL LerRespostaRequisicao: ADM, Verificando conteudo de: C:\TEF_DIAL\resp\intpos.001
-- 15/05 11:31:37:086 - TEF_DIAL ProcessarResposta: ADM
-- 15/05 11:31:37:086 - TEF_DIAL DoExibeMsg: Oper: opmOK Mensagem: OPERACAO CANCELADA
-- 15/05 11:31:40:952 - TEF_DIAL IniciarRequisicao: ADM
-- 15/05 11:31:40:952 - TEF_DIAL IniciarRequisicao: ATV
-- 15/05 11:31:40:952 - TEF_DIAL FinalizarRequisicao: ATV, Fechando arquivo: C:\TEF_DIAL\req\intpos.tmp
-- 15/05 11:31:40:967 - TEF_DIAL FinalizarRequisicao: ATV, Renomeando: C:\TEF_DIAL\req\intpos.tmp para: C:\TEF_DIAL\req\intpos.001
-- 15/05 11:31:40:967 - TEF_DIAL FinalizarRequisicao: ATV, Aguardando: C:\TEF_DIAL\resp\intpos.sts
-- 15/05 11:31:41:232 - TEF_DIAL FinalizarRequisicao: ATV, Fim da Espera de: C:\TEF_DIAL\resp\intpos.sts Recebido
-- 15/05 11:31:41:232 - TEF_DIAL FinalizarRequisicao: ATV, Verificando conteudo de: C:\TEF_DIAL\resp\intpos.sts
-- 15/05 11:31:41:232 - TEF_DIAL FinalizarRequisicao: ADM, Fechando arquivo: C:\TEF_DIAL\req\intpos.tmp
-- 15/05 11:31:41:248 - TEF_DIAL FinalizarRequisicao: ADM, Renomeando: C:\TEF_DIAL\req\intpos.tmp para: C:\TEF_DIAL\req\intpos.001
-- 15/05 11:31:41:264 - TEF_DIAL FinalizarRequisicao: ADM, Aguardando: C:\TEF_DIAL\resp\intpos.sts
-- 15/05 11:31:41:507 - TEF_DIAL FinalizarRequisicao: ADM, Fim da Espera de: C:\TEF_DIAL\resp\intpos.sts Recebido
-- 15/05 11:31:41:507 - TEF_DIAL FinalizarRequisicao: ADM, Verificando conteudo de: C:\TEF_DIAL\resp\intpos.sts
-- 15/05 11:31:41:507 - TEF_DIAL LerRespostaRequisicao: ADM, Aguardando: C:\TEF_DIAL\resp\intpos.001
-- 15/05 11:31:45:441 - TEF_DIAL LerRespostaRequisicao: ADM, Fim da Espera de: C:\TEF_DIAL\resp\intpos.001 Recebido
-- 15/05 11:31:45:441 - TEF_DIAL LerRespostaRequisicao: ADM, Verificando conteudo de: C:\TEF_DIAL\resp\intpos.001
-- 15/05 11:31:45:441 - TEF_DIAL ProcessarResposta: ADM
-- 15/05 11:31:45:441 - TEF_DIAL DoExibeMsg: Oper: opmOK Mensagem: REPETIR PASSO 17
-- 15/05 11:31:48:128 - TEF_DIAL FinalizarResposta: ADM
-- 15/05 11:31:48:128 - TEF_DIAL FinalizarResposta: 
-- 15/05 11:32:37:441 - InfoECF: ineEstadoECF
-- 15/05 11:32:37:734 -     Ret: V
-- 15/05 11:32:37:734 - InfoECF: ineSubTotal
-- 15/05 11:32:38:203 -     Ret: 10
-- 15/05 11:32:38:203 - InfoECF: ineTotalAPagar
-- 15/05 11:32:38:235 -     Ret: 0
-- 15/05 11:32:38:235 - TEF_DIAL IniciarRequisicao: CRT
-- 15/05 11:32:38:235 - ConfirmarTransacoesAnteriores
-- 15/05 11:32:38:235 - TEF_DIAL IniciarRequisicao: CNF
-- 15/05 11:32:38:235 - TEF_DIAL IniciarRequisicao: ATV
-- 15/05 11:32:38:235 - TEF_DIAL FinalizarRequisicao: ATV, Fechando arquivo: C:\TEF_DIAL\req\intpos.tmp
-- 15/05 11:32:38:266 - TEF_DIAL FinalizarRequisicao: ATV, Renomeando: C:\TEF_DIAL\req\intpos.tmp para: C:\TEF_DIAL\req\intpos.001
-- 15/05 11:32:38:266 - TEF_DIAL FinalizarRequisicao: ATV, Aguardando: C:\TEF_DIAL\resp\intpos.sts
-- 15/05 11:32:38:484 - TEF_DIAL FinalizarRequisicao: ATV, Fim da Espera de: C:\TEF_DIAL\resp\intpos.sts Recebido
-- 15/05 11:32:38:484 - TEF_DIAL FinalizarRequisicao: ATV, Verificando conteudo de: C:\TEF_DIAL\resp\intpos.sts
-- 15/05 11:32:38:486 - TEF_DIAL FinalizarRequisicao: CNF, Fechando arquivo: C:\TEF_DIAL\req\intpos.tmp
-- 15/05 11:32:38:512 - TEF_DIAL FinalizarRequisicao: CNF, Renomeando: C:\TEF_DIAL\req\intpos.tmp para: C:\TEF_DIAL\req\intpos.001
-- 15/05 11:32:38:512 - TEF_DIAL FinalizarRequisicao: CNF, Aguardando: C:\TEF_DIAL\resp\intpos.sts
-- 15/05 11:32:38:746 - TEF_DIAL FinalizarRequisicao: CNF, Fim da Espera de: C:\TEF_DIAL\resp\intpos.sts Recebido
-- 15/05 11:32:38:746 - TEF_DIAL FinalizarRequisicao: CNF, Verificando conteudo de: C:\TEF_DIAL\resp\intpos.sts
-- 15/05 11:32:38:763 - TEF_DIAL IniciarRequisicao: ATV
-- 15/05 11:32:38:763 - TEF_DIAL FinalizarRequisicao: ATV, Fechando arquivo: C:\TEF_DIAL\req\intpos.tmp
-- 15/05 11:32:38:779 - TEF_DIAL FinalizarRequisicao: ATV, Renomeando: C:\TEF_DIAL\req\intpos.tmp para: C:\TEF_DIAL\req\intpos.001
-- 15/05 11:32:38:779 - TEF_DIAL FinalizarRequisicao: ATV, Aguardando: C:\TEF_DIAL\resp\intpos.sts
-- 15/05 11:32:38:997 - TEF_DIAL FinalizarRequisicao: ATV, Fim da Espera de: C:\TEF_DIAL\resp\intpos.sts Recebido
-- 15/05 11:32:38:997 - TEF_DIAL FinalizarRequisicao: ATV, Verificando conteudo de: C:\TEF_DIAL\resp\intpos.sts
-- 15/05 11:32:38:997 - TEF_DIAL FinalizarRequisicao: CRT, Fechando arquivo: C:\TEF_DIAL\req\intpos.tmp
-- 15/05 11:32:39:013 - TEF_DIAL FinalizarRequisicao: CRT, Renomeando: C:\TEF_DIAL\req\intpos.tmp para: C:\TEF_DIAL\req\intpos.001
-- 15/05 11:32:39:013 - TEF_DIAL FinalizarRequisicao: CRT, Aguardando: C:\TEF_DIAL\resp\intpos.sts
-- 15/05 11:32:39:263 - TEF_DIAL FinalizarRequisicao: CRT, Fim da Espera de: C:\TEF_DIAL\resp\intpos.sts Recebido
-- 15/05 11:32:39:263 - TEF_DIAL FinalizarRequisicao: CRT, Verificando conteudo de: C:\TEF_DIAL\resp\intpos.sts
-- 15/05 11:32:39:263 - TEF_DIAL LerRespostaRequisicao: CRT, Aguardando: C:\TEF_DIAL\resp\intpos.001
-- 15/05 11:32:43:202 - TEF_DIAL LerRespostaRequisicao: CRT, Fim da Espera de: C:\TEF_DIAL\resp\intpos.001 Recebido
-- 15/05 11:32:43:202 - TEF_DIAL LerRespostaRequisicao: CRT, Verificando conteudo de: C:\TEF_DIAL\resp\intpos.001
-- 15/05 11:32:43:202 - TEF_DIAL ProcessarRespostaPagamento: CRT - 40371 Indice: 02 Valor:10,00
-- 15/05 11:32:43:202 -  CopiarResposta: CRT - 40371 Arq: C:\projetos.vcl\apps\tecsoft\ACBr_TEF_DIAL_002.tef
-- 15/05 11:32:43:218 - TEF_DIAL FinalizarResposta: CRT
-- 15/05 11:32:47:629 - FinalizarCupom, DesbloquearMouseTecladoNoTermino
-- 15/05 11:32:55:191 - BloquearMouseTeclado: SIM
-- 15/05 11:33:01:052 - InfoECF: ineEstadoECF
-- 15/05 11:33:01:348 -     Ret: V
-- 15/05 11:37:39:849 - TEF_DIAL ECFSubtotaliza: DescAcres: 0,00
-- 15/05 11:38:34:082 - TEF_DIAL ComandarECF: Oper: opeImprimePagamentos
-- 15/05 11:38:35:528 - InfoECF: ineEstadoECF
-- 15/05 11:38:35:842 -     Ret: P
-- 15/05 11:38:38:252 - InfoECF: ineSubTotal
-- 15/05 11:38:38:546 -     Ret: 10
-- 15/05 11:38:38:641 - TEF_DIAL ECFPagamento: Indice: 02 Valor: 5,00
-- 15/05 11:38:39:376 - InfoECF: ineSubTotal
-- 15/05 11:38:39:684 -     Ret: 5
-- 15/05 11:38:39:715 - InfoECF: ineTotalAPagar
-- 15/05 11:38:39:747 -     Ret: 0
-- 15/05 11:38:39:747 - BloquearMouseTeclado: NAO
-- 15/05 11:38:39:825 - ImprimirTransacoesPendentes
-- 15/05 11:38:39:871 - InfoECF: ineEstadoECF
-- 15/05 11:38:40:199 -     Ret: P
-- 15/05 11:38:40:308 - FinalizarCupom
-- 15/05 11:38:40:339 - BloquearMouseTeclado: SIM
-- 15/05 11:38:40:339 - InfoECF: ineEstadoECF
-- 15/05 11:38:40:646 -     Ret: P
-- 15/05 11:38:47:292 - InfoECF: ineSubTotal
-- 15/05 11:38:47:614 -     Ret: 5
-- 15/05 11:38:47:676 - InfoECF: ineTotalAPagar
-- 15/05 11:38:47:708 -     Ret: 0
-- 15/05 11:38:47:818 - InfoECF: ineEstadoECF
-- 15/05 11:38:48:115 -     Ret: P
-- 15/05 11:56:10:745 - TEF_DIAL Inicializado
-- 15/05 11:56:21:019 - TEF_DIAL CancelarTransacoesPendentesClass 
-- 15/05 11:56:21:299 - TEF_DIAL IniciarRequisicao: NCN
-- 15/05 11:56:21:299 - TEF_DIAL IniciarRequisicao: ATV
-- 15/05 11:56:21:299 - TEF_DIAL FinalizarRequisicao: ATV, Fechando arquivo: C:\TEF_DIAL\req\intpos.tmp
-- 15/05 11:56:21:331 - TEF_DIAL FinalizarRequisicao: ATV, Renomeando: C:\TEF_DIAL\req\intpos.tmp para: C:\TEF_DIAL\req\intpos.001
-- 15/05 11:56:21:331 - TEF_DIAL FinalizarRequisicao: ATV, Aguardando: C:\TEF_DIAL\resp\intpos.sts
-- 15/05 11:56:21:592 - TEF_DIAL FinalizarRequisicao: ATV, Fim da Espera de: C:\TEF_DIAL\resp\intpos.sts Recebido
-- 15/05 11:56:21:592 - TEF_DIAL FinalizarRequisicao: ATV, Verificando conteudo de: C:\TEF_DIAL\resp\intpos.sts
-- 15/05 11:56:21:592 - TEF_DIAL FinalizarRequisicao: NCN, Fechando arquivo: C:\TEF_DIAL\req\intpos.tmp
-- 15/05 11:56:21:623 - TEF_DIAL FinalizarRequisicao: NCN, Renomeando: C:\TEF_DIAL\req\intpos.tmp para: C:\TEF_DIAL\req\intpos.001
-- 15/05 11:56:21:623 - TEF_DIAL FinalizarRequisicao: NCN, Aguardando: C:\TEF_DIAL\resp\intpos.sts
-- 15/05 11:56:21:857 - TEF_DIAL FinalizarRequisicao: NCN, Fim da Espera de: C:\TEF_DIAL\resp\intpos.sts Recebido
-- 15/05 11:56:21:857 - TEF_DIAL FinalizarRequisicao: NCN, Verificando conteudo de: C:\TEF_DIAL\resp\intpos.sts
-- 15/05 11:56:21:857 - TEF_DIAL DoExibeMsg: Oper: opmOK Mensagem: Última Transação TEF foi cancelada

Rede: CERTIF
NSU: 016294019196
Valor: 5,00
-- 15/05 11:56:33:358 - TEF_DIAL IniciarRequisicao: CNC
-- 15/05 11:56:33:358 - TEF_DIAL IniciarRequisicao: ATV
-- 15/05 11:56:33:358 - TEF_DIAL FinalizarRequisicao: ATV, Fechando arquivo: C:\TEF_DIAL\req\intpos.tmp
-- 15/05 11:56:33:374 - TEF_DIAL FinalizarRequisicao: ATV, Renomeando: C:\TEF_DIAL\req\intpos.tmp para: C:\TEF_DIAL\req\intpos.001
-- 15/05 11:56:33:374 - TEF_DIAL FinalizarRequisicao: ATV, Aguardando: C:\TEF_DIAL\resp\intpos.sts
-- 15/05 11:56:33:436 - TEF_DIAL FinalizarRequisicao: ATV, Fim da Espera de: C:\TEF_DIAL\resp\intpos.sts Recebido
-- 15/05 11:56:33:436 - TEF_DIAL FinalizarRequisicao: ATV, Verificando conteudo de: C:\TEF_DIAL\resp\intpos.sts
-- 15/05 11:56:33:436 - TEF_DIAL FinalizarRequisicao: CNC, Fechando arquivo: C:\TEF_DIAL\req\intpos.tmp
-- 15/05 11:56:33:436 - TEF_DIAL FinalizarRequisicao: CNC, Renomeando: C:\TEF_DIAL\req\intpos.tmp para: C:\TEF_DIAL\req\intpos.001
-- 15/05 11:56:33:436 - TEF_DIAL FinalizarRequisicao: CNC, Aguardando: C:\TEF_DIAL\resp\intpos.sts
-- 15/05 11:56:33:682 - TEF_DIAL FinalizarRequisicao: CNC, Fim da Espera de: C:\TEF_DIAL\resp\intpos.sts Recebido
-- 15/05 11:56:33:682 - TEF_DIAL FinalizarRequisicao: CNC, Verificando conteudo de: C:\TEF_DIAL\resp\intpos.sts
-- 15/05 11:56:33:682 - TEF_DIAL LerRespostaRequisicao: CNC, Aguardando: C:\TEF_DIAL\resp\intpos.001
-- 15/05 11:56:40:057 - TEF_DIAL LerRespostaRequisicao: CNC, Fim da Espera de: C:\TEF_DIAL\resp\intpos.001 Recebido
-- 15/05 11:56:40:057 - TEF_DIAL LerRespostaRequisicao: CNC, Verificando conteudo de: C:\TEF_DIAL\resp\intpos.001
-- 15/05 11:56:40:057 - TEF_DIAL ProcessarResposta: CNC
-- 15/05 11:56:40:057 - TEF_DIAL DoExibeMsg: Oper: opmOK Mensagem: CERTIF. ABORTADA OK:01 / ERRO:01
-- 15/05 11:56:42:743 - TEF_DIAL FinalizarResposta: CNC
-- 15/05 11:56:43:024 - TEF_DIAL IniciarRequisicao: CNC
-- 15/05 11:56:43:024 - TEF_DIAL IniciarRequisicao: ATV
-- 15/05 11:56:43:024 - TEF_DIAL FinalizarRequisicao: ATV, Fechando arquivo: C:\TEF_DIAL\req\intpos.tmp
-- 15/05 11:56:43:055 - TEF_DIAL FinalizarRequisicao: ATV, Renomeando: C:\TEF_DIAL\req\intpos.tmp para: C:\TEF_DIAL\req\intpos.001
-- 15/05 11:56:43:055 - TEF_DIAL FinalizarRequisicao: ATV, Aguardando: C:\TEF_DIAL\resp\intpos.sts
-- 15/05 11:56:43:180 - TEF_DIAL FinalizarRequisicao: ATV, Fim da Espera de: C:\TEF_DIAL\resp\intpos.sts Recebido
-- 15/05 11:56:43:180 - TEF_DIAL FinalizarRequisicao: ATV, Verificando conteudo de: C:\TEF_DIAL\resp\intpos.sts
-- 15/05 11:56:43:180 - TEF_DIAL FinalizarRequisicao: CNC, Fechando arquivo: C:\TEF_DIAL\req\intpos.tmp
-- 15/05 11:56:43:195 - TEF_DIAL FinalizarRequisicao: CNC, Renomeando: C:\TEF_DIAL\req\intpos.tmp para: C:\TEF_DIAL\req\intpos.001
-- 15/05 11:56:43:195 - TEF_DIAL FinalizarRequisicao: CNC, Aguardando: C:\TEF_DIAL\resp\intpos.sts
-- 15/05 11:56:43:429 - TEF_DIAL FinalizarRequisicao: CNC, Fim da Espera de: C:\TEF_DIAL\resp\intpos.sts Recebido
-- 15/05 11:56:43:429 - TEF_DIAL FinalizarRequisicao: CNC, Verificando conteudo de: C:\TEF_DIAL\resp\intpos.sts
-- 15/05 11:56:43:429 - TEF_DIAL LerRespostaRequisicao: CNC, Aguardando: C:\TEF_DIAL\resp\intpos.001
-- 15/05 11:56:49:930 - TEF_DIAL LerRespostaRequisicao: CNC, Fim da Espera de: C:\TEF_DIAL\resp\intpos.001 Recebido
-- 15/05 11:56:49:930 - TEF_DIAL LerRespostaRequisicao: CNC, Verificando conteudo de: C:\TEF_DIAL\resp\intpos.001
-- 15/05 11:56:49:930 - TEF_DIAL ProcessarResposta: CNC
-- 15/05 11:56:49:930 - TEF_DIAL ImprimirRelatorio: CNC
-- 15/05 11:56:49:930 -  CopiarResposta: CNC - 42967 Arq: C:\projetos.vcl\apps\tecsoft\ACBr_TEF_DIAL_002.tef
-- 15/05 11:56:49:961 - BloquearMouseTeclado: SIM
-- 15/05 11:56:49:961 - InfoECF: ineEstadoECF
-- 15/05 11:56:50:273 -     Ret: L
-- 15/05 11:56:50:273 - TEF_DIAL DoExibeMsg: Oper: opmExibirMsgOperador Mensagem: CANCELAMENTO OK
-- 15/05 11:56:52:282 - TEF_DIAL ComandarECF: Oper: opeAbreGerencial
-- 15/05 11:56:55:074 - TEF_DIAL ECFImprimeVia: trGerencial Via: 1
-- 15/05 11:56:57:027 - TEF_DIAL ComandarECF: Oper: opePulaLinhas
-- 15/05 11:57:00:739 - TEF_DIAL DoExibeMsg: Oper: opmDestaqueVia Mensagem: Destaque a 2ª Via
-- 15/05 11:57:02:749 - TEF_DIAL ECFImprimeVia: trGerencial Via: 2
-- 15/05 11:57:04:693 - TEF_DIAL ComandarECF: Oper: opeFechaGerencial
-- 15/05 11:57:07:095 - TEF_DIAL DoExibeMsg: Oper: opmRemoverMsgOperador Mensagem: 
-- 15/05 11:57:09:100 - TEF_DIAL DoExibeMsg: Oper: opmRemoverMsgCliente Mensagem: 
-- 15/05 11:57:11:104 - TEF_DIAL IniciarRequisicao: CNF
-- 15/05 11:57:11:104 - TEF_DIAL IniciarRequisicao: ATV
-- 15/05 11:57:11:104 - TEF_DIAL FinalizarRequisicao: ATV, Fechando arquivo: C:\TEF_DIAL\req\intpos.tmp
-- 15/05 11:57:11:135 - TEF_DIAL FinalizarRequisicao: ATV, Renomeando: C:\TEF_DIAL\req\intpos.tmp para: C:\TEF_DIAL\req\intpos.001
-- 15/05 11:57:11:135 - TEF_DIAL FinalizarRequisicao: ATV, Aguardando: C:\TEF_DIAL\resp\intpos.sts
-- 15/05 11:57:11:229 - TEF_DIAL FinalizarRequisicao: ATV, Fim da Espera de: C:\TEF_DIAL\resp\intpos.sts Recebido
-- 15/05 11:57:11:229 - TEF_DIAL FinalizarRequisicao: ATV, Verificando conteudo de: C:\TEF_DIAL\resp\intpos.sts
-- 15/05 11:57:11:229 - TEF_DIAL FinalizarRequisicao: CNF, Fechando arquivo: C:\TEF_DIAL\req\intpos.tmp
-- 15/05 11:57:11:260 - TEF_DIAL FinalizarRequisicao: CNF, Renomeando: C:\TEF_DIAL\req\intpos.tmp para: C:\TEF_DIAL\req\intpos.001
-- 15/05 11:57:11:260 - TEF_DIAL FinalizarRequisicao: CNF, Aguardando: C:\TEF_DIAL\resp\intpos.sts
-- 15/05 11:57:11:478 - TEF_DIAL FinalizarRequisicao: CNF, Fim da Espera de: C:\TEF_DIAL\resp\intpos.sts Recebido
-- 15/05 11:57:11:478 - TEF_DIAL FinalizarRequisicao: CNF, Verificando conteudo de: C:\TEF_DIAL\resp\intpos.sts
-- 15/05 11:57:11:478 - BloquearMouseTeclado: NAO
-- 15/05 11:57:11:478 - TEF_DIAL FinalizarResposta: CNF
-- 15/05 11:57:11:478 - TEF_DIAL IniciarRequisicao: ATV
-- 15/05 11:57:11:478 - TEF_DIAL FinalizarRequisicao: ATV, Fechando arquivo: C:\TEF_DIAL\req\intpos.tmp
-- 15/05 11:57:11:504 - TEF_DIAL FinalizarRequisicao: ATV, Renomeando: C:\TEF_DIAL\req\intpos.tmp para: C:\TEF_DIAL\req\intpos.001
-- 15/05 11:57:11:504 - TEF_DIAL FinalizarRequisicao: ATV, Aguardando: C:\TEF_DIAL\resp\intpos.sts
-- 15/05 11:57:11:740 - TEF_DIAL FinalizarRequisicao: ATV, Fim da Espera de: C:\TEF_DIAL\resp\intpos.sts Recebido
-- 15/05 11:57:11:740 - TEF_DIAL FinalizarRequisicao: ATV, Verificando conteudo de: C:\TEF_DIAL\resp\intpos.sts
-- 15/05 11:57:35:296 - TEF_DIAL CancelarTransacoesPendentesClass 
-- 15/05 11:58:29:542 - TEF_DIAL IniciarRequisicao: ADM
-- 15/05 11:58:29:542 - TEF_DIAL IniciarRequisicao: ATV
-- 15/05 11:58:29:542 - TEF_DIAL FinalizarRequisicao: ATV, Fechando arquivo: C:\TEF_DIAL\req\intpos.tmp
-- 15/05 11:58:29:588 - TEF_DIAL FinalizarRequisicao: ATV, Renomeando: C:\TEF_DIAL\req\intpos.tmp para: C:\TEF_DIAL\req\intpos.001
-- 15/05 11:58:29:588 - TEF_DIAL FinalizarRequisicao: ATV, Aguardando: C:\TEF_DIAL\resp\intpos.sts
-- 15/05 11:58:29:729 - TEF_DIAL FinalizarRequisicao: ATV, Fim da Espera de: C:\TEF_DIAL\resp\intpos.sts Recebido
-- 15/05 11:58:29:729 - TEF_DIAL FinalizarRequisicao: ATV, Verificando conteudo de: C:\TEF_DIAL\resp\intpos.sts
-- 15/05 11:58:29:729 - TEF_DIAL FinalizarRequisicao: ADM, Fechando arquivo: C:\TEF_DIAL\req\intpos.tmp
-- 15/05 11:58:29:760 - TEF_DIAL FinalizarRequisicao: ADM, Renomeando: C:\TEF_DIAL\req\intpos.tmp para: C:\TEF_DIAL\req\intpos.001
-- 15/05 11:58:29:760 - TEF_DIAL FinalizarRequisicao: ADM, Aguardando: C:\TEF_DIAL\resp\intpos.sts
-- 15/05 11:58:29:995 - TEF_DIAL FinalizarRequisicao: ADM, Fim da Espera de: C:\TEF_DIAL\resp\intpos.sts Recebido
-- 15/05 11:58:29:995 - TEF_DIAL FinalizarRequisicao: ADM, Verificando conteudo de: C:\TEF_DIAL\resp\intpos.sts
-- 15/05 11:58:29:995 - TEF_DIAL LerRespostaRequisicao: ADM, Aguardando: C:\TEF_DIAL\resp\intpos.001
-- 15/05 11:58:41:026 - TEF_DIAL LerRespostaRequisicao: ADM, Fim da Espera de: C:\TEF_DIAL\resp\intpos.001 Recebido
-- 15/05 11:58:41:026 - TEF_DIAL LerRespostaRequisicao: ADM, Verificando conteudo de: C:\TEF_DIAL\resp\intpos.001
-- 15/05 11:58:41:026 - TEF_DIAL ProcessarResposta: ADM
-- 15/05 11:58:41:026 - TEF_DIAL DoExibeMsg: Oper: opmOK Mensagem: CERTIFICACAO INICIADA!
-- 15/05 11:58:47:816 - TEF_DIAL FinalizarResposta: ADM
-- 15/05 11:59:07:278 - InfoECF: ineEstadoECF
-- 15/05 11:59:07:570 -     Ret: V
-- 15/05 11:59:07:570 - InfoECF: ineSubTotal
-- 15/05 11:59:08:023 -     Ret: 10
-- 15/05 11:59:08:023 - InfoECF: ineTotalAPagar
-- 15/05 11:59:08:055 -     Ret: 0
-- 15/05 11:59:08:055 - TEF_DIAL IniciarRequisicao: CRT
-- 15/05 11:59:08:055 - ConfirmarTransacoesAnteriores
-- 15/05 11:59:08:055 - TEF_DIAL IniciarRequisicao: ATV
-- 15/05 11:59:08:055 - TEF_DIAL FinalizarRequisicao: ATV, Fechando arquivo: C:\TEF_DIAL\req\intpos.tmp
-- 15/05 11:59:08:086 - TEF_DIAL FinalizarRequisicao: ATV, Renomeando: C:\TEF_DIAL\req\intpos.tmp para: C:\TEF_DIAL\req\intpos.001
-- 15/05 11:59:08:086 - TEF_DIAL FinalizarRequisicao: ATV, Aguardando: C:\TEF_DIAL\resp\intpos.sts
-- 15/05 11:59:08:304 - TEF_DIAL FinalizarRequisicao: ATV, Fim da Espera de: C:\TEF_DIAL\resp\intpos.sts Recebido
-- 15/05 11:59:08:304 - TEF_DIAL FinalizarRequisicao: ATV, Verificando conteudo de: C:\TEF_DIAL\resp\intpos.sts
-- 15/05 11:59:08:304 - TEF_DIAL FinalizarRequisicao: CRT, Fechando arquivo: C:\TEF_DIAL\req\intpos.tmp
-- 15/05 11:59:08:320 - TEF_DIAL FinalizarRequisicao: CRT, Renomeando: C:\TEF_DIAL\req\intpos.tmp para: C:\TEF_DIAL\req\intpos.001
-- 15/05 11:59:08:320 - TEF_DIAL FinalizarRequisicao: CRT, Aguardando: C:\TEF_DIAL\resp\intpos.sts
-- 15/05 11:59:08:580 - TEF_DIAL FinalizarRequisicao: CRT, Fim da Espera de: C:\TEF_DIAL\resp\intpos.sts Recebido
-- 15/05 11:59:08:580 - TEF_DIAL FinalizarRequisicao: CRT, Verificando conteudo de: C:\TEF_DIAL\resp\intpos.sts
-- 15/05 11:59:08:580 - TEF_DIAL LerRespostaRequisicao: CRT, Aguardando: C:\TEF_DIAL\resp\intpos.001
-- 15/05 11:59:17:274 - TEF_DIAL LerRespostaRequisicao: CRT, Fim da Espera de: C:\TEF_DIAL\resp\intpos.001 Recebido
-- 15/05 11:59:17:274 - TEF_DIAL LerRespostaRequisicao: CRT, Verificando conteudo de: C:\TEF_DIAL\resp\intpos.001
-- 15/05 11:59:17:274 - TEF_DIAL ProcessarRespostaPagamento: CRT - 42974 Indice: 02 Valor:10,00
-- 15/05 11:59:17:274 -  CopiarResposta: CRT - 42974 Arq: C:\projetos.vcl\apps\tecsoft\ACBr_TEF_DIAL_001.tef
-- 15/05 11:59:17:289 - TEF_DIAL FinalizarResposta: CRT
-- 15/05 11:59:17:289 - FinalizarCupom
-- 15/05 11:59:17:289 - BloquearMouseTeclado: SIM
-- 15/05 11:59:17:289 - InfoECF: ineEstadoECF
-- 15/05 11:59:17:628 -     Ret: V
-- 15/05 11:59:17:628 - TEF_DIAL ECFSubtotaliza: DescAcres: 0,00
-- 15/05 11:59:18:328 - TEF_DIAL ComandarECF: Oper: opeImprimePagamentos
-- 15/05 11:59:18:964 - InfoECF: ineEstadoECF
-- 15/05 11:59:19:277 -     Ret: P
-- 15/05 11:59:19:277 - InfoECF: ineSubTotal
-- 15/05 11:59:19:585 -     Ret: 10
-- 15/05 11:59:19:585 - TEF_DIAL ECFPagamento: Indice: 02 Valor: 15,00
-- 15/05 11:59:20:069 - InfoECF: ineSubTotal
-- 15/05 11:59:20:498 -     Ret: -5
-- 15/05 11:59:20:498 - TEF_DIAL ComandarECF: Oper: opeFechaCupom
-- 15/05 11:59:23:011 - InfoECF: ineEstadoECF
-- 15/05 11:59:23:323 -     Ret: L
-- 15/05 11:59:23:323 - ImprimirTransacoesPendentes
-- 15/05 11:59:23:323 - InfoECF: ineEstadoECF
-- 15/05 11:59:23:634 -     Ret: L
-- 15/05 11:59:23:634 - BloquearMouseTeclado: SIM
-- 15/05 11:59:23:634 - TEF_DIAL DoExibeMsg: Oper: opmExibirMsgOperador Mensagem: TRANSACAO APROVADA - AUTORIZACAO: 021449
-- 15/05 11:59:25:635 - TEF_DIAL ECFAbreVinculado: COO: 004276 Indice: 02 Valor: 15,00
-- 15/05 11:59:27:788 - TEF_DIAL ECFImprimeVia: trVinculado Via: 1
-- 15/05 11:59:29:427 - TEF_DIAL ComandarECF: Oper: opePulaLinhas
-- 15/05 11:59:33:109 - TEF_DIAL DoExibeMsg: Oper: opmDestaqueVia Mensagem: Destaque a 1ª Via
-- 15/05 11:59:35:120 - TEF_DIAL ECFImprimeVia: trVinculado Via: 2
-- 15/05 11:59:36:761 - TEF_DIAL DoExibeMsg: Oper: opmRemoverMsgOperador Mensagem: 
-- 15/05 11:59:38:768 - TEF_DIAL DoExibeMsg: Oper: opmRemoverMsgCliente Mensagem: 
-- 15/05 11:59:40:771 - TEF_DIAL ComandarECF: Oper: opeFechaVinculado
-- 15/05 11:59:42:965 - ConfirmarTransacoesPendentes
-- 15/05 11:59:42:965 - TEF_DIAL IniciarRequisicao: CNF
-- 15/05 11:59:42:965 - TEF_DIAL IniciarRequisicao: ATV
-- 15/05 11:59:42:965 - TEF_DIAL FinalizarRequisicao: ATV, Fechando arquivo: C:\TEF_DIAL\req\intpos.tmp
-- 15/05 11:59:42:996 - TEF_DIAL FinalizarRequisicao: ATV, Renomeando: C:\TEF_DIAL\req\intpos.tmp para: C:\TEF_DIAL\req\intpos.001
-- 15/05 11:59:43:012 - TEF_DIAL FinalizarRequisicao: ATV, Aguardando: C:\TEF_DIAL\resp\intpos.sts
-- 15/05 11:59:43:277 - TEF_DIAL FinalizarRequisicao: ATV, Fim da Espera de: C:\TEF_DIAL\resp\intpos.sts Recebido
-- 15/05 11:59:43:277 - TEF_DIAL FinalizarRequisicao: ATV, Verificando conteudo de: C:\TEF_DIAL\resp\intpos.sts
-- 15/05 11:59:43:277 - TEF_DIAL FinalizarRequisicao: CNF, Fechando arquivo: C:\TEF_DIAL\req\intpos.tmp
-- 15/05 11:59:43:308 - TEF_DIAL FinalizarRequisicao: CNF, Renomeando: C:\TEF_DIAL\req\intpos.tmp para: C:\TEF_DIAL\req\intpos.001
-- 15/05 11:59:43:308 - TEF_DIAL FinalizarRequisicao: CNF, Aguardando: C:\TEF_DIAL\resp\intpos.sts
-- 15/05 11:59:43:536 - TEF_DIAL FinalizarRequisicao: CNF, Fim da Espera de: C:\TEF_DIAL\resp\intpos.sts Recebido
-- 15/05 11:59:43:536 - TEF_DIAL FinalizarRequisicao: CNF, Verificando conteudo de: C:\TEF_DIAL\resp\intpos.sts
-- 15/05 11:59:43:536 - BloquearMouseTeclado: NAO
-- 15/05 12:22:37:992 - InfoECF: ineEstadoECF
-- 15/05 12:22:38:305 -     Ret: V
-- 15/05 12:22:38:305 - InfoECF: ineSubTotal
-- 15/05 12:22:38:772 -     Ret: 10
-- 15/05 12:22:38:772 - InfoECF: ineTotalAPagar
-- 15/05 12:22:38:803 -     Ret: 0
-- 15/05 12:22:38:803 - TEF_DIAL IniciarRequisicao: CRT
-- 15/05 12:22:38:803 - ConfirmarTransacoesAnteriores
-- 15/05 12:22:38:803 - TEF_DIAL IniciarRequisicao: ATV
-- 15/05 12:22:38:803 - TEF_DIAL FinalizarRequisicao: ATV, Fechando arquivo: C:\TEF_DIAL\req\intpos.tmp
-- 15/05 12:22:38:834 - TEF_DIAL FinalizarRequisicao: ATV, Renomeando: C:\TEF_DIAL\req\intpos.tmp para: C:\TEF_DIAL\req\intpos.001
-- 15/05 12:22:38:834 - TEF_DIAL FinalizarRequisicao: ATV, Aguardando: C:\TEF_DIAL\resp\intpos.sts
-- 15/05 12:22:38:974 - TEF_DIAL FinalizarRequisicao: ATV, Fim da Espera de: C:\TEF_DIAL\resp\intpos.sts Recebido
-- 15/05 12:22:38:974 - TEF_DIAL FinalizarRequisicao: ATV, Verificando conteudo de: C:\TEF_DIAL\resp\intpos.sts
-- 15/05 12:23:23:780 - TEF_DIAL FinalizarRequisicao: CRT, Fechando arquivo: C:\TEF_DIAL\req\intpos.tmp
-- 15/05 12:23:23:796 - TEF_DIAL FinalizarRequisicao: CRT, Renomeando: C:\TEF_DIAL\req\intpos.tmp para: C:\TEF_DIAL\req\intpos.001
-- 15/05 12:23:23:796 - TEF_DIAL FinalizarRequisicao: CRT, Aguardando: C:\TEF_DIAL\resp\intpos.sts
-- 15/05 12:23:23:936 - TEF_DIAL FinalizarRequisicao: CRT, Fim da Espera de: C:\TEF_DIAL\resp\intpos.sts Recebido
-- 15/05 12:23:23:936 - TEF_DIAL FinalizarRequisicao: CRT, Verificando conteudo de: C:\TEF_DIAL\resp\intpos.sts
-- 15/05 12:25:07:645 - TEF_DIAL LerRespostaRequisicao: CRT, Aguardando: C:\TEF_DIAL\resp\intpos.001
-- 15/05 12:25:07:660 - TEF_DIAL LerRespostaRequisicao: CRT, Fim da Espera de: C:\TEF_DIAL\resp\intpos.001 Recebido
-- 15/05 12:25:07:660 - TEF_DIAL LerRespostaRequisicao: CRT, Verificando conteudo de: C:\TEF_DIAL\resp\intpos.001
-- 15/05 12:28:13:034 - TEF_DIAL ProcessarRespostaPagamento: CRT - 42978 Indice: 02 Valor:10,00
-- 15/05 12:28:13:034 -  CopiarResposta: CRT - 42978 Arq: C:\projetos.vcl\apps\tecsoft\ACBr_TEF_DIAL_001.tef
-- 15/05 12:28:16:065 - TEF_DIAL FinalizarResposta: CRT
-- 15/05 12:28:16:080 - FinalizarCupom, DesbloquearMouseTecladoNoTermino
-- 15/05 12:28:16:080 - BloquearMouseTeclado: SIM
-- 15/05 12:28:16:080 - InfoECF: ineEstadoECF
-- 15/05 12:28:16:394 -     Ret: V
-- 15/05 12:29:36:402 - TEF_DIAL ECFSubtotaliza: DescAcres: -5,00
-- 15/05 12:30:04:548 - TEF_DIAL ComandarECF: Oper: opeImprimePagamentos
-- 15/05 12:30:05:220 - InfoECF: ineEstadoECF
-- 15/05 12:30:05:503 -     Ret: P
-- 15/05 12:30:09:414 - InfoECF: ineSubTotal
-- 15/05 12:30:09:722 -     Ret: 5
-- 15/05 12:30:09:722 - TEF_DIAL ECFPagamento: Indice: 02 Valor: 5,00
-- 15/05 12:30:10:206 - InfoECF: ineSubTotal
-- 15/05 12:30:10:505 -     Ret: 0
-- 15/05 12:30:10:505 - TEF_DIAL ComandarECF: Oper: opeFechaCupom
-- 15/05 12:30:12:957 - InfoECF: ineEstadoECF
-- 15/05 12:30:13:254 -     Ret: L
-- 15/05 12:30:13:254 - BloquearMouseTeclado: NAO
-- 15/05 12:30:13:254 - ImprimirTransacoesPendentes
-- 15/05 12:30:13:254 - InfoECF: ineEstadoECF
-- 15/05 12:30:13:560 -     Ret: L
-- 15/05 12:30:13:560 - BloquearMouseTeclado: SIM
-- 15/05 12:30:13:560 - TEF_DIAL DoExibeMsg: Oper: opmExibirMsgOperador Mensagem: TRANSACAO APROVADA - AUTORIZACAO: 023901
-- 15/05 12:30:15:566 - TEF_DIAL ECFAbreVinculado: COO: 004278 Indice: 02 Valor: 5,00
-- 15/05 12:30:17:698 - TEF_DIAL ECFImprimeVia: trVinculado Via: 1
-- 15/05 12:30:19:377 - TEF_DIAL ComandarECF: Oper: opePulaLinhas
-- 15/05 12:30:23:052 - TEF_DIAL DoExibeMsg: Oper: opmDestaqueVia Mensagem: Destaque a 1ª Via
-- 15/05 12:30:25:052 - TEF_DIAL ECFImprimeVia: trVinculado Via: 2
-- 15/05 12:30:26:720 - TEF_DIAL DoExibeMsg: Oper: opmRemoverMsgOperador Mensagem: 
-- 15/05 12:30:28:730 - TEF_DIAL DoExibeMsg: Oper: opmRemoverMsgCliente Mensagem: 
-- 15/05 12:30:30:738 - TEF_DIAL ComandarECF: Oper: opeFechaVinculado
-- 15/05 12:30:32:957 - ConfirmarTransacoesPendentes
-- 15/05 12:30:32:957 - TEF_DIAL IniciarRequisicao: CNF
-- 15/05 12:30:32:957 - TEF_DIAL IniciarRequisicao: ATV
-- 15/05 12:30:32:957 - TEF_DIAL FinalizarRequisicao: ATV, Fechando arquivo: C:\TEF_DIAL\req\intpos.tmp
-- 15/05 12:30:32:988 - TEF_DIAL FinalizarRequisicao: ATV, Renomeando: C:\TEF_DIAL\req\intpos.tmp para: C:\TEF_DIAL\req\intpos.001
-- 15/05 12:30:32:988 - TEF_DIAL FinalizarRequisicao: ATV, Aguardando: C:\TEF_DIAL\resp\intpos.sts
-- 15/05 12:30:33:238 - TEF_DIAL FinalizarRequisicao: ATV, Fim da Espera de: C:\TEF_DIAL\resp\intpos.sts Recebido
-- 15/05 12:30:33:238 - TEF_DIAL FinalizarRequisicao: ATV, Verificando conteudo de: C:\TEF_DIAL\resp\intpos.sts
-- 15/05 12:34:41:842 - TEF_DIAL FinalizarRequisicao: CNF, Fechando arquivo: C:\TEF_DIAL\req\intpos.tmp
-- 15/05 12:34:41:873 - TEF_DIAL FinalizarRequisicao: CNF, Renomeando: C:\TEF_DIAL\req\intpos.tmp para: C:\TEF_DIAL\req\intpos.001
-- 15/05 12:34:41:873 - TEF_DIAL FinalizarRequisicao: CNF, Aguardando: C:\TEF_DIAL\resp\intpos.sts
-- 15/05 12:34:42:029 - TEF_DIAL FinalizarRequisicao: CNF, Fim da Espera de: C:\TEF_DIAL\resp\intpos.sts Recebido
-- 15/05 12:34:42:029 - TEF_DIAL FinalizarRequisicao: CNF, Verificando conteudo de: C:\TEF_DIAL\resp\intpos.sts
-- 15/05 12:34:46:955 - BloquearMouseTeclado: NAO
-- 15/05 12:35:41:097 - TEF_DIAL IniciarRequisicao: ADM
-- 15/05 12:35:41:097 - TEF_DIAL IniciarRequisicao: ATV
-- 15/05 12:35:41:097 - TEF_DIAL FinalizarRequisicao: ATV, Fechando arquivo: C:\TEF_DIAL\req\intpos.tmp
-- 15/05 12:35:41:128 - TEF_DIAL FinalizarRequisicao: ATV, Renomeando: C:\TEF_DIAL\req\intpos.tmp para: C:\TEF_DIAL\req\intpos.001
-- 15/05 12:35:41:128 - TEF_DIAL FinalizarRequisicao: ATV, Aguardando: C:\TEF_DIAL\resp\intpos.sts
-- 15/05 12:35:41:300 - TEF_DIAL FinalizarRequisicao: ATV, Fim da Espera de: C:\TEF_DIAL\resp\intpos.sts Recebido
-- 15/05 12:35:41:300 - TEF_DIAL FinalizarRequisicao: ATV, Verificando conteudo de: C:\TEF_DIAL\resp\intpos.sts
-- 15/05 14:23:58:719 - TEF_DIAL Inicializado
-- 15/05 14:23:58:831 - TEF_DIAL CancelarTransacoesPendentesClass 
-- 15/05 14:23:58:831 - TEF_DIAL IniciarRequisicao: ATV
-- 15/05 14:23:58:832 - TEF_DIAL FinalizarRequisicao: ATV, Fechando arquivo: C:\TEF_DIAL\req\intpos.tmp
-- 15/05 14:23:59:134 - TEF_DIAL FinalizarRequisicao: ATV, Renomeando: C:\TEF_DIAL\req\intpos.tmp para: C:\TEF_DIAL\req\intpos.001
-- 15/05 14:23:59:135 - TEF_DIAL FinalizarRequisicao: ATV, Aguardando: C:\TEF_DIAL\resp\intpos.sts
-- 15/05 14:23:59:515 - TEF_DIAL FinalizarRequisicao: ATV, Fim da Espera de: C:\TEF_DIAL\resp\intpos.sts Recebido
-- 15/05 14:23:59:515 - TEF_DIAL FinalizarRequisicao: ATV, Verificando conteudo de: C:\TEF_DIAL\resp\intpos.sts
-- 15/05 14:24:37:083 - TEF_DIAL CancelarTransacoesPendentesClass 
-- 15/05 14:25:15:472 - TEF_DIAL IniciarRequisicao: ADM
-- 15/05 14:25:15:472 - TEF_DIAL IniciarRequisicao: ATV
-- 15/05 14:25:15:474 - TEF_DIAL FinalizarRequisicao: ATV, Fechando arquivo: C:\TEF_DIAL\req\intpos.tmp
-- 15/05 14:25:15:507 - TEF_DIAL FinalizarRequisicao: ATV, Renomeando: C:\TEF_DIAL\req\intpos.tmp para: C:\TEF_DIAL\req\intpos.001
-- 15/05 14:25:15:508 - TEF_DIAL FinalizarRequisicao: ATV, Aguardando: C:\TEF_DIAL\resp\intpos.sts
-- 15/05 14:25:15:678 - TEF_DIAL FinalizarRequisicao: ATV, Fim da Espera de: C:\TEF_DIAL\resp\intpos.sts Recebido
-- 15/05 14:25:15:678 - TEF_DIAL FinalizarRequisicao: ATV, Verificando conteudo de: C:\TEF_DIAL\resp\intpos.sts
-- 15/05 14:25:15:680 - TEF_DIAL FinalizarRequisicao: ADM, Fechando arquivo: C:\TEF_DIAL\req\intpos.tmp
-- 15/05 14:25:15:766 - TEF_DIAL FinalizarRequisicao: ADM, Renomeando: C:\TEF_DIAL\req\intpos.tmp para: C:\TEF_DIAL\req\intpos.001
-- 15/05 14:25:15:767 - TEF_DIAL FinalizarRequisicao: ADM, Aguardando: C:\TEF_DIAL\resp\intpos.sts
-- 15/05 14:25:15:937 - TEF_DIAL FinalizarRequisicao: ADM, Fim da Espera de: C:\TEF_DIAL\resp\intpos.sts Recebido
-- 15/05 14:25:15:937 - TEF_DIAL FinalizarRequisicao: ADM, Verificando conteudo de: C:\TEF_DIAL\resp\intpos.sts
-- 15/05 14:25:15:938 - TEF_DIAL LerRespostaRequisicao: ADM, Aguardando: C:\TEF_DIAL\resp\intpos.001
-- 15/05 14:25:21:249 - TEF_DIAL LerRespostaRequisicao: ADM, Fim da Espera de: C:\TEF_DIAL\resp\intpos.001 Recebido
-- 15/05 14:25:21:249 - TEF_DIAL LerRespostaRequisicao: ADM, Verificando conteudo de: C:\TEF_DIAL\resp\intpos.001
-- 15/05 14:25:21:286 - TEF_DIAL ProcessarResposta: ADM
-- 15/05 14:25:21:286 - TEF_DIAL ImprimirRelatorio: ADM
-- 15/05 14:25:21:287 -  CopiarResposta: ADM - 51841 Arq: C:\projetos.vcl\apps\tecsoft\ACBr_TEF_DIAL_001.tef
-- 15/05 14:25:21:359 - BloquearMouseTeclado: SIM
-- 15/05 14:25:21:360 - InfoECF: ineEstadoECF
-- 15/05 14:25:34:783 -     Ret: L
-- 15/05 14:25:34:783 - TEF_DIAL DoExibeMsg: Oper: opmExibirMsgOperador Mensagem: TRANSACAO APROVADA - AUTORIZACAO: 010950
-- 15/05 14:25:36:789 - TEF_DIAL ComandarECF: Oper: opeAbreGerencial
-- 15/05 14:25:39:666 - TEF_DIAL ECFImprimeVia: trGerencial Via: 1
-- 15/05 14:25:39:979 - TEF_DIAL ComandarECF: Oper: opePulaLinhas
-- 15/05 14:25:45:014 - TEF_DIAL DoExibeMsg: Oper: opmDestaqueVia Mensagem: Destaque a 2ª Via
-- 15/05 14:25:47:018 - TEF_DIAL ECFImprimeVia: trGerencial Via: 2
-- 15/05 14:25:47:364 - TEF_DIAL ComandarECF: Oper: opeFechaGerencial
-- 15/05 14:25:49:516 - TEF_DIAL DoExibeMsg: Oper: opmRemoverMsgOperador Mensagem: 
-- 15/05 14:25:51:516 - TEF_DIAL DoExibeMsg: Oper: opmRemoverMsgCliente Mensagem: 
-- 15/05 14:25:53:519 - TEF_DIAL IniciarRequisicao: CNF
-- 15/05 14:25:53:519 - TEF_DIAL IniciarRequisicao: ATV
-- 15/05 14:25:53:521 - TEF_DIAL FinalizarRequisicao: ATV, Fechando arquivo: C:\TEF_DIAL\req\intpos.tmp
-- 15/05 14:25:53:558 - TEF_DIAL FinalizarRequisicao: ATV, Renomeando: C:\TEF_DIAL\req\intpos.tmp para: C:\TEF_DIAL\req\intpos.001
-- 15/05 14:25:53:558 - TEF_DIAL FinalizarRequisicao: ATV, Aguardando: C:\TEF_DIAL\resp\intpos.sts
-- 15/05 14:25:53:589 - TEF_DIAL FinalizarRequisicao: ATV, Fim da Espera de: C:\TEF_DIAL\resp\intpos.sts Recebido
-- 15/05 14:25:53:589 - TEF_DIAL FinalizarRequisicao: ATV, Verificando conteudo de: C:\TEF_DIAL\resp\intpos.sts
-- 15/05 14:25:53:591 - TEF_DIAL FinalizarRequisicao: CNF, Fechando arquivo: C:\TEF_DIAL\req\intpos.tmp
-- 15/05 14:25:53:607 - TEF_DIAL FinalizarRequisicao: CNF, Renomeando: C:\TEF_DIAL\req\intpos.tmp para: C:\TEF_DIAL\req\intpos.001
-- 15/05 14:25:53:608 - TEF_DIAL FinalizarRequisicao: CNF, Aguardando: C:\TEF_DIAL\resp\intpos.sts
-- 15/05 14:25:53:848 - TEF_DIAL FinalizarRequisicao: CNF, Fim da Espera de: C:\TEF_DIAL\resp\intpos.sts Recebido
-- 15/05 14:25:53:848 - TEF_DIAL FinalizarRequisicao: CNF, Verificando conteudo de: C:\TEF_DIAL\resp\intpos.sts
-- 15/05 14:25:53:849 - BloquearMouseTeclado: NAO
-- 15/05 14:25:53:850 - TEF_DIAL FinalizarResposta: CNF
-- 15/05 14:26:04:283 - TEF_DIAL IniciarRequisicao: ADM
-- 15/05 14:26:04:284 - TEF_DIAL IniciarRequisicao: ATV
-- 15/05 14:26:04:285 - TEF_DIAL FinalizarRequisicao: ATV, Fechando arquivo: C:\TEF_DIAL\req\intpos.tmp
-- 15/05 14:26:04:314 - TEF_DIAL FinalizarRequisicao: ATV, Renomeando: C:\TEF_DIAL\req\intpos.tmp para: C:\TEF_DIAL\req\intpos.001
-- 15/05 14:26:04:315 - TEF_DIAL FinalizarRequisicao: ATV, Aguardando: C:\TEF_DIAL\resp\intpos.sts
-- 15/05 14:26:04:506 - TEF_DIAL FinalizarRequisicao: ATV, Fim da Espera de: C:\TEF_DIAL\resp\intpos.sts Recebido
-- 15/05 14:26:04:506 - TEF_DIAL FinalizarRequisicao: ATV, Verificando conteudo de: C:\TEF_DIAL\resp\intpos.sts
-- 15/05 14:26:04:508 - TEF_DIAL FinalizarRequisicao: ADM, Fechando arquivo: C:\TEF_DIAL\req\intpos.tmp
-- 15/05 14:26:04:538 - TEF_DIAL FinalizarRequisicao: ADM, Renomeando: C:\TEF_DIAL\req\intpos.tmp para: C:\TEF_DIAL\req\intpos.001
-- 15/05 14:26:04:539 - TEF_DIAL FinalizarRequisicao: ADM, Aguardando: C:\TEF_DIAL\resp\intpos.sts
-- 15/05 14:26:04:759 - TEF_DIAL FinalizarRequisicao: ADM, Fim da Espera de: C:\TEF_DIAL\resp\intpos.sts Recebido
-- 15/05 14:26:04:759 - TEF_DIAL FinalizarRequisicao: ADM, Verificando conteudo de: C:\TEF_DIAL\resp\intpos.sts
-- 15/05 14:26:04:760 - TEF_DIAL LerRespostaRequisicao: ADM, Aguardando: C:\TEF_DIAL\resp\intpos.001
-- 15/05 14:26:13:261 - TEF_DIAL LerRespostaRequisicao: ADM, Fim da Espera de: C:\TEF_DIAL\resp\intpos.001 Recebido
-- 15/05 14:26:13:261 - TEF_DIAL LerRespostaRequisicao: ADM, Verificando conteudo de: C:\TEF_DIAL\resp\intpos.001
-- 15/05 14:26:13:262 - TEF_DIAL ProcessarResposta: ADM
-- 15/05 14:26:13:262 - TEF_DIAL DoExibeMsg: Oper: opmOK Mensagem: CERTIF. ABORTADA OK:02 / ERRO:01
-- 15/05 14:26:15:801 - TEF_DIAL FinalizarResposta: ADM
-- 15/05 14:26:18:935 - TEF_DIAL IniciarRequisicao: ADM
-- 15/05 14:26:18:935 - TEF_DIAL IniciarRequisicao: ATV
-- 15/05 14:26:18:937 - TEF_DIAL FinalizarRequisicao: ATV, Fechando arquivo: C:\TEF_DIAL\req\intpos.tmp
-- 15/05 14:26:18:973 - TEF_DIAL FinalizarRequisicao: ATV, Renomeando: C:\TEF_DIAL\req\intpos.tmp para: C:\TEF_DIAL\req\intpos.001
-- 15/05 14:26:18:974 - TEF_DIAL FinalizarRequisicao: ATV, Aguardando: C:\TEF_DIAL\resp\intpos.sts
-- 15/05 14:26:19:235 - TEF_DIAL FinalizarRequisicao: ATV, Fim da Espera de: C:\TEF_DIAL\resp\intpos.sts Recebido
-- 15/05 14:26:19:235 - TEF_DIAL FinalizarRequisicao: ATV, Verificando conteudo de: C:\TEF_DIAL\resp\intpos.sts
-- 15/05 14:26:19:241 - TEF_DIAL FinalizarRequisicao: ADM, Fechando arquivo: C:\TEF_DIAL\req\intpos.tmp
-- 15/05 14:26:19:289 - TEF_DIAL FinalizarRequisicao: ADM, Renomeando: C:\TEF_DIAL\req\intpos.tmp para: C:\TEF_DIAL\req\intpos.001
-- 15/05 14:26:19:290 - TEF_DIAL FinalizarRequisicao: ADM, Aguardando: C:\TEF_DIAL\resp\intpos.sts
-- 15/05 14:26:19:500 - TEF_DIAL FinalizarRequisicao: ADM, Fim da Espera de: C:\TEF_DIAL\resp\intpos.sts Recebido
-- 15/05 14:26:19:500 - TEF_DIAL FinalizarRequisicao: ADM, Verificando conteudo de: C:\TEF_DIAL\resp\intpos.sts
-- 15/05 14:26:19:501 - TEF_DIAL LerRespostaRequisicao: ADM, Aguardando: C:\TEF_DIAL\resp\intpos.001
-- 15/05 14:26:41:023 - TEF_DIAL LerRespostaRequisicao: ADM, Fim da Espera de: C:\TEF_DIAL\resp\intpos.001 Recebido
-- 15/05 14:26:41:023 - TEF_DIAL LerRespostaRequisicao: ADM, Verificando conteudo de: C:\TEF_DIAL\resp\intpos.001
-- 15/05 14:26:41:025 - TEF_DIAL ProcessarResposta: ADM
-- 15/05 14:26:41:025 - TEF_DIAL DoExibeMsg: Oper: opmOK Mensagem: CERTIFICACAO INICIADA!
-- 15/05 14:26:51:088 - TEF_DIAL FinalizarResposta: ADM
-- 15/05 14:30:05:347 - InfoECF: ineEstadoECF
-- 15/05 14:30:29:184 -     Ret: V
-- 15/05 14:30:29:184 - InfoECF: ineSubTotal
-- 15/05 14:30:31:540 -     Ret: 10
-- 15/05 14:30:31:540 - InfoECF: ineTotalAPagar
-- 15/05 14:30:35:361 -     Ret: 0
-- 15/05 14:30:35:361 - TEF_DIAL IniciarRequisicao: CRT
-- 15/05 14:30:35:361 - ConfirmarTransacoesAnteriores
-- 15/05 14:30:35:362 - TEF_DIAL IniciarRequisicao: ATV
-- 15/05 14:30:35:363 - TEF_DIAL FinalizarRequisicao: ATV, Fechando arquivo: C:\TEF_DIAL\req\intpos.tmp
-- 15/05 14:30:35:388 - TEF_DIAL FinalizarRequisicao: ATV, Renomeando: C:\TEF_DIAL\req\intpos.tmp para: C:\TEF_DIAL\req\intpos.001
-- 15/05 14:30:35:389 - TEF_DIAL FinalizarRequisicao: ATV, Aguardando: C:\TEF_DIAL\resp\intpos.sts
-- 15/05 14:30:35:510 - TEF_DIAL FinalizarRequisicao: ATV, Fim da Espera de: C:\TEF_DIAL\resp\intpos.sts Recebido
-- 15/05 14:30:35:510 - TEF_DIAL FinalizarRequisicao: ATV, Verificando conteudo de: C:\TEF_DIAL\resp\intpos.sts
-- 15/05 14:30:43:325 - TEF_DIAL FinalizarRequisicao: CRT, Fechando arquivo: C:\TEF_DIAL\req\intpos.tmp
-- 15/05 14:30:43:369 - TEF_DIAL FinalizarRequisicao: CRT, Renomeando: C:\TEF_DIAL\req\intpos.tmp para: C:\TEF_DIAL\req\intpos.001
-- 15/05 14:30:43:370 - TEF_DIAL FinalizarRequisicao: CRT, Aguardando: C:\TEF_DIAL\resp\intpos.sts
-- 15/05 14:30:43:570 - TEF_DIAL FinalizarRequisicao: CRT, Fim da Espera de: C:\TEF_DIAL\resp\intpos.sts Recebido
-- 15/05 14:30:43:570 - TEF_DIAL FinalizarRequisicao: CRT, Verificando conteudo de: C:\TEF_DIAL\resp\intpos.sts
-- 15/05 14:31:49:775 - TEF_DIAL LerRespostaRequisicao: CRT, Aguardando: C:\TEF_DIAL\resp\intpos.001
-- 15/05 14:31:49:786 - TEF_DIAL LerRespostaRequisicao: CRT, Fim da Espera de: C:\TEF_DIAL\resp\intpos.001 Recebido
-- 15/05 14:31:49:787 - TEF_DIAL LerRespostaRequisicao: CRT, Verificando conteudo de: C:\TEF_DIAL\resp\intpos.001
-- 15/05 14:32:13:639 - TEF_DIAL ProcessarRespostaPagamento: CRT - 51849 Indice: 02 Valor:10,00
-- 15/05 14:32:13:641 -  CopiarResposta: CRT - 51849 Arq: C:\projetos.vcl\apps\tecsoft\ACBr_TEF_DIAL_001.tef
-- 15/05 14:32:17:474 - TEF_DIAL FinalizarResposta: CRT
-- 15/05 14:32:17:475 - FinalizarCupom
-- 15/05 14:32:17:476 - BloquearMouseTeclado: SIM
-- 15/05 14:32:17:477 - InfoECF: ineEstadoECF
-- 15/05 14:32:17:751 -     Ret: V
-- 15/05 14:32:58:405 - TEF_DIAL ECFSubtotaliza: DescAcres: 0,00
-- 15/05 14:32:59:965 - TEF_DIAL ComandarECF: Oper: opeImprimePagamentos
-- 15/05 14:33:00:592 - InfoECF: ineEstadoECF
-- 15/05 14:33:00:863 -     Ret: P
-- 15/05 14:33:00:863 - InfoECF: ineSubTotal
-- 15/05 14:33:01:163 -     Ret: 10
-- 15/05 14:33:01:163 - TEF_DIAL ECFPagamento: Indice: 02 Valor: 15,00
-- 15/05 14:33:01:652 - InfoECF: ineSubTotal
-- 15/05 14:33:02:093 -     Ret: -5
-- 15/05 14:33:02:093 - TEF_DIAL ComandarECF: Oper: opeFechaCupom
-- 15/05 14:33:04:533 - InfoECF: ineEstadoECF
-- 15/05 14:33:04:806 -     Ret: L
-- 15/05 14:33:04:806 - ImprimirTransacoesPendentes
-- 15/05 14:33:04:806 - InfoECF: ineEstadoECF
-- 15/05 14:33:05:106 -     Ret: L
-- 15/05 14:33:05:106 - BloquearMouseTeclado: SIM
-- 15/05 14:33:05:107 - TEF_DIAL DoExibeMsg: Oper: opmExibirMsgOperador Mensagem: TRANSACAO APROVADA - AUTORIZACAO: 013012
-- 15/05 14:33:07:109 - TEF_DIAL ECFAbreVinculado: COO: 004281 Indice: 02 Valor: 15,00
-- 15/05 14:33:09:171 - TEF_DIAL ECFImprimeVia: trVinculado Via: 1
-- 15/05 14:33:10:795 - TEF_DIAL ComandarECF: Oper: opePulaLinhas
-- 15/05 14:33:14:473 - TEF_DIAL DoExibeMsg: Oper: opmDestaqueVia Mensagem: Destaque a 1ª Via
-- 15/05 14:33:16:474 - TEF_DIAL ECFImprimeVia: trVinculado Via: 2
-- 15/05 14:33:18:085 - TEF_DIAL DoExibeMsg: Oper: opmRemoverMsgOperador Mensagem: 
-- 15/05 14:33:20:085 - TEF_DIAL DoExibeMsg: Oper: opmRemoverMsgCliente Mensagem: 
-- 15/05 14:33:22:087 - TEF_DIAL ComandarECF: Oper: opeFechaVinculado
-- 15/05 14:33:24:290 - ConfirmarTransacoesPendentes
-- 15/05 14:33:24:290 - TEF_DIAL IniciarRequisicao: CNF
-- 15/05 14:33:24:291 - TEF_DIAL IniciarRequisicao: ATV
-- 15/05 14:33:24:293 - TEF_DIAL FinalizarRequisicao: ATV, Fechando arquivo: C:\TEF_DIAL\req\intpos.tmp
-- 15/05 14:33:24:337 - TEF_DIAL FinalizarRequisicao: ATV, Renomeando: C:\TEF_DIAL\req\intpos.tmp para: C:\TEF_DIAL\req\intpos.001
-- 15/05 14:33:24:338 - TEF_DIAL FinalizarRequisicao: ATV, Aguardando: C:\TEF_DIAL\resp\intpos.sts
-- 15/05 14:33:24:478 - TEF_DIAL FinalizarRequisicao: ATV, Fim da Espera de: C:\TEF_DIAL\resp\intpos.sts Recebido
-- 15/05 14:33:24:478 - TEF_DIAL FinalizarRequisicao: ATV, Verificando conteudo de: C:\TEF_DIAL\resp\intpos.sts
-- 15/05 14:33:34:050 - TEF_DIAL FinalizarRequisicao: CNF, Fechando arquivo: C:\TEF_DIAL\req\intpos.tmp
-- 15/05 14:33:34:082 - TEF_DIAL FinalizarRequisicao: CNF, Renomeando: C:\TEF_DIAL\req\intpos.tmp para: C:\TEF_DIAL\req\intpos.001
-- 15/05 14:33:34:083 - TEF_DIAL FinalizarRequisicao: CNF, Aguardando: C:\TEF_DIAL\resp\intpos.sts
-- 15/05 14:33:34:104 - TEF_DIAL FinalizarRequisicao: CNF, Fim da Espera de: C:\TEF_DIAL\resp\intpos.sts Recebido
-- 15/05 14:33:34:104 - TEF_DIAL FinalizarRequisicao: CNF, Verificando conteudo de: C:\TEF_DIAL\resp\intpos.sts
-- 15/05 14:33:34:798 - BloquearMouseTeclado: NAO
-- 15/05 14:34:01:355 - InfoECF: ineEstadoECF
-- 15/05 14:34:01:654 -     Ret: V
-- 15/05 14:34:01:654 - InfoECF: ineSubTotal
-- 15/05 14:34:02:111 -     Ret: 10
-- 15/05 14:34:02:111 - InfoECF: ineTotalAPagar
-- 15/05 14:34:02:113 -     Ret: 0
-- 15/05 14:34:02:113 - TEF_DIAL IniciarRequisicao: CRT
-- 15/05 14:34:02:113 - ConfirmarTransacoesAnteriores
-- 15/05 14:34:02:114 - TEF_DIAL IniciarRequisicao: ATV
-- 15/05 14:34:02:115 - TEF_DIAL FinalizarRequisicao: ATV, Fechando arquivo: C:\TEF_DIAL\req\intpos.tmp
-- 15/05 14:34:02:149 - TEF_DIAL FinalizarRequisicao: ATV, Renomeando: C:\TEF_DIAL\req\intpos.tmp para: C:\TEF_DIAL\req\intpos.001
-- 15/05 14:34:02:149 - TEF_DIAL FinalizarRequisicao: ATV, Aguardando: C:\TEF_DIAL\resp\intpos.sts
-- 15/05 14:34:02:170 - TEF_DIAL FinalizarRequisicao: ATV, Fim da Espera de: C:\TEF_DIAL\resp\intpos.sts Recebido
-- 15/05 14:34:02:170 - TEF_DIAL FinalizarRequisicao: ATV, Verificando conteudo de: C:\TEF_DIAL\resp\intpos.sts
-- 15/05 14:34:13:609 - TEF_DIAL FinalizarRequisicao: CRT, Fechando arquivo: C:\TEF_DIAL\req\intpos.tmp
-- 15/05 14:34:13:640 - TEF_DIAL FinalizarRequisicao: CRT, Renomeando: C:\TEF_DIAL\req\intpos.tmp para: C:\TEF_DIAL\req\intpos.001
-- 15/05 14:34:13:641 - TEF_DIAL FinalizarRequisicao: CRT, Aguardando: C:\TEF_DIAL\resp\intpos.sts
-- 15/05 14:34:13:872 - TEF_DIAL FinalizarRequisicao: CRT, Fim da Espera de: C:\TEF_DIAL\resp\intpos.sts Recebido
-- 15/05 14:34:13:872 - TEF_DIAL FinalizarRequisicao: CRT, Verificando conteudo de: C:\TEF_DIAL\resp\intpos.sts
-- 15/05 14:34:25:199 - TEF_DIAL LerRespostaRequisicao: CRT, Aguardando: C:\TEF_DIAL\resp\intpos.001
-- 15/05 14:34:25:209 - TEF_DIAL LerRespostaRequisicao: CRT, Fim da Espera de: C:\TEF_DIAL\resp\intpos.001 Recebido
-- 15/05 14:34:25:209 - TEF_DIAL LerRespostaRequisicao: CRT, Verificando conteudo de: C:\TEF_DIAL\resp\intpos.001
-- 15/05 14:34:49:629 - TEF_DIAL ProcessarRespostaPagamento: CRT - 51853 Indice: 02 Valor:10,00
-- 15/05 14:34:49:630 -  CopiarResposta: CRT - 51853 Arq: C:\projetos.vcl\apps\tecsoft\ACBr_TEF_DIAL_001.tef
-- 15/05 14:35:02:225 - TEF_DIAL FinalizarResposta: CRT
-- 15/05 14:35:02:234 - FinalizarCupom, DesbloquearMouseTecladoNoTermino
-- 15/05 14:35:02:235 - BloquearMouseTeclado: SIM
-- 15/05 14:35:02:235 - InfoECF: ineEstadoECF
-- 15/05 14:35:02:509 -     Ret: V
-- 15/05 14:35:17:325 - TEF_DIAL ECFSubtotaliza: DescAcres: -5,00
-- 15/05 14:35:34:177 - TEF_DIAL ComandarECF: Oper: opeImprimePagamentos
-- 15/05 14:35:34:796 - InfoECF: ineEstadoECF
-- 15/05 14:35:35:069 -     Ret: P
-- 15/05 14:35:35:069 - InfoECF: ineSubTotal
-- 15/05 14:35:35:369 -     Ret: 5
-- 15/05 14:35:35:369 - TEF_DIAL ECFPagamento: Indice: 02 Valor: 5,00
-- 15/05 14:35:35:851 - InfoECF: ineSubTotal
-- 15/05 14:35:36:139 -     Ret: 0
-- 15/05 14:35:36:139 - TEF_DIAL ComandarECF: Oper: opeFechaCupom
-- 15/05 14:35:38:587 - InfoECF: ineEstadoECF
-- 15/05 14:35:38:853 -     Ret: L
-- 15/05 14:35:38:853 - BloquearMouseTeclado: NAO
-- 15/05 14:35:38:853 - ImprimirTransacoesPendentes
-- 15/05 14:35:38:853 - InfoECF: ineEstadoECF
-- 15/05 14:35:39:153 -     Ret: L
-- 15/05 14:35:39:153 - BloquearMouseTeclado: SIM
-- 15/05 14:35:39:153 - TEF_DIAL DoExibeMsg: Oper: opmExibirMsgOperador Mensagem: TRANSACAO APROVADA - AUTORIZACAO: 002459
-- 15/05 14:35:41:154 - TEF_DIAL ECFAbreVinculado: COO: 004283 Indice: 02 Valor: 5,00
-- 15/05 14:35:43:241 - TEF_DIAL ECFImprimeVia: trVinculado Via: 1
-- 15/05 14:35:44:892 - TEF_DIAL ComandarECF: Oper: opePulaLinhas
-- 15/05 14:35:48:608 - TEF_DIAL DoExibeMsg: Oper: opmDestaqueVia Mensagem: Destaque a 1ª Via
-- 15/05 14:35:50:609 - TEF_DIAL ECFImprimeVia: trVinculado Via: 2
-- 15/05 14:35:52:253 - TEF_DIAL DoExibeMsg: Oper: opmRemoverMsgOperador Mensagem: 
-- 15/05 14:35:54:253 - TEF_DIAL DoExibeMsg: Oper: opmRemoverMsgCliente Mensagem: 
-- 15/05 14:35:56:253 - TEF_DIAL ComandarECF: Oper: opeFechaVinculado
-- 15/05 14:35:58:447 - ConfirmarTransacoesPendentes
-- 15/05 14:35:58:447 - TEF_DIAL IniciarRequisicao: CNF
-- 15/05 14:35:58:447 - TEF_DIAL IniciarRequisicao: ATV
-- 15/05 14:35:58:449 - TEF_DIAL FinalizarRequisicao: ATV, Fechando arquivo: C:\TEF_DIAL\req\intpos.tmp
-- 15/05 14:35:58:591 - TEF_DIAL FinalizarRequisicao: ATV, Renomeando: C:\TEF_DIAL\req\intpos.tmp para: C:\TEF_DIAL\req\intpos.001
-- 15/05 14:35:58:592 - TEF_DIAL FinalizarRequisicao: ATV, Aguardando: C:\TEF_DIAL\resp\intpos.sts
-- 15/05 14:35:58:763 - TEF_DIAL FinalizarRequisicao: ATV, Fim da Espera de: C:\TEF_DIAL\resp\intpos.sts Recebido
-- 15/05 14:35:58:763 - TEF_DIAL FinalizarRequisicao: ATV, Verificando conteudo de: C:\TEF_DIAL\resp\intpos.sts
-- 15/05 14:37:09:227 - TEF_DIAL FinalizarRequisicao: CNF, Fechando arquivo: C:\TEF_DIAL\req\intpos.tmp
-- 15/05 14:37:09:264 - TEF_DIAL FinalizarRequisicao: CNF, Renomeando: C:\TEF_DIAL\req\intpos.tmp para: C:\TEF_DIAL\req\intpos.001
-- 15/05 14:37:09:265 - TEF_DIAL FinalizarRequisicao: CNF, Aguardando: C:\TEF_DIAL\resp\intpos.sts
-- 15/05 14:37:09:475 - TEF_DIAL FinalizarRequisicao: CNF, Fim da Espera de: C:\TEF_DIAL\resp\intpos.sts Recebido
-- 15/05 14:37:09:475 - TEF_DIAL FinalizarRequisicao: CNF, Verificando conteudo de: C:\TEF_DIAL\resp\intpos.sts
-- 15/05 14:37:09:774 - BloquearMouseTeclado: NAO
-- 15/05 16:08:03:237 - TEF_DIAL Inicializado
-- 15/05 16:08:03:253 - TEF_DIAL CancelarTransacoesPendentesClass 
-- 15/05 16:08:03:253 - TEF_DIAL IniciarRequisicao: ATV
-- 15/05 16:08:03:253 - TEF_DIAL FinalizarRequisicao: ATV, Fechando arquivo: C:\TEF_DIAL\req\intpos.tmp
-- 15/05 16:08:03:284 - TEF_DIAL FinalizarRequisicao: ATV, Renomeando: C:\TEF_DIAL\req\intpos.tmp para: C:\TEF_DIAL\req\intpos.001
-- 15/05 16:08:03:284 - TEF_DIAL FinalizarRequisicao: ATV, Aguardando: C:\TEF_DIAL\resp\intpos.sts
-- 15/05 16:08:03:409 - TEF_DIAL FinalizarRequisicao: ATV, Fim da Espera de: C:\TEF_DIAL\resp\intpos.sts Recebido
-- 15/05 16:08:03:409 - TEF_DIAL FinalizarRequisicao: ATV, Verificando conteudo de: C:\TEF_DIAL\resp\intpos.sts
-- 15/05 16:08:25:624 - TEF_DIAL CancelarTransacoesPendentesClass 
-- 15/05 16:08:58:206 - InfoECF: ineEstadoECF
-- 15/05 16:08:58:533 -     Ret: V
-- 15/05 16:08:58:533 - InfoECF: ineSubTotal
-- 15/05 16:08:58:990 -     Ret: 10
-- 15/05 16:08:58:990 - InfoECF: ineTotalAPagar
-- 15/05 16:08:59:021 -     Ret: 0
-- 15/05 16:08:59:021 - TEF_DIAL IniciarRequisicao: CRT
-- 15/05 16:08:59:021 - ConfirmarTransacoesAnteriores
-- 15/05 16:08:59:021 - TEF_DIAL IniciarRequisicao: ATV
-- 15/05 16:08:59:021 - TEF_DIAL FinalizarRequisicao: ATV, Fechando arquivo: C:\TEF_DIAL\req\intpos.tmp
-- 15/05 16:08:59:052 - TEF_DIAL FinalizarRequisicao: ATV, Renomeando: C:\TEF_DIAL\req\intpos.tmp para: C:\TEF_DIAL\req\intpos.001
-- 15/05 16:08:59:052 - TEF_DIAL FinalizarRequisicao: ATV, Aguardando: C:\TEF_DIAL\resp\intpos.sts
-- 15/05 16:08:59:302 - TEF_DIAL FinalizarRequisicao: ATV, Fim da Espera de: C:\TEF_DIAL\resp\intpos.sts Recebido
-- 15/05 16:08:59:302 - TEF_DIAL FinalizarRequisicao: ATV, Verificando conteudo de: C:\TEF_DIAL\resp\intpos.sts
-- 15/05 16:09:05:361 - TEF_DIAL FinalizarRequisicao: CRT, Fechando arquivo: C:\TEF_DIAL\req\intpos.tmp
-- 15/05 16:09:05:377 - TEF_DIAL FinalizarRequisicao: CRT, Renomeando: C:\TEF_DIAL\req\intpos.tmp para: C:\TEF_DIAL\req\intpos.001
-- 15/05 16:09:05:377 - TEF_DIAL FinalizarRequisicao: CRT, Aguardando: C:\TEF_DIAL\resp\intpos.sts
-- 15/05 16:09:05:550 - TEF_DIAL FinalizarRequisicao: CRT, Fim da Espera de: C:\TEF_DIAL\resp\intpos.sts Recebido
-- 15/05 16:09:05:550 - TEF_DIAL FinalizarRequisicao: CRT, Verificando conteudo de: C:\TEF_DIAL\resp\intpos.sts
-- 15/05 16:09:08:327 - TEF_DIAL LerRespostaRequisicao: CRT, Aguardando: C:\TEF_DIAL\resp\intpos.001
-- 15/05 16:09:08:343 - TEF_DIAL LerRespostaRequisicao: CRT, Fim da Espera de: C:\TEF_DIAL\resp\intpos.001 Recebido
-- 15/05 16:09:08:343 - TEF_DIAL LerRespostaRequisicao: CRT, Verificando conteudo de: C:\TEF_DIAL\resp\intpos.001
-- 15/05 16:09:08:343 - TEF_DIAL ProcessarRespostaPagamento: CRT - 58086 Indice: 02 Valor:10,00
-- 15/05 16:09:08:343 - TEF_DIAL ProcessarResposta: CRT
-- 15/05 16:09:08:343 - TEF_DIAL DoExibeMsg: Oper: opmOK Mensagem: CONEXAO RECUSADA, SESSAO JA ABERTA.
-- 15/05 16:09:13:298 - TEF_DIAL FinalizarResposta: CRT
-- 15/05 16:10:00:766 - InfoECF: ineEstadoECF
-- 15/05 16:10:01:078 -     Ret: V
-- 15/05 16:10:01:078 - InfoECF: ineSubTotal
-- 15/05 16:10:01:530 -     Ret: 10
-- 15/05 16:10:01:530 - InfoECF: ineTotalAPagar
-- 15/05 16:10:01:561 -     Ret: 0
-- 15/05 16:10:01:561 - TEF_DIAL IniciarRequisicao: CRT
-- 15/05 16:10:01:561 - ConfirmarTransacoesAnteriores
-- 15/05 16:10:01:561 - TEF_DIAL IniciarRequisicao: ATV
-- 15/05 16:10:01:561 - TEF_DIAL FinalizarRequisicao: ATV, Fechando arquivo: C:\TEF_DIAL\req\intpos.tmp
-- 15/05 16:10:01:577 - TEF_DIAL FinalizarRequisicao: ATV, Renomeando: C:\TEF_DIAL\req\intpos.tmp para: C:\TEF_DIAL\req\intpos.001
-- 15/05 16:10:01:577 - TEF_DIAL FinalizarRequisicao: ATV, Aguardando: C:\TEF_DIAL\resp\intpos.sts
-- 15/05 16:10:01:735 - TEF_DIAL FinalizarRequisicao: ATV, Fim da Espera de: C:\TEF_DIAL\resp\intpos.sts Recebido
-- 15/05 16:10:01:735 - TEF_DIAL FinalizarRequisicao: ATV, Verificando conteudo de: C:\TEF_DIAL\resp\intpos.sts
-- 15/05 16:10:01:735 - TEF_DIAL FinalizarRequisicao: CRT, Fechando arquivo: C:\TEF_DIAL\req\intpos.tmp
-- 15/05 16:10:01:750 - TEF_DIAL FinalizarRequisicao: CRT, Renomeando: C:\TEF_DIAL\req\intpos.tmp para: C:\TEF_DIAL\req\intpos.001
-- 15/05 16:10:01:750 - TEF_DIAL FinalizarRequisicao: CRT, Aguardando: C:\TEF_DIAL\resp\intpos.sts
-- 15/05 16:10:01:984 - TEF_DIAL FinalizarRequisicao: CRT, Fim da Espera de: C:\TEF_DIAL\resp\intpos.sts Recebido
-- 15/05 16:10:01:984 - TEF_DIAL FinalizarRequisicao: CRT, Verificando conteudo de: C:\TEF_DIAL\resp\intpos.sts
-- 15/05 16:10:01:984 - TEF_DIAL LerRespostaRequisicao: CRT, Aguardando: C:\TEF_DIAL\resp\intpos.001
-- 15/05 16:10:17:437 - TEF_DIAL LerRespostaRequisicao: CRT, Fim da Espera de: C:\TEF_DIAL\resp\intpos.001 Recebido
-- 15/05 16:10:17:437 - TEF_DIAL LerRespostaRequisicao: CRT, Verificando conteudo de: C:\TEF_DIAL\resp\intpos.001
-- 15/05 16:10:17:437 - TEF_DIAL ProcessarRespostaPagamento: CRT - 58088 Indice: 02 Valor:10,00
-- 15/05 16:10:17:437 - TEF_DIAL ProcessarResposta: CRT
-- 15/05 16:10:17:437 - TEF_DIAL DoExibeMsg: Oper: opmOK Mensagem: OPERACAO CANCELADA!
-- 15/05 16:10:20:143 - TEF_DIAL FinalizarResposta: CRT
-- 15/05 16:10:43:907 - TEF_DIAL IniciarRequisicao: ADM
-- 15/05 16:10:43:907 - TEF_DIAL IniciarRequisicao: ATV
-- 15/05 16:10:43:907 - TEF_DIAL FinalizarRequisicao: ATV, Fechando arquivo: C:\TEF_DIAL\req\intpos.tmp
-- 15/05 16:10:43:939 - TEF_DIAL FinalizarRequisicao: ATV, Renomeando: C:\TEF_DIAL\req\intpos.tmp para: C:\TEF_DIAL\req\intpos.001
-- 15/05 16:10:43:939 - TEF_DIAL FinalizarRequisicao: ATV, Aguardando: C:\TEF_DIAL\resp\intpos.sts
-- 15/05 16:10:44:204 - TEF_DIAL FinalizarRequisicao: ATV, Fim da Espera de: C:\TEF_DIAL\resp\intpos.sts Recebido
-- 15/05 16:10:44:204 - TEF_DIAL FinalizarRequisicao: ATV, Verificando conteudo de: C:\TEF_DIAL\resp\intpos.sts
-- 15/05 16:10:44:204 - TEF_DIAL FinalizarRequisicao: ADM, Fechando arquivo: C:\TEF_DIAL\req\intpos.tmp
-- 15/05 16:10:44:235 - TEF_DIAL FinalizarRequisicao: ADM, Renomeando: C:\TEF_DIAL\req\intpos.tmp para: C:\TEF_DIAL\req\intpos.001
-- 15/05 16:10:44:235 - TEF_DIAL FinalizarRequisicao: ADM, Aguardando: C:\TEF_DIAL\resp\intpos.sts
-- 15/05 16:10:44:453 - TEF_DIAL FinalizarRequisicao: ADM, Fim da Espera de: C:\TEF_DIAL\resp\intpos.sts Recebido
-- 15/05 16:10:44:453 - TEF_DIAL FinalizarRequisicao: ADM, Verificando conteudo de: C:\TEF_DIAL\resp\intpos.sts
-- 15/05 16:10:44:453 - TEF_DIAL LerRespostaRequisicao: ADM, Aguardando: C:\TEF_DIAL\resp\intpos.001
-- 15/05 16:10:50:598 - TEF_DIAL LerRespostaRequisicao: ADM, Fim da Espera de: C:\TEF_DIAL\resp\intpos.001 Recebido
-- 15/05 16:10:50:598 - TEF_DIAL LerRespostaRequisicao: ADM, Verificando conteudo de: C:\TEF_DIAL\resp\intpos.001
-- 15/05 16:10:50:598 - TEF_DIAL ProcessarResposta: ADM
-- 15/05 16:10:50:598 - TEF_DIAL DoExibeMsg: Oper: opmOK Mensagem: CERTIF. ABORTADA OK:05 / ERRO:01
-- 15/05 16:10:53:111 - TEF_DIAL FinalizarResposta: ADM
-- 15/05 16:10:55:753 - TEF_DIAL IniciarRequisicao: ADM
-- 15/05 16:10:55:753 - TEF_DIAL IniciarRequisicao: ATV
-- 15/05 16:10:55:753 - TEF_DIAL FinalizarRequisicao: ATV, Fechando arquivo: C:\TEF_DIAL\req\intpos.tmp
-- 15/05 16:10:55:784 - TEF_DIAL FinalizarRequisicao: ATV, Renomeando: C:\TEF_DIAL\req\intpos.tmp para: C:\TEF_DIAL\req\intpos.001
-- 15/05 16:10:55:784 - TEF_DIAL FinalizarRequisicao: ATV, Aguardando: C:\TEF_DIAL\resp\intpos.sts
-- 15/05 16:10:56:049 - TEF_DIAL FinalizarRequisicao: ATV, Fim da Espera de: C:\TEF_DIAL\resp\intpos.sts Recebido
-- 15/05 16:10:56:049 - TEF_DIAL FinalizarRequisicao: ATV, Verificando conteudo de: C:\TEF_DIAL\resp\intpos.sts
-- 15/05 16:10:56:049 - TEF_DIAL FinalizarRequisicao: ADM, Fechando arquivo: C:\TEF_DIAL\req\intpos.tmp
-- 15/05 16:10:56:065 - TEF_DIAL FinalizarRequisicao: ADM, Renomeando: C:\TEF_DIAL\req\intpos.tmp para: C:\TEF_DIAL\req\intpos.001
-- 15/05 16:10:56:065 - TEF_DIAL FinalizarRequisicao: ADM, Aguardando: C:\TEF_DIAL\resp\intpos.sts
-- 15/05 16:10:56:299 - TEF_DIAL FinalizarRequisicao: ADM, Fim da Espera de: C:\TEF_DIAL\resp\intpos.sts Recebido
-- 15/05 16:10:56:299 - TEF_DIAL FinalizarRequisicao: ADM, Verificando conteudo de: C:\TEF_DIAL\resp\intpos.sts
-- 15/05 16:10:56:299 - TEF_DIAL LerRespostaRequisicao: ADM, Aguardando: C:\TEF_DIAL\resp\intpos.001
-- 15/05 16:11:06:408 - TEF_DIAL LerRespostaRequisicao: ADM, Fim da Espera de: C:\TEF_DIAL\resp\intpos.001 Recebido
-- 15/05 16:11:06:408 - TEF_DIAL LerRespostaRequisicao: ADM, Verificando conteudo de: C:\TEF_DIAL\resp\intpos.001
-- 15/05 16:11:06:408 - TEF_DIAL ProcessarResposta: ADM
-- 15/05 16:11:06:408 - TEF_DIAL DoExibeMsg: Oper: opmOK Mensagem: CERTIFICACAO INICIADA!
-- 15/05 16:11:09:035 - TEF_DIAL FinalizarResposta: ADM
-- 15/05 16:11:36:033 - InfoECF: ineEstadoECF
-- 15/05 16:11:36:363 -     Ret: V
-- 15/05 16:11:36:363 - InfoECF: ineSubTotal
-- 15/05 16:11:36:766 -     Ret: 10
-- 15/05 16:11:36:766 - InfoECF: ineTotalAPagar
-- 15/05 16:11:36:797 -     Ret: 0
-- 15/05 16:11:36:797 - TEF_DIAL IniciarRequisicao: CRT
-- 15/05 16:11:36:797 - ConfirmarTransacoesAnteriores
-- 15/05 16:11:36:797 - TEF_DIAL IniciarRequisicao: ATV
-- 15/05 16:11:36:797 - TEF_DIAL FinalizarRequisicao: ATV, Fechando arquivo: C:\TEF_DIAL\req\intpos.tmp
-- 15/05 16:11:36:828 - TEF_DIAL FinalizarRequisicao: ATV, Renomeando: C:\TEF_DIAL\req\intpos.tmp para: C:\TEF_DIAL\req\intpos.001
-- 15/05 16:11:36:828 - TEF_DIAL FinalizarRequisicao: ATV, Aguardando: C:\TEF_DIAL\resp\intpos.sts
-- 15/05 16:11:37:062 - TEF_DIAL FinalizarRequisicao: ATV, Fim da Espera de: C:\TEF_DIAL\resp\intpos.sts Recebido
-- 15/05 16:11:37:062 - TEF_DIAL FinalizarRequisicao: ATV, Verificando conteudo de: C:\TEF_DIAL\resp\intpos.sts
-- 15/05 16:11:37:062 - TEF_DIAL FinalizarRequisicao: CRT, Fechando arquivo: C:\TEF_DIAL\req\intpos.tmp
-- 15/05 16:11:37:093 - TEF_DIAL FinalizarRequisicao: CRT, Renomeando: C:\TEF_DIAL\req\intpos.tmp para: C:\TEF_DIAL\req\intpos.001
-- 15/05 16:11:37:093 - TEF_DIAL FinalizarRequisicao: CRT, Aguardando: C:\TEF_DIAL\resp\intpos.sts
-- 15/05 16:11:37:327 - TEF_DIAL FinalizarRequisicao: CRT, Fim da Espera de: C:\TEF_DIAL\resp\intpos.sts Recebido
-- 15/05 16:11:37:327 - TEF_DIAL FinalizarRequisicao: CRT, Verificando conteudo de: C:\TEF_DIAL\resp\intpos.sts
-- 15/05 16:11:37:327 - TEF_DIAL LerRespostaRequisicao: CRT, Aguardando: C:\TEF_DIAL\resp\intpos.001
-- 15/05 16:13:27:833 - TEF_DIAL Inicializado
-- 15/05 16:13:27:833 - TEF_DIAL CancelarTransacoesPendentesClass 
-- 15/05 16:13:27:833 - TEF_DIAL IniciarRequisicao: ATV
-- 15/05 16:13:27:833 - TEF_DIAL FinalizarRequisicao: ATV, Fechando arquivo: C:\TEF_DIAL\req\intpos.tmp
-- 15/05 16:13:27:849 - TEF_DIAL FinalizarRequisicao: ATV, Renomeando: C:\TEF_DIAL\req\intpos.tmp para: C:\TEF_DIAL\req\intpos.001
-- 15/05 16:13:27:849 - TEF_DIAL FinalizarRequisicao: ATV, Aguardando: C:\TEF_DIAL\resp\intpos.sts
-- 15/05 16:13:34:864 - TEF_DIAL FinalizarRequisicao: ATV, Fim da Espera de: C:\TEF_DIAL\resp\intpos.sts Não recebido
-- 15/05 16:13:34:864 - TEF_DIAL DoExibeMsg: Oper: opmOK Mensagem: O Gerenciador Padrão não está ativo e será ativado automaticamente!
-- 15/05 16:13:50:738 - TEF_DIAL IniciarRequisicao: ATV
-- 15/05 16:13:50:738 - TEF_DIAL FinalizarRequisicao: ATV, Fechando arquivo: C:\TEF_DIAL\req\intpos.tmp
-- 15/05 16:13:50:769 - TEF_DIAL FinalizarRequisicao: ATV, Renomeando: C:\TEF_DIAL\req\intpos.tmp para: C:\TEF_DIAL\req\intpos.001
-- 15/05 16:13:50:769 - TEF_DIAL FinalizarRequisicao: ATV, Aguardando: C:\TEF_DIAL\resp\intpos.sts
-- 15/05 16:13:57:772 - TEF_DIAL FinalizarRequisicao: ATV, Fim da Espera de: C:\TEF_DIAL\resp\intpos.sts Não recebido
-- 15/05 16:13:57:772 - TEF_DIAL DesInicializado
-- 15/05 16:16:03:382 - TEF_DIAL Inicializado
-- 15/05 16:16:03:382 - TEF_DIAL CancelarTransacoesPendentesClass 
-- 15/05 16:16:03:382 - TEF_DIAL IniciarRequisicao: ATV
-- 15/05 16:16:03:382 - TEF_DIAL FinalizarRequisicao: ATV, Fechando arquivo: C:\TEF_DIAL\req\intpos.tmp
-- 15/05 16:16:03:444 - TEF_DIAL FinalizarRequisicao: ATV, Renomeando: C:\TEF_DIAL\req\intpos.tmp para: C:\TEF_DIAL\req\intpos.001
-- 15/05 16:16:03:444 - TEF_DIAL FinalizarRequisicao: ATV, Aguardando: C:\TEF_DIAL\resp\intpos.sts
-- 15/05 16:16:10:448 - TEF_DIAL FinalizarRequisicao: ATV, Fim da Espera de: C:\TEF_DIAL\resp\intpos.sts Não recebido
-- 15/05 16:16:10:448 - TEF_DIAL DoExibeMsg: Oper: opmOK Mensagem: O Gerenciador Padrão não está ativo e será ativado automaticamente!
-- 15/05 16:16:27:899 - TEF_DIAL IniciarRequisicao: ATV
-- 15/05 16:16:27:899 - TEF_DIAL FinalizarRequisicao: ATV, Fechando arquivo: C:\TEF_DIAL\req\intpos.tmp
-- 15/05 16:16:27:946 - TEF_DIAL FinalizarRequisicao: ATV, Renomeando: C:\TEF_DIAL\req\intpos.tmp para: C:\TEF_DIAL\req\intpos.001
-- 15/05 16:16:27:946 - TEF_DIAL FinalizarRequisicao: ATV, Aguardando: C:\TEF_DIAL\resp\intpos.sts
-- 15/05 16:16:34:954 - TEF_DIAL FinalizarRequisicao: ATV, Fim da Espera de: C:\TEF_DIAL\resp\intpos.sts Não recebido
-- 15/05 16:16:40:037 - TEF_DIAL DesInicializado
-- 15/05 16:19:44:988 - TEF_DIAL DesInicializado
-- 15/05 16:20:04:739 - TEF_DIAL Inicializado
-- 15/05 16:20:04:739 - TEF_DIAL CancelarTransacoesPendentesClass 
-- 15/05 16:20:04:739 - TEF_DIAL IniciarRequisicao: ATV
-- 15/05 16:20:04:739 - TEF_DIAL FinalizarRequisicao: ATV, Fechando arquivo: C:\TEF_DIAL\req\intpos.tmp
-- 15/05 16:20:04:770 - TEF_DIAL FinalizarRequisicao: ATV, Renomeando: C:\TEF_DIAL\req\intpos.tmp para: C:\TEF_DIAL\req\intpos.001
-- 15/05 16:20:04:770 - TEF_DIAL FinalizarRequisicao: ATV, Aguardando: C:\TEF_DIAL\resp\intpos.sts
-- 15/05 16:20:11:785 - TEF_DIAL FinalizarRequisicao: ATV, Fim da Espera de: C:\TEF_DIAL\resp\intpos.sts Não recebido
-- 15/05 16:20:11:785 - TEF_DIAL DoExibeMsg: Oper: opmOK Mensagem: O Gerenciador Padrão não está ativo e será ativado automaticamente!
-- 15/05 16:23:36:350 - TEF_DIAL DesInicializado
-- 15/05 16:23:48:114 - TEF_DIAL Inicializado
-- 15/05 16:23:48:114 - TEF_DIAL CancelarTransacoesPendentesClass 
-- 15/05 16:23:48:114 - TEF_DIAL IniciarRequisicao: ATV
-- 15/05 16:23:48:114 - TEF_DIAL FinalizarRequisicao: ATV, Fechando arquivo: C:\TEF_DIAL\req\intpos.tmp
-- 15/05 16:23:48:130 - TEF_DIAL FinalizarRequisicao: ATV, Renomeando: C:\TEF_DIAL\req\intpos.tmp para: C:\TEF_DIAL\req\intpos.001
-- 15/05 16:23:48:130 - TEF_DIAL FinalizarRequisicao: ATV, Aguardando: C:\TEF_DIAL\resp\intpos.sts
-- 15/05 16:23:55:132 - TEF_DIAL FinalizarRequisicao: ATV, Fim da Espera de: C:\TEF_DIAL\resp\intpos.sts Não recebido
-- 15/05 16:24:20:629 - TEF_DIAL DoExibeMsg: Oper: opmOK Mensagem: O Gerenciador Padrão não está ativo e será ativado automaticamente!
-- 15/05 16:25:17:992 - TEF_DIAL IniciarRequisicao: ATV
-- 15/05 16:25:24:773 - TEF_DIAL FinalizarRequisicao: ATV, Fechando arquivo: C:\TEF_DIAL\req\intpos.tmp
-- 15/05 16:25:26:622 - TEF_DIAL FinalizarRequisicao: ATV, Renomeando: C:\TEF_DIAL\req\intpos.tmp para: C:\TEF_DIAL\req\intpos.001
-- 15/05 16:25:29:901 - TEF_DIAL FinalizarRequisicao: ATV, Aguardando: C:\TEF_DIAL\resp\intpos.sts
-- 15/05 16:25:35:051 - TEF_DIAL FinalizarRequisicao: ATV, Fim da Espera de: C:\TEF_DIAL\resp\intpos.sts Não recebido
-- 15/05 16:26:08:852 - TEF_DIAL DesInicializado
-- 11/12 11:23:19:727 - TEF_DIAL DesInicializado
-- 11/12 11:23:19:728 - TEF_DIAL Inicializado
-- 11/12 11:23:19:729 - TEF_DIAL CancelarTransacoesPendentesClass 
-- 11/12 11:23:19:729 - TEF_DIAL IniciarRequisicao: ATV
-- 11/12 11:23:19:730 - TEF_DIAL FinalizarRequisicao: ATV, Fechando arquivo: C:\TEF_DIAL\req\intpos.tmp
-- 11/12 11:23:19:735 - TEF_DIAL FinalizarRequisicao: ATV, Renomeando: C:\TEF_DIAL\req\intpos.tmp para: C:\TEF_DIAL\req\intpos.001
-- 11/12 11:23:19:736 - TEF_DIAL FinalizarRequisicao: ATV, Aguardando: C:\TEF_DIAL\resp\intpos.sts
-- 11/12 11:23:19:996 - TEF_DIAL FinalizarRequisicao: ATV, Fim da Espera de: C:\TEF_DIAL\resp\intpos.sts Recebido
-- 11/12 11:23:19:996 - TEF_DIAL FinalizarRequisicao: ATV, Verificando conteudo de: C:\TEF_DIAL\resp\intpos.sts
-- 11/12 11:24:08:866 - TEF_DIAL CancelarTransacoesPendentesClass 
-- 11/12 11:25:23:627 - InfoECF: ineEstadoECF
-- 11/12 11:25:23:741 -     Ret: N
-- 11/12 11:25:23:741 - InfoECF: ineSubTotal
-- 11/12 11:25:23:855 -     Ret: 310,07
-- 11/12 11:25:23:855 - InfoECF: ineTotalAPagar
-- 11/12 11:25:23:857 -     Ret: 0
-- 11/12 11:25:23:857 - TEF_DIAL IniciarRequisicao: CRT
-- 11/12 11:25:23:857 - ConfirmarTransacoesAnteriores
-- 11/12 11:25:23:857 - TEF_DIAL IniciarRequisicao: ATV
-- 11/12 11:25:23:859 - TEF_DIAL FinalizarRequisicao: ATV, Fechando arquivo: C:\TEF_DIAL\req\intpos.tmp
-- 11/12 11:25:23:864 - TEF_DIAL FinalizarRequisicao: ATV, Renomeando: C:\TEF_DIAL\req\intpos.tmp para: C:\TEF_DIAL\req\intpos.001
-- 11/12 11:25:23:864 - TEF_DIAL FinalizarRequisicao: ATV, Aguardando: C:\TEF_DIAL\resp\intpos.sts
-- 11/12 11:25:23:985 - TEF_DIAL FinalizarRequisicao: ATV, Fim da Espera de: C:\TEF_DIAL\resp\intpos.sts Recebido
-- 11/12 11:25:23:985 - TEF_DIAL FinalizarRequisicao: ATV, Verificando conteudo de: C:\TEF_DIAL\resp\intpos.sts
-- 11/12 11:25:23:987 - TEF_DIAL FinalizarRequisicao: CRT, Fechando arquivo: C:\TEF_DIAL\req\intpos.tmp
-- 11/12 11:25:23:991 - TEF_DIAL FinalizarRequisicao: CRT, Renomeando: C:\TEF_DIAL\req\intpos.tmp para: C:\TEF_DIAL\req\intpos.001
-- 11/12 11:25:23:992 - TEF_DIAL FinalizarRequisicao: CRT, Aguardando: C:\TEF_DIAL\resp\intpos.sts
-- 11/12 11:25:24:252 - TEF_DIAL FinalizarRequisicao: CRT, Fim da Espera de: C:\TEF_DIAL\resp\intpos.sts Recebido
-- 11/12 11:25:24:252 - TEF_DIAL FinalizarRequisicao: CRT, Verificando conteudo de: C:\TEF_DIAL\resp\intpos.sts
-- 11/12 11:25:24:253 - TEF_DIAL LerRespostaRequisicao: CRT, Aguardando: C:\TEF_DIAL\resp\intpos.001
-- 11/12 11:25:51:536 - TEF_DIAL LerRespostaRequisicao: CRT, Fim da Espera de: C:\TEF_DIAL\resp\intpos.001 Recebido
-- 11/12 11:25:51:537 - TEF_DIAL LerRespostaRequisicao: CRT, Verificando conteudo de: C:\TEF_DIAL\resp\intpos.001
-- 11/12 11:25:51:539 - TEF_DIAL ProcessarRespostaPagamento: CRT - 41002 Indice: 02 Valor:310,07
-- 11/12 11:25:51:539 -  CopiarResposta: CRT - 41002 Arq: C:\projetos.vcl\apps\tecsoft\ACBr_TEF_DIAL_001.tef
-- 11/12 11:25:51:543 - TEF_DIAL FinalizarResposta: CRT
-- 11/12 11:25:51:543 - FinalizarCupom
-- 11/12 11:25:51:544 - BloquearMouseTeclado: SIM
-- 11/12 11:25:51:544 - InfoECF: ineEstadoECF
-- 11/12 11:25:51:658 -     Ret: N
-- 11/12 11:25:51:658 - TEF_DIAL ECFSubtotaliza: DescAcres: 0,00
-- 11/12 11:26:02:570 - TEF_DIAL ComandarECF: Oper: opeImprimePagamentos
-- 11/12 11:26:07:787 - InfoECF: ineEstadoECF
-- 11/12 11:26:07:900 -     Ret: N
-- 11/12 11:26:07:900 - InfoECF: ineSubTotal
-- 11/12 11:26:08:014 -     Ret: 310,07
-- 11/12 11:26:08:014 - TEF_DIAL ECFPagamento: Indice: 02 Valor: 310,07
-- 11/12 11:26:13:668 - InfoECF: ineSubTotal
-- 11/12 11:26:13:782 -     Ret: 0
-- 11/12 11:26:13:782 - TEF_DIAL ComandarECF: Oper: opeFechaCupom
-- 11/12 11:26:40:847 - Erro ao executar Operação: [opeFechaCupom]
-- 11/12 11:26:40:848 - InfoECF: ineEstadoECF
-- 11/12 11:26:40:963 -     Ret: P
-- 11/12 11:26:40:963 - InfoECF: ineSubTotal
-- 11/12 11:26:41:078 -     Ret: 0
-- 11/12 11:26:41:078 - TEF_DIAL ComandarECF: Oper: opeFechaCupom
-- 11/12 11:26:50:111 - Erro ao executar Operação: [opeFechaCupom]
-- 11/12 11:26:50:112 - TEF_DIAL DoExibeMsg: Oper: opmYesNo Mensagem: Erro na impressão.
Deseja tentar novamente ?
-- 11/12 11:26:50:191 - BloquearMouseTeclado: NAO
-- 11/12 11:27:08:011 - BloquearMouseTeclado: SIM
-- 11/12 11:27:08:012 - BloquearMouseTeclado: SIM
-- 11/12 11:27:08:012 - InfoECF: ineEstadoECF
-- 11/12 11:27:08:128 -     Ret: P
-- 11/12 11:27:08:128 - InfoECF: ineSubTotal
-- 11/12 11:27:08:244 -     Ret: 0
-- 11/12 11:27:08:244 - TEF_DIAL ComandarECF: Oper: opeFechaCupom
-- 11/12 11:31:54:725 - Erro ao executar Operação: [opeFechaCupom]
-- 11/12 11:31:54:726 - TEF_DIAL DoExibeMsg: Oper: opmYesNo Mensagem: Erro na impressão.
Deseja tentar novamente ?
-- 11/12 11:31:54:804 - BloquearMouseTeclado: NAO
-- 11/12 11:32:09:263 - BloquearMouseTeclado: SIM
-- 11/12 11:32:09:264 - TEF_DIAL ComandarECF: Oper: opeCancelaCupom
-- 11/12 11:32:11:206 - TEF_DIAL CancelarTransacoesPendentesClass 
-- 11/12 11:32:11:547 - TEF_DIAL IniciarRequisicao: NCN
-- 11/12 11:32:11:548 - TEF_DIAL IniciarRequisicao: ATV
-- 11/12 11:32:11:549 - TEF_DIAL FinalizarRequisicao: ATV, Fechando arquivo: C:\TEF_DIAL\req\intpos.tmp
-- 11/12 11:32:11:553 - TEF_DIAL FinalizarRequisicao: ATV, Renomeando: C:\TEF_DIAL\req\intpos.tmp para: C:\TEF_DIAL\req\intpos.001
-- 11/12 11:32:11:554 - TEF_DIAL FinalizarRequisicao: ATV, Aguardando: C:\TEF_DIAL\resp\intpos.sts
-- 11/12 11:32:11:584 - TEF_DIAL FinalizarRequisicao: ATV, Fim da Espera de: C:\TEF_DIAL\resp\intpos.sts Recebido
-- 11/12 11:32:11:584 - TEF_DIAL FinalizarRequisicao: ATV, Verificando conteudo de: C:\TEF_DIAL\resp\intpos.sts
-- 11/12 11:32:11:586 - TEF_DIAL FinalizarRequisicao: NCN, Fechando arquivo: C:\TEF_DIAL\req\intpos.tmp
-- 11/12 11:32:11:590 - TEF_DIAL FinalizarRequisicao: NCN, Renomeando: C:\TEF_DIAL\req\intpos.tmp para: C:\TEF_DIAL\req\intpos.001
-- 11/12 11:32:11:591 - TEF_DIAL FinalizarRequisicao: NCN, Aguardando: C:\TEF_DIAL\resp\intpos.sts
-- 11/12 11:32:11:831 - TEF_DIAL FinalizarRequisicao: NCN, Fim da Espera de: C:\TEF_DIAL\resp\intpos.sts Recebido
-- 11/12 11:32:11:831 - TEF_DIAL FinalizarRequisicao: NCN, Verificando conteudo de: C:\TEF_DIAL\resp\intpos.sts
-- 11/12 11:32:11:832 - TEF_DIAL DoExibeMsg: Oper: opmOK Mensagem: Última Transação TEF foi cancelada

Rede: VISANET
NSU: 11255102458
Valor: 310,07
-- 11/12 11:32:11:842 - BloquearMouseTeclado: NAO
-- 11/12 11:32:20:149 - BloquearMouseTeclado: SIM
-- 17/02 15:51:05:175 - TEF_DIAL DesInicializado
-- 17/02 15:51:05:178 - TEF_DIAL Inicializado
-- 17/02 15:51:05:179 - TEF_DIAL CancelarTransacoesPendentesClass 
-- 17/02 15:51:05:179 - TEF_DIAL IniciarRequisicao: ATV
-- 17/02 15:51:05:181 - TEF_DIAL FinalizarRequisicao: ATV, Fechando arquivo: C:\TEF_DIAL\req\intpos.tmp
-- 17/02 15:51:05:186 - TEF_DIAL FinalizarRequisicao: ATV, Renomeando: C:\TEF_DIAL\req\intpos.tmp para: C:\TEF_DIAL\req\intpos.001
-- 17/02 15:51:05:186 - TEF_DIAL FinalizarRequisicao: ATV, Aguardando: C:\TEF_DIAL\resp\intpos.sts
-- 17/02 15:51:05:407 - TEF_DIAL FinalizarRequisicao: ATV, Fim da Espera de: C:\TEF_DIAL\resp\intpos.sts Recebido
-- 17/02 15:51:05:407 - TEF_DIAL FinalizarRequisicao: ATV, Verificando conteudo de: C:\TEF_DIAL\resp\intpos.sts
-- 17/02 15:51:25:943 - TEF_DIAL CancelarTransacoesPendentesClass 
-- 17/02 16:56:40:494 - TEF_DIAL DesInicializado
-- 17/02 16:56:40:495 - TEF_DIAL Inicializado
-- 17/02 16:56:40:496 - TEF_DIAL CancelarTransacoesPendentesClass 
-- 17/02 16:56:40:496 - TEF_DIAL IniciarRequisicao: ATV
-- 17/02 16:56:40:498 - TEF_DIAL FinalizarRequisicao: ATV, Fechando arquivo: C:\TEF_DIAL\req\intpos.tmp
-- 17/02 16:56:40:502 - TEF_DIAL FinalizarRequisicao: ATV, Renomeando: C:\TEF_DIAL\req\intpos.tmp para: C:\TEF_DIAL\req\intpos.001
-- 17/02 16:56:40:503 - TEF_DIAL FinalizarRequisicao: ATV, Aguardando: C:\TEF_DIAL\resp\intpos.sts
-- 17/02 16:56:40:713 - TEF_DIAL FinalizarRequisicao: ATV, Fim da Espera de: C:\TEF_DIAL\resp\intpos.sts Recebido
-- 17/02 16:56:40:713 - TEF_DIAL FinalizarRequisicao: ATV, Verificando conteudo de: C:\TEF_DIAL\resp\intpos.sts
-- 05/06 14:58:24:748 - TEF_DIAL DesInicializado
-- 05/06 14:58:24:752 - TEF_DIAL Inicializado
-- 05/06 14:58:24:752 - TEF_DIAL CancelarTransacoesPendentesClass 
-- 05/06 14:58:24:753 - TEF_DIAL IniciarRequisicao: ATV
-- 05/06 14:58:24:757 - TEF_DIAL FinalizarRequisicao: ATV, Fechando arquivo: C:\TEF_DIAL\req\intpos.tmp
-- 05/06 14:58:24:760 - TEF_DIAL FinalizarRequisicao: ATV, Renomeando: C:\TEF_DIAL\req\intpos.tmp para: C:\TEF_DIAL\req\intpos.001
-- 05/06 14:58:24:761 - TEF_DIAL FinalizarRequisicao: ATV, Aguardando: C:\TEF_DIAL\resp\intpos.sts
-- 05/06 14:58:24:832 - TEF_DIAL FinalizarRequisicao: ATV, Fim da Espera de: C:\TEF_DIAL\resp\intpos.sts Recebido
-- 05/06 14:58:24:832 - TEF_DIAL FinalizarRequisicao: ATV, Verificando conteudo de: C:\TEF_DIAL\resp\intpos.sts
-- 05/06 14:58:42:828 - TEF_DIAL CancelarTransacoesPendentesClass 
-- 05/06 14:59:40:515 - InfoECF: ineEstadoECF
-- 05/06 14:59:40:517 -     Ret: N
-- 05/06 14:59:40:517 - InfoECF: ineSubTotal
-- 05/06 14:59:40:519 -     Ret: 30,5
-- 05/06 14:59:40:519 - InfoECF: ineTotalAPagar
-- 05/06 14:59:40:522 -     Ret: 0
-- 05/06 14:59:40:522 - TEF_DIAL IniciarRequisicao: CRT
-- 05/06 14:59:40:523 - ConfirmarTransacoesAnteriores
-- 05/06 14:59:40:523 - TEF_DIAL IniciarRequisicao: ATV
-- 05/06 14:59:40:525 - TEF_DIAL FinalizarRequisicao: ATV, Fechando arquivo: C:\TEF_DIAL\req\intpos.tmp
-- 05/06 14:59:40:528 - TEF_DIAL FinalizarRequisicao: ATV, Renomeando: C:\TEF_DIAL\req\intpos.tmp para: C:\TEF_DIAL\req\intpos.001
-- 05/06 14:59:40:529 - TEF_DIAL FinalizarRequisicao: ATV, Aguardando: C:\TEF_DIAL\resp\intpos.sts
-- 05/06 14:59:40:740 - TEF_DIAL FinalizarRequisicao: ATV, Fim da Espera de: C:\TEF_DIAL\resp\intpos.sts Recebido
-- 05/06 14:59:40:740 - TEF_DIAL FinalizarRequisicao: ATV, Verificando conteudo de: C:\TEF_DIAL\resp\intpos.sts
-- 05/06 14:59:40:743 - TEF_DIAL FinalizarRequisicao: CRT, Fechando arquivo: C:\TEF_DIAL\req\intpos.tmp
-- 05/06 14:59:40:746 - TEF_DIAL FinalizarRequisicao: CRT, Renomeando: C:\TEF_DIAL\req\intpos.tmp para: C:\TEF_DIAL\req\intpos.001
-- 05/06 14:59:40:747 - TEF_DIAL FinalizarRequisicao: CRT, Aguardando: C:\TEF_DIAL\resp\intpos.sts
-- 05/06 14:59:40:988 - TEF_DIAL FinalizarRequisicao: CRT, Fim da Espera de: C:\TEF_DIAL\resp\intpos.sts Recebido
-- 05/06 14:59:40:988 - TEF_DIAL FinalizarRequisicao: CRT, Verificando conteudo de: C:\TEF_DIAL\resp\intpos.sts
-- 05/06 14:59:40:995 - TEF_DIAL LerRespostaRequisicao: CRT, Aguardando: C:\TEF_DIAL\resp\intpos.001
-- 05/06 14:59:50:606 - TEF_DIAL LerRespostaRequisicao: CRT, Fim da Espera de: C:\TEF_DIAL\resp\intpos.001 Recebido
-- 05/06 14:59:50:606 - TEF_DIAL LerRespostaRequisicao: CRT, Verificando conteudo de: C:\TEF_DIAL\resp\intpos.001
-- 05/06 14:59:50:608 - TEF_DIAL ProcessarRespostaPagamento: CRT - 53907 Indice: 02 Valor:30,50
-- 05/06 14:59:50:609 -  CopiarResposta: CRT - 53907 Arq: C:\projetos.vcl\apps\tecsoft\ACBr_TEF_DIAL_001.tef
-- 05/06 14:59:50:613 - TEF_DIAL FinalizarResposta: CRT
-- 05/06 14:59:50:614 - FinalizarCupom
-- 05/06 14:59:50:614 - BloquearMouseTeclado: SIM
-- 05/06 14:59:50:615 - InfoECF: ineEstadoECF
-- 05/06 14:59:50:617 -     Ret: L
-- 05/06 14:59:50:617 - ImprimirTransacoesPendentes
-- 05/06 14:59:50:617 - InfoECF: ineEstadoECF
-- 05/06 14:59:50:620 -     Ret: L
-- 05/06 14:59:50:620 - BloquearMouseTeclado: SIM
-- 05/06 14:59:50:621 - TEF_DIAL DoExibeMsg: Oper: opmExibirMsgOperador Mensagem: AUTORIZADA 015461
-- 05/06 14:59:52:633 - TEF_DIAL ECFAbreVinculado: COO:  Indice: 02 Valor: 30,50
-- 05/06 14:59:52:634 - TEF_DIAL ECFImprimeVia: trVinculado Via: 1
-- 05/06 15:00:12:772 - TEF_DIAL ComandarECF: Oper: opePulaLinhas
-- 05/06 15:00:14:774 - TEF_DIAL DoExibeMsg: Oper: opmDestaqueVia Mensagem: Destaque a 1ª Via
-- 05/06 15:00:16:779 - TEF_DIAL ECFImprimeVia: trVinculado Via: 2
-- 05/06 15:00:18:663 - TEF_DIAL DoExibeMsg: Oper: opmRemoverMsgOperador Mensagem: 
-- 05/06 15:00:20:666 - TEF_DIAL DoExibeMsg: Oper: opmRemoverMsgCliente Mensagem: 
-- 05/06 15:00:22:668 - TEF_DIAL ComandarECF: Oper: opeFechaVinculado
-- 05/06 15:00:22:672 - ConfirmarTransacoesPendentes
-- 05/06 15:00:22:673 - TEF_DIAL IniciarRequisicao: CNF
-- 05/06 15:00:22:674 - TEF_DIAL IniciarRequisicao: ATV
-- 05/06 15:00:22:680 - TEF_DIAL FinalizarRequisicao: ATV, Fechando arquivo: C:\TEF_DIAL\req\intpos.tmp
-- 05/06 15:00:22:687 - TEF_DIAL FinalizarRequisicao: ATV, Renomeando: C:\TEF_DIAL\req\intpos.tmp para: C:\TEF_DIAL\req\intpos.001
-- 05/06 15:00:22:689 - TEF_DIAL FinalizarRequisicao: ATV, Aguardando: C:\TEF_DIAL\resp\intpos.sts
-- 05/06 15:00:22:829 - TEF_DIAL FinalizarRequisicao: ATV, Fim da Espera de: C:\TEF_DIAL\resp\intpos.sts Recebido
-- 05/06 15:00:22:829 - TEF_DIAL FinalizarRequisicao: ATV, Verificando conteudo de: C:\TEF_DIAL\resp\intpos.sts
-- 05/06 15:00:22:835 - TEF_DIAL FinalizarRequisicao: CNF, Fechando arquivo: C:\TEF_DIAL\req\intpos.tmp
-- 05/06 15:00:22:839 - TEF_DIAL FinalizarRequisicao: CNF, Renomeando: C:\TEF_DIAL\req\intpos.tmp para: C:\TEF_DIAL\req\intpos.001
-- 05/06 15:00:22:840 - TEF_DIAL FinalizarRequisicao: CNF, Aguardando: C:\TEF_DIAL\resp\intpos.sts
-- 05/06 15:00:23:081 - TEF_DIAL FinalizarRequisicao: CNF, Fim da Espera de: C:\TEF_DIAL\resp\intpos.sts Recebido
-- 05/06 15:00:23:081 - TEF_DIAL FinalizarRequisicao: CNF, Verificando conteudo de: C:\TEF_DIAL\resp\intpos.sts
-- 05/06 15:00:23:085 - BloquearMouseTeclado: NAO
-- 05/06 15:35:17:743 - TEF_DIAL DesInicializado
-- 05/06 15:35:17:746 - TEF_DIAL Inicializado
-- 05/06 15:35:17:747 - TEF_DIAL CancelarTransacoesPendentesClass 
-- 05/06 15:35:17:748 - TEF_DIAL IniciarRequisicao: ATV
-- 05/06 15:35:17:752 - TEF_DIAL FinalizarRequisicao: ATV, Fechando arquivo: C:\TEF_DIAL\req\intpos.tmp
-- 05/06 15:35:17:756 - TEF_DIAL FinalizarRequisicao: ATV, Renomeando: C:\TEF_DIAL\req\intpos.tmp para: C:\TEF_DIAL\req\intpos.001
-- 05/06 15:35:17:757 - TEF_DIAL FinalizarRequisicao: ATV, Aguardando: C:\TEF_DIAL\resp\intpos.sts
-- 05/06 15:35:17:908 - TEF_DIAL FinalizarRequisicao: ATV, Fim da Espera de: C:\TEF_DIAL\resp\intpos.sts Recebido
-- 05/06 15:35:17:908 - TEF_DIAL FinalizarRequisicao: ATV, Verificando conteudo de: C:\TEF_DIAL\resp\intpos.sts
-- 05/06 15:35:37:585 - TEF_DIAL CancelarTransacoesPendentesClass 
-- 05/06 15:37:03:348 - InfoECF: ineEstadoECF
-- 05/06 15:37:03:351 -     Ret: N
-- 05/06 15:37:03:351 - InfoECF: ineSubTotal
-- 05/06 15:37:03:353 -     Ret: 30,5
-- 05/06 15:37:03:353 - InfoECF: ineTotalAPagar
-- 05/06 15:37:03:355 -     Ret: 0
-- 05/06 15:37:03:355 - TEF_DIAL IniciarRequisicao: CRT
-- 05/06 15:37:03:355 - ConfirmarTransacoesAnteriores
-- 05/06 15:37:03:356 - TEF_DIAL IniciarRequisicao: ATV
-- 05/06 15:37:03:358 - TEF_DIAL FinalizarRequisicao: ATV, Fechando arquivo: C:\TEF_DIAL\req\intpos.tmp
-- 05/06 15:37:03:361 - TEF_DIAL FinalizarRequisicao: ATV, Renomeando: C:\TEF_DIAL\req\intpos.tmp para: C:\TEF_DIAL\req\intpos.001
-- 05/06 15:37:03:362 - TEF_DIAL FinalizarRequisicao: ATV, Aguardando: C:\TEF_DIAL\resp\intpos.sts
-- 05/06 15:37:03:443 - TEF_DIAL FinalizarRequisicao: ATV, Fim da Espera de: C:\TEF_DIAL\resp\intpos.sts Recebido
-- 05/06 15:37:03:443 - TEF_DIAL FinalizarRequisicao: ATV, Verificando conteudo de: C:\TEF_DIAL\resp\intpos.sts
-- 05/06 15:37:03:446 - TEF_DIAL FinalizarRequisicao: CRT, Fechando arquivo: C:\TEF_DIAL\req\intpos.tmp
-- 05/06 15:37:03:449 - TEF_DIAL FinalizarRequisicao: CRT, Renomeando: C:\TEF_DIAL\req\intpos.tmp para: C:\TEF_DIAL\req\intpos.001
-- 05/06 15:37:03:450 - TEF_DIAL FinalizarRequisicao: CRT, Aguardando: C:\TEF_DIAL\resp\intpos.sts
-- 05/06 15:37:03:701 - TEF_DIAL FinalizarRequisicao: CRT, Fim da Espera de: C:\TEF_DIAL\resp\intpos.sts Recebido
-- 05/06 15:37:03:701 - TEF_DIAL FinalizarRequisicao: CRT, Verificando conteudo de: C:\TEF_DIAL\resp\intpos.sts
-- 05/06 15:37:03:702 - TEF_DIAL LerRespostaRequisicao: CRT, Aguardando: C:\TEF_DIAL\resp\intpos.001
-- 05/06 15:37:13:343 - TEF_DIAL LerRespostaRequisicao: CRT, Fim da Espera de: C:\TEF_DIAL\resp\intpos.001 Recebido
-- 05/06 15:37:13:343 - TEF_DIAL LerRespostaRequisicao: CRT, Verificando conteudo de: C:\TEF_DIAL\resp\intpos.001
-- 05/06 15:37:13:346 - TEF_DIAL ProcessarRespostaPagamento: CRT - 56120 Indice: 02 Valor:30,50
-- 05/06 15:37:13:346 -  CopiarResposta: CRT - 56120 Arq: C:\projetos.vcl\apps\tecsoft\ACBr_TEF_DIAL_001.tef
-- 05/06 15:37:13:352 - TEF_DIAL FinalizarResposta: CRT
-- 05/06 15:37:13:352 - FinalizarCupom
-- 05/06 15:37:13:353 - BloquearMouseTeclado: SIM
-- 05/06 15:37:13:353 - InfoECF: ineEstadoECF
-- 05/06 15:37:13:356 -     Ret: L
-- 05/06 15:37:13:356 - ImprimirTransacoesPendentes
-- 05/06 15:37:13:356 - InfoECF: ineEstadoECF
-- 05/06 15:37:13:359 -     Ret: L
-- 05/06 15:37:13:359 - BloquearMouseTeclado: SIM
-- 05/06 15:37:13:359 - TEF_DIAL DoExibeMsg: Oper: opmExibirMsgOperador Mensagem: AUTORIZADA 000645
-- 05/06 15:37:15:372 - TEF_DIAL ECFAbreVinculado: COO:  Indice: 02 Valor: 30,50
-- 05/06 15:37:15:372 - TEF_DIAL ECFImprimeVia: trVinculado Via: 1
-- 05/06 15:37:38:768 - TEF_DIAL ComandarECF: Oper: opePulaLinhas
-- 05/06 15:37:40:770 - TEF_DIAL DoExibeMsg: Oper: opmDestaqueVia Mensagem: Destaque a 1ª Via
-- 05/06 15:37:42:776 - TEF_DIAL ECFImprimeVia: trVinculado Via: 2
-- 05/06 15:37:49:598 - TEF_DIAL DoExibeMsg: Oper: opmRemoverMsgOperador Mensagem: 
-- 05/06 15:37:51:599 - TEF_DIAL DoExibeMsg: Oper: opmRemoverMsgCliente Mensagem: 
-- 05/06 15:37:53:605 - TEF_DIAL ComandarECF: Oper: opeFechaVinculado
-- 05/06 15:37:53:607 - ConfirmarTransacoesPendentes
-- 05/06 15:37:53:607 - TEF_DIAL IniciarRequisicao: CNF
-- 05/06 15:37:53:608 - TEF_DIAL IniciarRequisicao: ATV
-- 05/06 15:37:53:611 - TEF_DIAL FinalizarRequisicao: ATV, Fechando arquivo: C:\TEF_DIAL\req\intpos.tmp
-- 05/06 15:37:53:616 - TEF_DIAL FinalizarRequisicao: ATV, Renomeando: C:\TEF_DIAL\req\intpos.tmp para: C:\TEF_DIAL\req\intpos.001
-- 05/06 15:37:53:617 - TEF_DIAL FinalizarRequisicao: ATV, Aguardando: C:\TEF_DIAL\resp\intpos.sts
-- 05/06 15:37:53:637 - TEF_DIAL FinalizarRequisicao: ATV, Fim da Espera de: C:\TEF_DIAL\resp\intpos.sts Recebido
-- 05/06 15:37:53:637 - TEF_DIAL FinalizarRequisicao: ATV, Verificando conteudo de: C:\TEF_DIAL\resp\intpos.sts
-- 05/06 15:37:53:642 - TEF_DIAL FinalizarRequisicao: CNF, Fechando arquivo: C:\TEF_DIAL\req\intpos.tmp
-- 05/06 15:37:53:645 - TEF_DIAL FinalizarRequisicao: CNF, Renomeando: C:\TEF_DIAL\req\intpos.tmp para: C:\TEF_DIAL\req\intpos.001
-- 05/06 15:37:53:646 - TEF_DIAL FinalizarRequisicao: CNF, Aguardando: C:\TEF_DIAL\resp\intpos.sts
-- 05/06 15:37:53:907 - TEF_DIAL FinalizarRequisicao: CNF, Fim da Espera de: C:\TEF_DIAL\resp\intpos.sts Recebido
-- 05/06 15:37:53:907 - TEF_DIAL FinalizarRequisicao: CNF, Verificando conteudo de: C:\TEF_DIAL\resp\intpos.sts
-- 05/06 15:37:53:910 - BloquearMouseTeclado: NAO
-- 22/12 17:08:33:505 - PagGo DesInicializado
-- 22/12 17:08:33:510 - PagGo Inicializado
-- 22/12 17:08:33:511 - PagGo CancelarTransacoesPendentesClass 
-- 22/12 17:08:33:512 - PagGo IniciarRequisicao: ATV
-- 22/12 17:08:40:157 - PagGo FinalizarRequisicao: ATV, Fechando arquivo: C:\PAYGO\REQ\intpos.tmp
-- 22/12 17:08:40:163 - PagGo FinalizarRequisicao: ATV, Renomeando: C:\PAYGO\REQ\intpos.tmp para: C:\PAYGO\REQ\intpos.001
-- 22/12 17:08:40:164 - PagGo FinalizarRequisicao: ATV, Aguardando: C:\PAYGO\RESP\intpos.sts
-- 22/12 17:08:40:675 - PagGo FinalizarRequisicao: ATV, Fim da Espera de: C:\PAYGO\RESP\intpos.sts Recebido
-- 22/12 17:08:40:675 - PagGo FinalizarRequisicao: ATV, Verificando conteudo de: C:\PAYGO\RESP\intpos.sts
-- 22/12 17:09:15:222 - PagGo CancelarTransacoesPendentesClass 
-- 22/12 17:09:51:540 - InfoECF: ineEstadoECF
-- 22/12 17:09:51:650 -     Ret: N
-- 22/12 17:09:51:650 - InfoECF: ineSubTotal
-- 22/12 17:09:51:653 -     Ret: 1012
-- 22/12 17:09:51:653 - InfoECF: ineTotalAPagar
-- 22/12 17:09:51:656 -     Ret: 0
-- 22/12 17:09:51:656 - PagGo IniciarRequisicao: CRT
-- 22/12 17:09:51:735 - ConfirmarTransacoesAnteriores
-- 22/12 17:09:51:736 - PagGo IniciarRequisicao: ATV
-- 22/12 17:09:52:098 - PagGo FinalizarRequisicao: ATV, Fechando arquivo: C:\PAYGO\REQ\intpos.tmp
-- 22/12 17:09:52:102 - PagGo FinalizarRequisicao: ATV, Renomeando: C:\PAYGO\REQ\intpos.tmp para: C:\PAYGO\REQ\intpos.001
-- 22/12 17:09:52:103 - PagGo FinalizarRequisicao: ATV, Aguardando: C:\PAYGO\RESP\intpos.sts
-- 22/12 17:09:52:263 - PagGo FinalizarRequisicao: ATV, Fim da Espera de: C:\PAYGO\RESP\intpos.sts Recebido
-- 22/12 17:09:52:263 - PagGo FinalizarRequisicao: ATV, Verificando conteudo de: C:\PAYGO\RESP\intpos.sts
-- 22/12 17:09:52:722 - PagGo FinalizarRequisicao: CRT, Fechando arquivo: C:\PAYGO\REQ\intpos.tmp
-- 22/12 17:09:52:728 - PagGo FinalizarRequisicao: CRT, Renomeando: C:\PAYGO\REQ\intpos.tmp para: C:\PAYGO\REQ\intpos.001
-- 22/12 17:09:52:729 - PagGo FinalizarRequisicao: CRT, Aguardando: C:\PAYGO\RESP\intpos.sts
-- 22/12 17:09:52:829 - PagGo FinalizarRequisicao: CRT, Fim da Espera de: C:\PAYGO\RESP\intpos.sts Recebido
-- 22/12 17:09:52:830 - PagGo FinalizarRequisicao: CRT, Verificando conteudo de: C:\PAYGO\RESP\intpos.sts
-- 22/12 17:10:31:747 - PagGo LerRespostaRequisicao: CRT, Aguardando: C:\PAYGO\RESP\intpos.001
-- 22/12 17:10:31:758 - PagGo LerRespostaRequisicao: CRT, Fim da Espera de: C:\PAYGO\RESP\intpos.001 Recebido
-- 22/12 17:10:31:758 - PagGo LerRespostaRequisicao: CRT, Verificando conteudo de: C:\PAYGO\RESP\intpos.001
-- 22/12 17:10:33:670 - PagGo ProcessarRespostaPagamento: CRT - 61706 Indice: 02 Valor:1012,00
-- 22/12 17:10:33:671 -  CopiarResposta: CRT - 61706 Arq: C:\projetos.vcl\apps\tecsoft\ACBr_PagGo_001.tef
-- 22/12 17:10:40:158 - PagGo FinalizarResposta: CRT
-- 22/12 17:10:40:158 - FinalizarCupom
-- 22/12 17:10:40:159 - BloquearMouseTeclado: SIM
-- 22/12 17:10:40:160 - InfoECF: ineEstadoECF
-- 22/12 17:10:50:422 -     Ret: L
-- 22/12 17:10:57:208 - ImprimirTransacoesPendentes
-- 22/12 17:10:57:209 - InfoECF: ineEstadoECF
-- 22/12 17:10:57:212 -     Ret: L
-- 22/12 17:11:18:073 - BloquearMouseTeclado: SIM
-- 22/12 17:11:18:075 - PagGo DoExibeMsg: Oper: opmExibirMsgOperador Mensagem: TRANSACAO AUTORIZADA
-- 22/12 17:11:31:576 - PagGo ECFAbreVinculado: COO:  Indice: 02 Valor: 1012,00
-- 22/12 17:11:31:576 - PagGo ECFImprimeVia: trVinculado Via: 1
-- 22/12 17:11:32:208 - PagGo ComandarECF: Oper: opePulaLinhas
-- 22/12 17:11:34:210 - PagGo DoExibeMsg: Oper: opmDestaqueVia Mensagem: Destaque a 1ª Via
-- 22/12 17:11:36:222 - PagGo ECFImprimeVia: trVinculado Via: 2
-- 22/12 17:11:36:611 - PagGo DoExibeMsg: Oper: opmRemoverMsgOperador Mensagem: 
-- 22/12 17:11:38:613 - PagGo DoExibeMsg: Oper: opmRemoverMsgCliente Mensagem: 
-- 22/12 17:11:40:618 - PagGo ComandarECF: Oper: opeFechaVinculado
-- 28/12 11:24:52:300 - PagGo DesInicializado
-- 28/12 11:24:52:305 - PagGo Inicializado
-- 28/12 11:25:08:159 - PagGo CancelarTransacoesPendentesClass 
-- 28/12 11:25:09:333 - PagGo IniciarRequisicao: ATV
-- 28/12 11:25:09:337 - PagGo FinalizarRequisicao: ATV, Fechando arquivo: C:\PAYGO\REQ\intpos.tmp
-- 28/12 11:25:09:343 - PagGo FinalizarRequisicao: ATV, Renomeando: C:\PAYGO\REQ\intpos.tmp para: C:\PAYGO\REQ\intpos.001
-- 28/12 11:25:09:344 - PagGo FinalizarRequisicao: ATV, Aguardando: C:\PAYGO\RESP\intpos.sts
-- 28/12 11:25:09:395 - PagGo FinalizarRequisicao: ATV, Fim da Espera de: C:\PAYGO\RESP\intpos.sts Recebido
-- 28/12 11:25:09:395 - PagGo FinalizarRequisicao: ATV, Verificando conteudo de: C:\PAYGO\RESP\intpos.sts
-- 28/12 11:26:36:916 - InfoECF: ineEstadoECF
-- 28/12 11:26:36:919 -     Ret: N
-- 28/12 11:26:36:919 - InfoECF: ineSubTotal
-- 28/12 11:26:36:922 -     Ret: 1011
-- 28/12 11:26:36:922 - InfoECF: ineTotalAPagar
-- 28/12 11:26:36:925 -     Ret: 0
-- 28/12 11:26:36:925 - PagGo IniciarRequisicao: CRT
-- 28/12 11:26:36:926 - ConfirmarTransacoesAnteriores
-- 28/12 11:26:36:926 - PagGo IniciarRequisicao: ATV
-- 28/12 11:26:36:929 - PagGo FinalizarRequisicao: ATV, Fechando arquivo: C:\PAYGO\REQ\intpos.tmp
-- 28/12 11:26:36:933 - PagGo FinalizarRequisicao: ATV, Renomeando: C:\PAYGO\REQ\intpos.tmp para: C:\PAYGO\REQ\intpos.001
-- 28/12 11:26:36:935 - PagGo FinalizarRequisicao: ATV, Aguardando: C:\PAYGO\RESP\intpos.sts
-- 28/12 11:26:37:165 - PagGo FinalizarRequisicao: ATV, Fim da Espera de: C:\PAYGO\RESP\intpos.sts Recebido
-- 28/12 11:26:37:165 - PagGo FinalizarRequisicao: ATV, Verificando conteudo de: C:\PAYGO\RESP\intpos.sts
-- 28/12 11:26:37:168 - PagGo FinalizarRequisicao: CRT, Fechando arquivo: C:\PAYGO\REQ\intpos.tmp
-- 28/12 11:26:37:171 - PagGo FinalizarRequisicao: CRT, Renomeando: C:\PAYGO\REQ\intpos.tmp para: C:\PAYGO\REQ\intpos.001
-- 28/12 11:26:37:172 - PagGo FinalizarRequisicao: CRT, Aguardando: C:\PAYGO\RESP\intpos.sts
-- 28/12 11:26:37:703 - PagGo FinalizarRequisicao: CRT, Fim da Espera de: C:\PAYGO\RESP\intpos.sts Recebido
-- 28/12 11:26:37:703 - PagGo FinalizarRequisicao: CRT, Verificando conteudo de: C:\PAYGO\RESP\intpos.sts
-- 28/12 11:26:37:704 - PagGo LerRespostaRequisicao: CRT, Aguardando: C:\PAYGO\RESP\intpos.001
-- 28/12 11:27:10:612 - PagGo LerRespostaRequisicao: CRT, Fim da Espera de: C:\PAYGO\RESP\intpos.001 Recebido
-- 28/12 11:27:10:612 - PagGo LerRespostaRequisicao: CRT, Verificando conteudo de: C:\PAYGO\RESP\intpos.001
-- 28/12 11:27:10:620 - PagGo ProcessarRespostaPagamento: CRT - 41061 Indice: 02 Valor:1011,00
-- 28/12 11:27:10:620 -  CopiarResposta: CRT - 41061 Arq: C:\projetos.vcl\apps\tecsoft\ACBr_PagGo_001.tef
-- 28/12 11:27:49:920 - PagGo FinalizarResposta: CRT
-- 28/12 11:28:30:144 - FinalizarCupom, DesbloquearMouseTecladoNoTermino
-- 28/12 11:28:30:145 - BloquearMouseTeclado: SIM
-- 28/12 11:28:30:145 - InfoECF: ineEstadoECF
-- 28/12 11:28:30:148 -     Ret: L
-- 28/12 11:28:30:148 - BloquearMouseTeclado: NAO
-- 28/12 11:30:14:484 - PagGo IniciarRequisicao: NCN
-- 28/12 11:30:14:484 - PagGo IniciarRequisicao: ATV
-- 28/12 11:30:14:486 - PagGo FinalizarRequisicao: ATV, Fechando arquivo: C:\PAYGO\REQ\intpos.tmp
-- 28/12 11:30:14:490 - PagGo FinalizarRequisicao: ATV, Renomeando: C:\PAYGO\REQ\intpos.tmp para: C:\PAYGO\REQ\intpos.001
-- 28/12 11:30:14:491 - PagGo FinalizarRequisicao: ATV, Aguardando: C:\PAYGO\RESP\intpos.sts
-- 28/12 11:30:14:721 - PagGo FinalizarRequisicao: ATV, Fim da Espera de: C:\PAYGO\RESP\intpos.sts Recebido
-- 28/12 11:30:14:721 - PagGo FinalizarRequisicao: ATV, Verificando conteudo de: C:\PAYGO\RESP\intpos.sts
-- 28/12 11:30:14:724 - PagGo FinalizarRequisicao: NCN, Fechando arquivo: C:\PAYGO\REQ\intpos.tmp
-- 28/12 11:30:14:727 - PagGo FinalizarRequisicao: NCN, Renomeando: C:\PAYGO\REQ\intpos.tmp para: C:\PAYGO\REQ\intpos.001
-- 28/12 11:30:14:728 - PagGo FinalizarRequisicao: NCN, Aguardando: C:\PAYGO\RESP\intpos.sts
-- 28/12 11:30:15:390 - PagGo FinalizarRequisicao: NCN, Fim da Espera de: C:\PAYGO\RESP\intpos.sts Recebido
-- 28/12 11:30:15:390 - PagGo FinalizarRequisicao: NCN, Verificando conteudo de: C:\PAYGO\RESP\intpos.sts
-- 28/12 11:30:15:391 - PagGo DoExibeMsg: Oper: opmOK Mensagem: Última Transação TEF foi cancelada

Rede: DEMO
NSU: 181511
Valor: 1011,00
-- 28/12 11:33:28:220 - InfoECF: ineEstadoECF
-- 28/12 11:33:28:223 -     Ret: N
-- 28/12 11:33:28:224 - InfoECF: ineSubTotal
-- 28/12 11:33:28:227 -     Ret: 1011
-- 28/12 11:33:28:228 - InfoECF: ineTotalAPagar
-- 28/12 11:33:28:231 -     Ret: 0
-- 28/12 11:33:28:232 - PagGo IniciarRequisicao: CRT
-- 28/12 11:33:28:233 - ConfirmarTransacoesAnteriores
-- 28/12 11:33:28:234 - PagGo IniciarRequisicao: ATV
-- 28/12 11:33:28:242 - PagGo FinalizarRequisicao: ATV, Fechando arquivo: C:\PAYGO\REQ\intpos.tmp
-- 28/12 11:33:28:248 - PagGo FinalizarRequisicao: ATV, Renomeando: C:\PAYGO\REQ\intpos.tmp para: C:\PAYGO\REQ\intpos.001
-- 28/12 11:33:28:251 - PagGo FinalizarRequisicao: ATV, Aguardando: C:\PAYGO\RESP\intpos.sts
-- 28/12 11:33:28:361 - PagGo FinalizarRequisicao: ATV, Fim da Espera de: C:\PAYGO\RESP\intpos.sts Recebido
-- 28/12 11:33:28:361 - PagGo FinalizarRequisicao: ATV, Verificando conteudo de: C:\PAYGO\RESP\intpos.sts
-- 28/12 11:33:28:368 - PagGo FinalizarRequisicao: CRT, Fechando arquivo: C:\PAYGO\REQ\intpos.tmp
-- 28/12 11:33:28:372 - PagGo FinalizarRequisicao: CRT, Renomeando: C:\PAYGO\REQ\intpos.tmp para: C:\PAYGO\REQ\intpos.001
-- 28/12 11:33:28:374 - PagGo FinalizarRequisicao: CRT, Aguardando: C:\PAYGO\RESP\intpos.sts
-- 28/12 11:33:28:915 - PagGo FinalizarRequisicao: CRT, Fim da Espera de: C:\PAYGO\RESP\intpos.sts Recebido
-- 28/12 11:33:28:915 - PagGo FinalizarRequisicao: CRT, Verificando conteudo de: C:\PAYGO\RESP\intpos.sts
-- 28/12 11:33:28:918 - PagGo LerRespostaRequisicao: CRT, Aguardando: C:\PAYGO\RESP\intpos.001
-- 28/12 11:33:51:600 - PagGo LerRespostaRequisicao: CRT, Fim da Espera de: C:\PAYGO\RESP\intpos.001 Recebido
-- 28/12 11:33:51:601 - PagGo LerRespostaRequisicao: CRT, Verificando conteudo de: C:\PAYGO\RESP\intpos.001
-- 28/12 11:33:51:604 - PagGo ProcessarRespostaPagamento: CRT - 41065 Indice: 02 Valor:1011,00
-- 28/12 11:33:51:604 -  CopiarResposta: CRT - 41065 Arq: C:\projetos.vcl\apps\tecsoft\ACBr_PagGo_001.tef
-- 28/12 11:33:54:675 - PagGo FinalizarResposta: CRT
-- 28/12 11:34:05:111 - FinalizarCupom, DesbloquearMouseTecladoNoTermino
-- 28/12 11:34:05:112 - BloquearMouseTeclado: SIM
-- 28/12 11:34:05:113 - InfoECF: ineEstadoECF
-- 28/12 11:34:05:117 -     Ret: L
-- 28/12 11:34:05:118 - BloquearMouseTeclado: NAO
-- 28/12 11:36:02:210 - PagGo IniciarRequisicao: NCN
-- 28/12 11:36:02:211 - PagGo IniciarRequisicao: ATV
-- 28/12 11:36:02:214 - PagGo FinalizarRequisicao: ATV, Fechando arquivo: C:\PAYGO\REQ\intpos.tmp
-- 28/12 11:36:02:218 - PagGo FinalizarRequisicao: ATV, Renomeando: C:\PAYGO\REQ\intpos.tmp para: C:\PAYGO\REQ\intpos.001
-- 28/12 11:36:02:219 - PagGo FinalizarRequisicao: ATV, Aguardando: C:\PAYGO\RESP\intpos.sts
-- 28/12 11:36:02:460 - PagGo FinalizarRequisicao: ATV, Fim da Espera de: C:\PAYGO\RESP\intpos.sts Recebido
-- 28/12 11:36:02:460 - PagGo FinalizarRequisicao: ATV, Verificando conteudo de: C:\PAYGO\RESP\intpos.sts
-- 28/12 11:36:04:317 - PagGo FinalizarRequisicao: NCN, Fechando arquivo: C:\PAYGO\REQ\intpos.tmp
-- 28/12 11:36:04:321 - PagGo FinalizarRequisicao: NCN, Renomeando: C:\PAYGO\REQ\intpos.tmp para: C:\PAYGO\REQ\intpos.001
-- 28/12 11:36:04:323 - PagGo FinalizarRequisicao: NCN, Aguardando: C:\PAYGO\RESP\intpos.sts
-- 28/12 11:36:04:664 - PagGo FinalizarRequisicao: NCN, Fim da Espera de: C:\PAYGO\RESP\intpos.sts Recebido
-- 28/12 11:36:04:664 - PagGo FinalizarRequisicao: NCN, Verificando conteudo de: C:\PAYGO\RESP\intpos.sts
-- 28/12 11:36:28:131 - PagGo DoExibeMsg: Oper: opmOK Mensagem: Última Transação TEF foi cancelada

Rede: DEMO
NSU: 46455
Valor: 1011,00
-- 28/12 11:43:56:259 - InfoECF: ineEstadoECF
-- 28/12 11:43:56:264 -     Ret: N
-- 28/12 11:43:56:265 - InfoECF: ineSubTotal
-- 28/12 11:43:56:267 -     Ret: 1011
-- 28/12 11:43:56:267 - InfoECF: ineTotalAPagar
-- 28/12 11:43:56:270 -     Ret: 0
-- 28/12 11:43:56:270 - PagGo IniciarRequisicao: CRT
-- 28/12 11:43:56:271 - ConfirmarTransacoesAnteriores
-- 28/12 11:43:56:272 - PagGo IniciarRequisicao: ATV
-- 28/12 11:43:56:277 - PagGo FinalizarRequisicao: ATV, Fechando arquivo: C:\PAYGO\REQ\intpos.tmp
-- 28/12 11:43:56:281 - PagGo FinalizarRequisicao: ATV, Renomeando: C:\PAYGO\REQ\intpos.tmp para: C:\PAYGO\REQ\intpos.001
-- 28/12 11:43:56:283 - PagGo FinalizarRequisicao: ATV, Aguardando: C:\PAYGO\RESP\intpos.sts
-- 28/12 11:43:56:343 - PagGo FinalizarRequisicao: ATV, Fim da Espera de: C:\PAYGO\RESP\intpos.sts Recebido
-- 28/12 11:43:56:343 - PagGo FinalizarRequisicao: ATV, Verificando conteudo de: C:\PAYGO\RESP\intpos.sts
-- 28/12 11:43:56:348 - PagGo FinalizarRequisicao: CRT, Fechando arquivo: C:\PAYGO\REQ\intpos.tmp
-- 28/12 11:43:56:351 - PagGo FinalizarRequisicao: CRT, Renomeando: C:\PAYGO\REQ\intpos.tmp para: C:\PAYGO\REQ\intpos.001
-- 28/12 11:43:56:353 - PagGo FinalizarRequisicao: CRT, Aguardando: C:\PAYGO\RESP\intpos.sts
-- 28/12 11:43:56:895 - PagGo FinalizarRequisicao: CRT, Fim da Espera de: C:\PAYGO\RESP\intpos.sts Recebido
-- 28/12 11:43:56:895 - PagGo FinalizarRequisicao: CRT, Verificando conteudo de: C:\PAYGO\RESP\intpos.sts
-- 28/12 11:43:56:897 - PagGo LerRespostaRequisicao: CRT, Aguardando: C:\PAYGO\RESP\intpos.001
-- 28/12 11:44:26:844 - PagGo LerRespostaRequisicao: CRT, Fim da Espera de: C:\PAYGO\RESP\intpos.001 Recebido
-- 28/12 11:44:26:844 - PagGo LerRespostaRequisicao: CRT, Verificando conteudo de: C:\PAYGO\RESP\intpos.001
-- 28/12 11:44:26:846 - PagGo ProcessarRespostaPagamento: CRT - 41069 Indice: 02 Valor:1011,00
-- 28/12 11:44:26:847 -  CopiarResposta: CRT - 41069 Arq: C:\projetos.vcl\apps\tecsoft\ACBr_PagGo_001.tef
-- 28/12 11:44:51:306 - PagGo FinalizarResposta: CRT
-- 28/12 11:45:02:849 - FinalizarCupom, DesbloquearMouseTecladoNoTermino
-- 28/12 11:45:02:850 - BloquearMouseTeclado: SIM
-- 28/12 11:45:02:851 - InfoECF: ineEstadoECF
-- 28/12 11:45:02:854 -     Ret: L
-- 28/12 11:45:02:854 - BloquearMouseTeclado: NAO
-- 28/12 11:47:00:602 - PagGo IniciarRequisicao: NCN
-- 28/12 11:47:00:603 - PagGo IniciarRequisicao: ATV
-- 28/12 11:47:00:604 - PagGo FinalizarRequisicao: ATV, Fechando arquivo: C:\PAYGO\REQ\intpos.tmp
-- 28/12 11:47:00:608 - PagGo FinalizarRequisicao: ATV, Renomeando: C:\PAYGO\REQ\intpos.tmp para: C:\PAYGO\REQ\intpos.001
-- 28/12 11:47:00:609 - PagGo FinalizarRequisicao: ATV, Aguardando: C:\PAYGO\RESP\intpos.sts
-- 28/12 11:47:01:019 - PagGo FinalizarRequisicao: ATV, Fim da Espera de: C:\PAYGO\RESP\intpos.sts Recebido
-- 28/12 11:47:01:019 - PagGo FinalizarRequisicao: ATV, Verificando conteudo de: C:\PAYGO\RESP\intpos.sts
-- 28/12 11:47:23:616 - PagGo FinalizarRequisicao: NCN, Fechando arquivo: C:\PAYGO\REQ\intpos.tmp
-- 28/12 11:47:28:865 - PagGo FinalizarRequisicao: NCN, Renomeando: C:\PAYGO\REQ\intpos.tmp para: C:\PAYGO\REQ\intpos.001
-- 28/12 11:47:37:170 - PagGo FinalizarRequisicao: NCN, Aguardando: C:\PAYGO\RESP\intpos.sts
-- 28/12 11:47:40:781 - PagGo FinalizarRequisicao: NCN, Fim da Espera de: C:\PAYGO\RESP\intpos.sts Recebido
-- 28/12 11:47:44:598 - PagGo FinalizarRequisicao: NCN, Verificando conteudo de: C:\PAYGO\RESP\intpos.sts
-- 28/12 11:47:51:113 - PagGo DoExibeMsg: Oper: opmOK Mensagem: Última Transação TEF foi cancelada

Rede: DEMO
NSU: 385693
Valor: 1011,00
-- 28/12 11:49:57:842 - PagGo IniciarRequisicao: ADM
-- 28/12 11:49:57:843 - PagGo IniciarRequisicao: ATV
-- 28/12 11:49:57:846 - PagGo FinalizarRequisicao: ATV, Fechando arquivo: C:\PAYGO\REQ\intpos.tmp
-- 28/12 11:49:57:849 - PagGo FinalizarRequisicao: ATV, Renomeando: C:\PAYGO\REQ\intpos.tmp para: C:\PAYGO\REQ\intpos.001
-- 28/12 11:50:00:218 - PagGo FinalizarRequisicao: ATV, Aguardando: C:\PAYGO\RESP\intpos.sts
-- 28/12 11:50:00:229 - PagGo FinalizarRequisicao: ATV, Fim da Espera de: C:\PAYGO\RESP\intpos.sts Recebido
-- 28/12 11:50:00:229 - PagGo FinalizarRequisicao: ATV, Verificando conteudo de: C:\PAYGO\RESP\intpos.sts
-- 28/12 11:50:00:232 - PagGo FinalizarRequisicao: ADM, Fechando arquivo: C:\PAYGO\REQ\intpos.tmp
-- 28/12 11:50:00:235 - PagGo FinalizarRequisicao: ADM, Renomeando: C:\PAYGO\REQ\intpos.tmp para: C:\PAYGO\REQ\intpos.001
-- 28/12 11:50:02:504 - PagGo FinalizarRequisicao: ADM, Aguardando: C:\PAYGO\RESP\intpos.sts
-- 28/12 11:50:02:514 - PagGo FinalizarRequisicao: ADM, Fim da Espera de: C:\PAYGO\RESP\intpos.sts Recebido
-- 28/12 11:50:02:514 - PagGo FinalizarRequisicao: ADM, Verificando conteudo de: C:\PAYGO\RESP\intpos.sts
-- 28/12 11:50:02:516 - PagGo LerRespostaRequisicao: ADM, Aguardando: C:\PAYGO\RESP\intpos.001
-- 28/12 11:50:14:469 - PagGo LerRespostaRequisicao: ADM, Fim da Espera de: C:\PAYGO\RESP\intpos.001 Recebido
-- 28/12 11:50:14:469 - PagGo LerRespostaRequisicao: ADM, Verificando conteudo de: C:\PAYGO\RESP\intpos.001
-- 28/12 11:50:14:472 - PagGo ProcessarResposta: ADM
-- 28/12 11:50:14:474 - PagGo ImprimirRelatorio: ADM
-- 28/12 11:50:14:475 - BloquearMouseTeclado: SIM
-- 28/12 11:50:14:475 - InfoECF: ineEstadoECF
-- 28/12 11:50:14:478 -     Ret: L
-- 28/12 11:50:14:478 - PagGo DoExibeMsg: Oper: opmExibirMsgOperador Mensagem: TRANSACAO AUTORIZADA
-- 28/12 11:50:16:487 - PagGo ComandarECF: Oper: opeAbreGerencial
-- 28/12 11:50:16:490 - PagGo ECFImprimeVia: trGerencial Via: 1
-- 28/12 11:50:18:174 - PagGo ComandarECF: Oper: opePulaLinhas
-- 28/12 11:50:20:176 - PagGo DoExibeMsg: Oper: opmDestaqueVia Mensagem: Destaque a 2ª Via
-- 28/12 11:50:22:184 - PagGo ECFImprimeVia: trGerencial Via: 2
-- 28/12 11:50:23:505 - PagGo ComandarECF: Oper: opeFechaGerencial
-- 28/12 11:50:23:507 - PagGo DoExibeMsg: Oper: opmRemoverMsgOperador Mensagem: 
-- 28/12 11:50:25:507 - PagGo DoExibeMsg: Oper: opmRemoverMsgCliente Mensagem: 
-- 28/12 11:50:27:508 - BloquearMouseTeclado: NAO
-- 28/12 11:50:44:746 - PagGo FinalizarResposta: ADM
-- 28/12 11:51:16:797 - InfoECF: ineEstadoECF
-- 28/12 11:51:16:799 -     Ret: N
-- 28/12 11:51:16:799 - InfoECF: ineSubTotal
-- 28/12 11:51:16:802 -     Ret: 1011
-- 28/12 11:51:16:802 - InfoECF: ineTotalAPagar
-- 28/12 11:51:16:805 -     Ret: 0
-- 28/12 11:51:16:805 - PagGo IniciarRequisicao: CRT
-- 28/12 11:51:16:806 - ConfirmarTransacoesAnteriores
-- 28/12 11:51:16:806 - PagGo IniciarRequisicao: ATV
-- 28/12 11:51:16:808 - PagGo FinalizarRequisicao: ATV, Fechando arquivo: C:\PAYGO\REQ\intpos.tmp
-- 28/12 11:51:16:812 - PagGo FinalizarRequisicao: ATV, Renomeando: C:\PAYGO\REQ\intpos.tmp para: C:\PAYGO\REQ\intpos.001
-- 28/12 11:51:16:813 - PagGo FinalizarRequisicao: ATV, Aguardando: C:\PAYGO\RESP\intpos.sts
-- 28/12 11:51:17:004 - PagGo FinalizarRequisicao: ATV, Fim da Espera de: C:\PAYGO\RESP\intpos.sts Recebido
-- 28/12 11:51:17:004 - PagGo FinalizarRequisicao: ATV, Verificando conteudo de: C:\PAYGO\RESP\intpos.sts
-- 28/12 11:51:17:007 - PagGo FinalizarRequisicao: CRT, Fechando arquivo: C:\PAYGO\REQ\intpos.tmp
-- 28/12 11:51:17:012 - PagGo FinalizarRequisicao: CRT, Renomeando: C:\PAYGO\REQ\intpos.tmp para: C:\PAYGO\REQ\intpos.001
-- 28/12 11:51:17:013 - PagGo FinalizarRequisicao: CRT, Aguardando: C:\PAYGO\RESP\intpos.sts
-- 28/12 11:51:17:544 - PagGo FinalizarRequisicao: CRT, Fim da Espera de: C:\PAYGO\RESP\intpos.sts Recebido
-- 28/12 11:51:17:544 - PagGo FinalizarRequisicao: CRT, Verificando conteudo de: C:\PAYGO\RESP\intpos.sts
-- 28/12 11:51:17:545 - PagGo LerRespostaRequisicao: CRT, Aguardando: C:\PAYGO\RESP\intpos.001
-- 28/12 11:51:59:903 - PagGo LerRespostaRequisicao: CRT, Fim da Espera de: C:\PAYGO\RESP\intpos.001 Recebido
-- 28/12 11:51:59:903 - PagGo LerRespostaRequisicao: CRT, Verificando conteudo de: C:\PAYGO\RESP\intpos.001
-- 28/12 11:51:59:907 - PagGo ProcessarRespostaPagamento: CRT - 41075 Indice: 02 Valor:1011,00
-- 28/12 11:51:59:908 -  CopiarResposta: CRT - 41075 Arq: C:\projetos.vcl\apps\tecsoft\ACBr_PagGo_001.tef
-- 28/12 11:52:08:866 - PagGo FinalizarResposta: CRT
-- 28/12 11:52:35:778 - FinalizarCupom, DesbloquearMouseTecladoNoTermino
-- 28/12 11:52:35:781 - BloquearMouseTeclado: SIM
-- 28/12 11:52:35:782 - InfoECF: ineEstadoECF
-- 28/12 11:52:35:785 -     Ret: L
-- 28/12 11:52:35:786 - BloquearMouseTeclado: NAO
-- 28/12 11:53:20:772 - PagGo IniciarRequisicao: NCN
-- 28/12 11:53:20:772 - PagGo IniciarRequisicao: ATV
-- 28/12 11:53:20:774 - PagGo FinalizarRequisicao: ATV, Fechando arquivo: C:\PAYGO\REQ\intpos.tmp
-- 28/12 11:53:20:778 - PagGo FinalizarRequisicao: ATV, Renomeando: C:\PAYGO\REQ\intpos.tmp para: C:\PAYGO\REQ\intpos.001
-- 28/12 11:53:20:778 - PagGo FinalizarRequisicao: ATV, Aguardando: C:\PAYGO\RESP\intpos.sts
-- 28/12 11:53:21:059 - PagGo FinalizarRequisicao: ATV, Fim da Espera de: C:\PAYGO\RESP\intpos.sts Recebido
-- 28/12 11:53:21:059 - PagGo FinalizarRequisicao: ATV, Verificando conteudo de: C:\PAYGO\RESP\intpos.sts
-- 28/12 11:53:21:061 - PagGo FinalizarRequisicao: NCN, Fechando arquivo: C:\PAYGO\REQ\intpos.tmp
-- 28/12 11:53:21:063 - PagGo FinalizarRequisicao: NCN, Renomeando: C:\PAYGO\REQ\intpos.tmp para: C:\PAYGO\REQ\intpos.001
-- 28/12 11:53:21:063 - PagGo FinalizarRequisicao: NCN, Aguardando: C:\PAYGO\RESP\intpos.sts
-- 28/12 11:53:21:734 - PagGo FinalizarRequisicao: NCN, Fim da Espera de: C:\PAYGO\RESP\intpos.sts Recebido
-- 28/12 11:53:21:734 - PagGo FinalizarRequisicao: NCN, Verificando conteudo de: C:\PAYGO\RESP\intpos.sts
-- 28/12 11:53:52:225 - PagGo DoExibeMsg: Oper: opmOK Mensagem: Última Transação TEF foi cancelada

Rede: DEMO
NSU: 582054
Valor: 1011,00
-- 28/12 11:54:35:960 - PagGo IniciarRequisicao: ADM
-- 28/12 11:54:35:961 - PagGo IniciarRequisicao: ATV
-- 28/12 11:54:35:964 - PagGo FinalizarRequisicao: ATV, Fechando arquivo: C:\PAYGO\REQ\intpos.tmp
-- 28/12 11:54:35:968 - PagGo FinalizarRequisicao: ATV, Renomeando: C:\PAYGO\REQ\intpos.tmp para: C:\PAYGO\REQ\intpos.001
-- 28/12 11:54:35:970 - PagGo FinalizarRequisicao: ATV, Aguardando: C:\PAYGO\RESP\intpos.sts
-- 28/12 11:54:36:000 - PagGo FinalizarRequisicao: ATV, Fim da Espera de: C:\PAYGO\RESP\intpos.sts Recebido
-- 28/12 11:54:36:000 - PagGo FinalizarRequisicao: ATV, Verificando conteudo de: C:\PAYGO\RESP\intpos.sts
-- 28/12 11:54:36:003 - PagGo FinalizarRequisicao: ADM, Fechando arquivo: C:\PAYGO\REQ\intpos.tmp
-- 28/12 11:54:36:006 - PagGo FinalizarRequisicao: ADM, Renomeando: C:\PAYGO\REQ\intpos.tmp para: C:\PAYGO\REQ\intpos.001
-- 28/12 11:54:36:007 - PagGo FinalizarRequisicao: ADM, Aguardando: C:\PAYGO\RESP\intpos.sts
-- 28/12 11:54:36:558 - PagGo FinalizarRequisicao: ADM, Fim da Espera de: C:\PAYGO\RESP\intpos.sts Recebido
-- 28/12 11:54:36:558 - PagGo FinalizarRequisicao: ADM, Verificando conteudo de: C:\PAYGO\RESP\intpos.sts
-- 28/12 11:54:36:560 - PagGo LerRespostaRequisicao: ADM, Aguardando: C:\PAYGO\RESP\intpos.001
-- 28/12 11:54:52:571 - PagGo LerRespostaRequisicao: ADM, Fim da Espera de: C:\PAYGO\RESP\intpos.001 Recebido
-- 28/12 11:54:52:571 - PagGo LerRespostaRequisicao: ADM, Verificando conteudo de: C:\PAYGO\RESP\intpos.001
-- 28/12 11:54:52:574 - PagGo ProcessarResposta: ADM
-- 28/12 11:54:52:576 - PagGo ImprimirRelatorio: ADM
-- 28/12 11:54:52:577 - BloquearMouseTeclado: SIM
-- 28/12 11:54:52:577 - InfoECF: ineEstadoECF
-- 28/12 11:54:52:580 -     Ret: L
-- 28/12 11:54:52:580 - PagGo DoExibeMsg: Oper: opmExibirMsgOperador Mensagem: TRANSACAO AUTORIZADA
-- 28/12 11:54:54:607 - PagGo ComandarECF: Oper: opeAbreGerencial
-- 28/12 11:54:54:609 - PagGo ECFImprimeVia: trGerencial Via: 1
-- 28/12 11:54:55:792 - PagGo ComandarECF: Oper: opePulaLinhas
-- 28/12 11:54:57:794 - PagGo DoExibeMsg: Oper: opmDestaqueVia Mensagem: Destaque a 2ª Via
-- 28/12 11:54:59:796 - PagGo ECFImprimeVia: trGerencial Via: 2
-- 28/12 11:55:00:937 - PagGo ComandarECF: Oper: opeFechaGerencial
-- 28/12 11:55:00:939 - PagGo DoExibeMsg: Oper: opmRemoverMsgOperador Mensagem: 
-- 28/12 11:55:02:939 - PagGo DoExibeMsg: Oper: opmRemoverMsgCliente Mensagem: 
-- 28/12 11:55:04:940 - BloquearMouseTeclado: NAO
-- 28/12 11:55:13:898 - PagGo FinalizarResposta: ADM
-- 28/12 14:51:28:426 - PagGo DesInicializado
-- 28/12 14:51:44:291 - PagGo Inicializado
-- 28/12 14:54:20:666 - PagGo CancelarTransacoesPendentesClass 
-- 28/12 14:58:25:250 - PagGo IniciarRequisicao: NCN
-- 28/12 14:58:25:250 - PagGo IniciarRequisicao: ATV
-- 28/12 14:58:25:250 - PagGo FinalizarRequisicao: ATV, Fechando arquivo: C:\PAYGO\REQ\intpos.tmp
-- 28/12 14:58:25:250 - PagGo FinalizarRequisicao: ATV, Renomeando: C:\PAYGO\REQ\intpos.tmp para: C:\PAYGO\REQ\intpos.001
-- 28/12 14:58:25:250 - PagGo FinalizarRequisicao: ATV, Aguardando: C:\PAYGO\RESP\intpos.sts
-- 28/12 14:58:25:391 - PagGo FinalizarRequisicao: ATV, Fim da Espera de: C:\PAYGO\RESP\intpos.sts Recebido
-- 28/12 14:58:25:391 - PagGo FinalizarRequisicao: ATV, Verificando conteudo de: C:\PAYGO\RESP\intpos.sts
-- 28/12 14:58:25:391 - PagGo FinalizarRequisicao: NCN, Fechando arquivo: C:\PAYGO\REQ\intpos.tmp
-- 28/12 14:58:25:391 - PagGo FinalizarRequisicao: NCN, Renomeando: C:\PAYGO\REQ\intpos.tmp para: C:\PAYGO\REQ\intpos.001
-- 28/12 14:58:25:391 - PagGo FinalizarRequisicao: NCN, Aguardando: C:\PAYGO\RESP\intpos.sts
-- 28/12 14:58:26:077 - PagGo FinalizarRequisicao: NCN, Fim da Espera de: C:\PAYGO\RESP\intpos.sts Recebido
-- 28/12 14:58:26:077 - PagGo FinalizarRequisicao: NCN, Verificando conteudo de: C:\PAYGO\RESP\intpos.sts
-- 28/12 14:58:26:077 - PagGo DoExibeMsg: Oper: opmOK Mensagem: Última Transação TEF foi cancelada

Rede: DEMO
NSU: 425621
Valor: 1,00
-- 28/12 14:59:05:200 - PagGo IniciarRequisicao: ATV
-- 28/12 14:59:05:200 - PagGo FinalizarRequisicao: ATV, Fechando arquivo: C:\PAYGO\REQ\intpos.tmp
-- 28/12 14:59:05:200 - PagGo FinalizarRequisicao: ATV, Renomeando: C:\PAYGO\REQ\intpos.tmp para: C:\PAYGO\REQ\intpos.001
-- 28/12 14:59:05:200 - PagGo FinalizarRequisicao: ATV, Aguardando: C:\PAYGO\RESP\intpos.sts
-- 28/12 14:59:05:606 - PagGo FinalizarRequisicao: ATV, Fim da Espera de: C:\PAYGO\RESP\intpos.sts Recebido
-- 28/12 14:59:05:606 - PagGo FinalizarRequisicao: ATV, Verificando conteudo de: C:\PAYGO\RESP\intpos.sts
-- 09/01 12:02:29:156 - PagGo DesInicializado
-- 09/01 12:02:29:160 - PagGo Inicializado
-- 09/01 12:02:29:161 - PagGo CancelarTransacoesPendentesClass 
-- 09/01 12:02:29:162 - PagGo IniciarRequisicao: ATV
-- 09/01 12:02:29:166 - PagGo FinalizarRequisicao: ATV, Fechando arquivo: C:\PAYGO\REQ\intpos.tmp
-- 09/01 12:02:29:170 - PagGo FinalizarRequisicao: ATV, Renomeando: C:\PAYGO\REQ\intpos.tmp para: C:\PAYGO\REQ\intpos.001
-- 09/01 12:02:29:172 - PagGo FinalizarRequisicao: ATV, Aguardando: C:\PAYGO\RESP\intpos.sts
-- 09/01 12:02:29:622 - PagGo FinalizarRequisicao: ATV, Fim da Espera de: C:\PAYGO\RESP\intpos.sts Recebido
-- 09/01 12:02:29:622 - PagGo FinalizarRequisicao: ATV, Verificando conteudo de: C:\PAYGO\RESP\intpos.sts
-- 09/01 12:03:32:529 - InfoECF: ineEstadoECF
-- 09/01 12:03:35:875 -     Ret: N
-- 09/01 12:03:35:877 - InfoECF: ineSubTotal
-- 09/01 12:03:35:880 -     Ret: 40
-- 09/01 12:03:35:880 - InfoECF: ineTotalAPagar
-- 09/01 12:03:35:883 -     Ret: 0
-- 09/01 12:05:22:346 - PagGo IniciarRequisicao: CRT
-- 09/01 12:05:22:357 - ConfirmarTransacoesAnteriores
-- 09/01 12:05:22:357 - PagGo IniciarRequisicao: ATV
-- 09/01 12:05:22:360 - PagGo FinalizarRequisicao: ATV, Fechando arquivo: C:\PAYGO\REQ\intpos.tmp
-- 09/01 12:05:22:365 - PagGo FinalizarRequisicao: ATV, Renomeando: C:\PAYGO\REQ\intpos.tmp para: C:\PAYGO\REQ\intpos.001
-- 09/01 12:05:22:366 - PagGo FinalizarRequisicao: ATV, Aguardando: C:\PAYGO\RESP\intpos.sts
-- 09/01 12:05:22:627 - PagGo FinalizarRequisicao: ATV, Fim da Espera de: C:\PAYGO\RESP\intpos.sts Recebido
-- 09/01 12:05:22:628 - PagGo FinalizarRequisicao: ATV, Verificando conteudo de: C:\PAYGO\RESP\intpos.sts
-- 09/01 12:05:37:639 - PagGo FinalizarRequisicao: CRT, Fechando arquivo: C:\PAYGO\REQ\intpos.tmp
-- 09/01 12:05:37:644 - PagGo FinalizarRequisicao: CRT, Renomeando: C:\PAYGO\REQ\intpos.tmp para: C:\PAYGO\REQ\intpos.001
-- 09/01 12:05:37:646 - PagGo FinalizarRequisicao: CRT, Aguardando: C:\PAYGO\RESP\intpos.sts
-- 09/01 12:05:37:916 - PagGo FinalizarRequisicao: CRT, Fim da Espera de: C:\PAYGO\RESP\intpos.sts Recebido
-- 09/01 12:05:37:916 - PagGo FinalizarRequisicao: CRT, Verificando conteudo de: C:\PAYGO\RESP\intpos.sts
-- 09/01 12:05:37:924 - PagGo LerRespostaRequisicao: CRT, Aguardando: C:\PAYGO\RESP\intpos.001
-- 09/01 12:06:46:205 - PagGo LerRespostaRequisicao: CRT, Fim da Espera de: C:\PAYGO\RESP\intpos.001 Recebido
-- 09/01 12:06:46:205 - PagGo LerRespostaRequisicao: CRT, Verificando conteudo de: C:\PAYGO\RESP\intpos.001
-- 09/01 12:06:46:211 - PagGo ProcessarRespostaPagamento: CRT - 43351 Indice: 02 Valor:40,00
-- 09/01 12:06:46:212 -  CopiarResposta: CRT - 43351 Arq: C:\projetos.vcl\apps\tecsoft\ACBr_PagGo_001.tef
-- 09/01 12:06:46:217 - PagGo FinalizarResposta: CRT
-- 09/01 12:06:46:217 - FinalizarCupom
-- 09/01 12:06:46:217 - BloquearMouseTeclado: SIM
-- 09/01 12:06:46:217 - InfoECF: ineEstadoECF
-- 09/01 12:06:46:220 -     Ret: L
-- 09/01 12:06:46:220 - ImprimirTransacoesPendentes
-- 09/01 12:06:46:220 - InfoECF: ineEstadoECF
-- 09/01 12:06:46:222 -     Ret: L
-- 09/01 12:06:46:222 - BloquearMouseTeclado: SIM
-- 09/01 12:06:46:222 - PagGo DoExibeMsg: Oper: opmExibirMsgOperador Mensagem: TRANSACAO AUTORIZADA
-- 09/01 12:06:48:227 - PagGo ECFAbreVinculado: COO:  Indice: 02 Valor: 40,00
-- 09/01 12:06:48:228 - PagGo ECFImprimeVia: trVinculado Via: 1
-- 09/01 12:06:48:971 - PagGo ComandarECF: Oper: opePulaLinhas
-- 09/01 12:06:50:973 - PagGo DoExibeMsg: Oper: opmDestaqueVia Mensagem: Destaque a 1ª Via
-- 09/01 12:06:52:983 - PagGo ECFImprimeVia: trVinculado Via: 2
-- 09/01 12:06:53:425 - PagGo DoExibeMsg: Oper: opmRemoverMsgOperador Mensagem: 
-- 09/01 12:06:55:425 - PagGo DoExibeMsg: Oper: opmRemoverMsgCliente Mensagem: 
-- 09/01 12:06:57:432 - PagGo ComandarECF: Oper: opeFechaVinculado
-- 09/01 12:06:57:434 - ConfirmarTransacoesPendentes
-- 09/01 12:06:57:434 - PagGo IniciarRequisicao: CNF
-- 09/01 12:06:57:434 - PagGo IniciarRequisicao: ATV
-- 09/01 12:06:57:437 - PagGo FinalizarRequisicao: ATV, Fechando arquivo: C:\PAYGO\REQ\intpos.tmp
-- 09/01 12:06:57:441 - PagGo FinalizarRequisicao: ATV, Renomeando: C:\PAYGO\REQ\intpos.tmp para: C:\PAYGO\REQ\intpos.001
-- 09/01 12:06:57:442 - PagGo FinalizarRequisicao: ATV, Aguardando: C:\PAYGO\RESP\intpos.sts
-- 09/01 12:06:57:882 - PagGo FinalizarRequisicao: ATV, Fim da Espera de: C:\PAYGO\RESP\intpos.sts Recebido
-- 09/01 12:06:57:882 - PagGo FinalizarRequisicao: ATV, Verificando conteudo de: C:\PAYGO\RESP\intpos.sts
-- 09/01 12:06:57:885 - PagGo FinalizarRequisicao: CNF, Fechando arquivo: C:\PAYGO\REQ\intpos.tmp
-- 09/01 12:06:57:888 - PagGo FinalizarRequisicao: CNF, Renomeando: C:\PAYGO\REQ\intpos.tmp para: C:\PAYGO\REQ\intpos.001
-- 09/01 12:06:57:889 - PagGo FinalizarRequisicao: CNF, Aguardando: C:\PAYGO\RESP\intpos.sts
-- 09/01 12:06:58:549 - PagGo FinalizarRequisicao: CNF, Fim da Espera de: C:\PAYGO\RESP\intpos.sts Recebido
-- 09/01 12:06:58:549 - PagGo FinalizarRequisicao: CNF, Verificando conteudo de: C:\PAYGO\RESP\intpos.sts
-- 09/01 12:06:58:550 - BloquearMouseTeclado: NAO
-- 07/02 13:03:56:092 - PagGo DesInicializado
-- 07/02 13:03:56:479 - PagGo Inicializado
-- 07/02 13:03:56:480 - PagGo CancelarTransacoesPendentesClass 
-- 07/02 13:03:56:481 - PagGo IniciarRequisicao: ATV
-- 07/02 13:03:56:485 - PagGo FinalizarRequisicao: ATV, Fechando arquivo: C:\PAYGO\REQ\intpos.tmp
-- 07/02 13:03:56:490 - PagGo FinalizarRequisicao: ATV, Renomeando: C:\PAYGO\REQ\intpos.tmp para: C:\PAYGO\REQ\intpos.001
-- 07/02 13:03:56:491 - PagGo FinalizarRequisicao: ATV, Aguardando: C:\PAYGO\RESP\intpos.sts
-- 07/02 13:03:56:951 - PagGo FinalizarRequisicao: ATV, Fim da Espera de: C:\PAYGO\RESP\intpos.sts Recebido
-- 07/02 13:03:56:951 - PagGo FinalizarRequisicao: ATV, Verificando conteudo de: C:\PAYGO\RESP\intpos.sts
-- 07/02 13:17:05:179 - PagGo DesInicializado
-- 07/02 13:17:05:185 - PagGo Inicializado
-- 07/02 13:17:05:185 - PagGo CancelarTransacoesPendentesClass 
-- 07/02 13:17:05:186 - PagGo IniciarRequisicao: ATV
-- 07/02 13:17:05:189 - PagGo FinalizarRequisicao: ATV, Fechando arquivo: C:\TEF_Dial\Req\intpos.tmp
-- 07/02 13:17:05:192 - PagGo FinalizarRequisicao: ATV, Renomeando: C:\TEF_Dial\Req\intpos.tmp para: C:\TEF_Dial\Req\intpos.001
-- 07/02 13:17:05:193 - PagGo FinalizarRequisicao: ATV, Aguardando: C:\TEF_Dial\Resp\intpos.sts
-- 07/02 13:17:05:663 - PagGo FinalizarRequisicao: ATV, Fim da Espera de: C:\TEF_Dial\Resp\intpos.sts Recebido
-- 07/02 13:17:05:663 - PagGo FinalizarRequisicao: ATV, Verificando conteudo de: C:\TEF_Dial\Resp\intpos.sts
-- 16/02 14:43:54:908 - PagGo DesInicializado
-- 16/02 14:43:54:912 - PagGo Inicializado
-- 16/02 14:43:54:912 - PagGo CancelarTransacoesPendentesClass 
-- 16/02 14:43:54:913 - PagGo IniciarRequisicao: ATV
-- 16/02 14:48:32:022 - PagGo DesInicializado
-- 16/02 14:48:32:026 - PagGo Inicializado
-- 16/02 14:48:32:027 - PagGo CancelarTransacoesPendentesClass 
-- 16/02 14:48:32:028 - PagGo IniciarRequisicao: ATV
-- 16/02 14:48:32:625 - PagGo FinalizarRequisicao: ATV, Fechando arquivo: C:\TEF_Dial\Req\intpos.tmp
-- 16/02 14:48:32:630 - PagGo FinalizarRequisicao: ATV, Renomeando: C:\TEF_Dial\Req\intpos.tmp para: C:\TEF_Dial\Req\intpos.001
-- 16/02 14:48:32:632 - PagGo FinalizarRequisicao: ATV, Aguardando: C:\TEF_Dial\Resp\intpos.sts
-- 16/02 14:48:32:932 - PagGo FinalizarRequisicao: ATV, Fim da Espera de: C:\TEF_Dial\Resp\intpos.sts Recebido
-- 16/02 14:48:32:932 - PagGo FinalizarRequisicao: ATV, Verificando conteudo de: C:\TEF_Dial\Resp\intpos.sts
-- 16/02 14:50:19:574 - InfoECF: ineEstadoECF
-- 16/02 14:50:23:103 -     Ret: N
-- 16/02 14:50:27:967 - InfoECF: ineSubTotal
-- 16/02 14:50:43:821 -     Ret: 155
-- 16/02 14:50:52:317 - InfoECF: ineTotalAPagar
-- 16/02 14:51:06:476 -     Ret: 0
-- 16/02 14:51:49:558 - PagGo IniciarRequisicao: CRT
-- 16/02 14:51:49:559 - ConfirmarTransacoesAnteriores
-- 16/02 14:51:49:559 - PagGo IniciarRequisicao: ATV
-- 16/02 14:51:50:787 - PagGo FinalizarRequisicao: ATV, Fechando arquivo: C:\TEF_Dial\Req\intpos.tmp
-- 16/02 14:51:50:791 - PagGo FinalizarRequisicao: ATV, Renomeando: C:\TEF_Dial\Req\intpos.tmp para: C:\TEF_Dial\Req\intpos.001
-- 16/02 14:51:50:792 - PagGo FinalizarRequisicao: ATV, Aguardando: C:\TEF_Dial\Resp\intpos.sts
-- 16/02 14:51:51:283 - PagGo FinalizarRequisicao: ATV, Fim da Espera de: C:\TEF_Dial\Resp\intpos.sts Recebido
-- 16/02 14:51:51:283 - PagGo FinalizarRequisicao: ATV, Verificando conteudo de: C:\TEF_Dial\Resp\intpos.sts
-- 16/02 14:51:53:165 - PagGo FinalizarRequisicao: CRT, Fechando arquivo: C:\TEF_Dial\Req\intpos.tmp
-- 16/02 14:51:53:170 - PagGo FinalizarRequisicao: CRT, Renomeando: C:\TEF_Dial\Req\intpos.tmp para: C:\TEF_Dial\Req\intpos.001
-- 16/02 14:51:53:171 - PagGo FinalizarRequisicao: CRT, Aguardando: C:\TEF_Dial\Resp\intpos.sts
-- 16/02 14:51:53:362 - PagGo FinalizarRequisicao: CRT, Fim da Espera de: C:\TEF_Dial\Resp\intpos.sts Recebido
-- 16/02 14:51:53:362 - PagGo FinalizarRequisicao: CRT, Verificando conteudo de: C:\TEF_Dial\Resp\intpos.sts
-- 16/02 14:51:53:363 - PagGo LerRespostaRequisicao: CRT, Aguardando: C:\TEF_Dial\Resp\intpos.001
-- 16/02 14:56:11:515 - PagGo LerRespostaRequisicao: CRT, Fim da Espera de: C:\TEF_Dial\Resp\intpos.001 Recebido
-- 16/02 14:56:11:515 - PagGo LerRespostaRequisicao: CRT, Verificando conteudo de: C:\TEF_Dial\Resp\intpos.001
-- 16/02 14:56:11:516 - PagGo ProcessarRespostaPagamento: CRT - 53310 Indice: 02 Valor:155,00
-- 16/02 14:56:11:517 - PagGo ProcessarResposta: CRT
-- 16/02 14:56:11:517 - PagGo DoExibeMsg: Oper: opmOK Mensagem: ERRO PINPAD [-2580]
-- 16/02 14:56:15:132 - PagGo FinalizarResposta: CRT
-- 16/02 14:56:45:675 - InfoECF: ineEstadoECF
-- 16/02 14:56:45:808 -     Ret: N
-- 16/02 14:56:45:934 - InfoECF: ineSubTotal
-- 16/02 14:56:46:197 -     Ret: 155
-- 16/02 14:56:46:330 - InfoECF: ineTotalAPagar
-- 16/02 14:56:46:572 -     Ret: 0
-- 16/02 14:56:46:926 - PagGo IniciarRequisicao: CRT
-- 16/02 14:56:46:928 - ConfirmarTransacoesAnteriores
-- 16/02 14:56:46:930 - PagGo IniciarRequisicao: ATV
-- 16/02 14:56:47:046 - PagGo FinalizarRequisicao: ATV, Fechando arquivo: C:\TEF_Dial\Req\intpos.tmp
-- 16/02 14:56:47:050 - PagGo FinalizarRequisicao: ATV, Renomeando: C:\TEF_Dial\Req\intpos.tmp para: C:\TEF_Dial\Req\intpos.001
-- 16/02 14:56:47:052 - PagGo FinalizarRequisicao: ATV, Aguardando: C:\TEF_Dial\Resp\intpos.sts
-- 16/02 14:56:47:062 - PagGo FinalizarRequisicao: ATV, Fim da Espera de: C:\TEF_Dial\Resp\intpos.sts Recebido
-- 16/02 14:56:47:072 - PagGo FinalizarRequisicao: ATV, Verificando conteudo de: C:\TEF_Dial\Resp\intpos.sts
-- 16/02 14:56:47:189 - PagGo FinalizarRequisicao: CRT, Fechando arquivo: C:\TEF_Dial\Req\intpos.tmp
-- 16/02 14:56:47:195 - PagGo FinalizarRequisicao: CRT, Renomeando: C:\TEF_Dial\Req\intpos.tmp para: C:\TEF_Dial\Req\intpos.001
-- 16/02 14:56:47:197 - PagGo FinalizarRequisicao: CRT, Aguardando: C:\TEF_Dial\Resp\intpos.sts
-- 16/02 14:56:47:608 - PagGo FinalizarRequisicao: CRT, Fim da Espera de: C:\TEF_Dial\Resp\intpos.sts Recebido
-- 16/02 14:56:47:608 - PagGo FinalizarRequisicao: CRT, Verificando conteudo de: C:\TEF_Dial\Resp\intpos.sts
-- 16/02 14:56:47:611 - PagGo LerRespostaRequisicao: CRT, Aguardando: C:\TEF_Dial\Resp\intpos.001
-- 16/02 14:59:41:517 - PagGo LerRespostaRequisicao: CRT, Fim da Espera de: C:\TEF_Dial\Resp\intpos.001 Recebido
-- 16/02 14:59:41:519 - PagGo LerRespostaRequisicao: CRT, Verificando conteudo de: C:\TEF_Dial\Resp\intpos.001
-- 16/02 14:59:41:526 - PagGo ProcessarRespostaPagamento: CRT - 53312 Indice: 02 Valor:155,00
-- 16/02 14:59:41:528 - PagGo ProcessarResposta: CRT
-- 16/02 14:59:41:529 - PagGo DoExibeMsg: Oper: opmOK Mensagem: OPERACAO CANCELADA
-- 16/02 14:59:44:754 - PagGo FinalizarResposta: CRT
-- 20/02 14:04:59:335 - PagGo DesInicializado
-- 20/02 14:06:20:623 - PagGo Inicializado
-- 20/02 14:06:29:545 - PagGo CancelarTransacoesPendentesClass 
-- 20/02 14:06:54:100 - PagGo IniciarRequisicao: ATV
-- 20/02 14:10:25:149 - PagGo FinalizarRequisicao: ATV, Fechando arquivo: C:\TEF_Dial\Req\intpos.tmp
-- 20/02 14:11:39:455 - PagGo FinalizarRequisicao: ATV, Renomeando: C:\TEF_Dial\Req\intpos.tmp para: C:\TEF_Dial\Req\intpos.001
-- 20/02 14:12:05:696 - PagGo FinalizarRequisicao: ATV, Aguardando: C:\TEF_Dial\Resp\intpos.sts
-- 20/02 14:12:06:788 - PagGo FinalizarRequisicao: ATV, Fim da Espera de: C:\TEF_Dial\Resp\intpos.sts Recebido
-- 20/02 14:12:06:789 - PagGo FinalizarRequisicao: ATV, Verificando conteudo de: C:\TEF_Dial\Resp\intpos.sts
-- 20/02 15:47:36:343 - PagGo DesInicializado
-- 20/02 15:47:39:151 - PagGo Inicializado
-- 20/02 15:47:39:151 - PagGo CancelarTransacoesPendentesClass 
-- 20/02 15:47:39:589 - PagGo IniciarRequisicao: ATV
-- 20/02 15:47:43:614 - PagGo FinalizarRequisicao: ATV, Fechando arquivo: C:\TEF_Dial\Req\intpos.tmp
-- 20/02 15:47:43:817 - PagGo FinalizarRequisicao: ATV, Renomeando: C:\TEF_Dial\Req\intpos.tmp para: C:\TEF_Dial\Req\intpos.001
-- 20/02 15:47:43:863 - PagGo FinalizarRequisicao: ATV, Aguardando: C:\TEF_Dial\Resp\intpos.sts
-- 20/02 15:47:43:973 - PagGo FinalizarRequisicao: ATV, Fim da Espera de: C:\TEF_Dial\Resp\intpos.sts Recebido
-- 20/02 15:47:43:973 - PagGo FinalizarRequisicao: ATV, Verificando conteudo de: C:\TEF_Dial\Resp\intpos.sts
-- 20/02 15:49:10:759 - InfoECF: ineEstadoECF
-- 20/02 15:49:10:790 -     Ret: N
-- 20/02 15:49:10:790 - InfoECF: ineSubTotal
-- 20/02 15:49:10:821 -     Ret: 200
-- 20/02 15:49:10:821 - InfoECF: ineTotalAPagar
-- 20/02 15:49:10:852 -     Ret: 0
-- 20/02 15:49:16:546 - PagGo IniciarRequisicao: CRT
-- 20/02 15:49:25:414 - ConfirmarTransacoesAnteriores
-- 20/02 15:49:26:306 - PagGo IniciarRequisicao: ATV
-- 20/02 15:49:37:569 - PagGo FinalizarRequisicao: ATV, Fechando arquivo: C:\TEF_Dial\Req\intpos.tmp
-- 20/02 15:49:45:765 - PagGo FinalizarRequisicao: ATV, Renomeando: C:\TEF_Dial\Req\intpos.tmp para: C:\TEF_Dial\Req\intpos.001
-- 20/02 15:49:46:903 - PagGo FinalizarRequisicao: ATV, Aguardando: C:\TEF_Dial\Resp\intpos.sts
-- 20/02 15:49:47:122 - PagGo FinalizarRequisicao: ATV, Fim da Espera de: C:\TEF_Dial\Resp\intpos.sts Recebido
-- 20/02 15:49:47:122 - PagGo FinalizarRequisicao: ATV, Verificando conteudo de: C:\TEF_Dial\Resp\intpos.sts
-- 20/02 15:51:16:533 - PagGo FinalizarRequisicao: CRT, Fechando arquivo: C:\TEF_Dial\Req\intpos.tmp
-- 20/02 15:52:11:892 - PagGo FinalizarRequisicao: CRT, Renomeando: C:\TEF_Dial\Req\intpos.tmp para: C:\TEF_Dial\Req\intpos.001
-- 20/02 15:53:13:742 - PagGo FinalizarRequisicao: CRT, Aguardando: C:\TEF_Dial\Resp\intpos.sts
-- 20/02 15:53:13:945 - PagGo FinalizarRequisicao: CRT, Fim da Espera de: C:\TEF_Dial\Resp\intpos.sts Recebido
-- 20/02 15:53:13:945 - PagGo FinalizarRequisicao: CRT, Verificando conteudo de: C:\TEF_Dial\Resp\intpos.sts
-- 20/02 15:53:32:770 - PagGo LerRespostaRequisicao: CRT, Aguardando: C:\TEF_Dial\Resp\intpos.001
-- 20/02 15:53:32:785 - PagGo LerRespostaRequisicao: CRT, Fim da Espera de: C:\TEF_Dial\Resp\intpos.001 Recebido
-- 20/02 15:53:32:785 - PagGo LerRespostaRequisicao: CRT, Verificando conteudo de: C:\TEF_Dial\Resp\intpos.001
-- 20/02 15:53:34:455 - PagGo ProcessarRespostaPagamento: CRT - 56838 Indice: 02 Valor:200,00
-- 20/02 15:53:34:455 -  CopiarResposta: CRT - 56838 Arq: C:\projetos.vcl\apps\tecsoft\ACBr_PagGo_001.tef
-- 20/02 15:53:36:249 - PagGo FinalizarResposta: CRT
-- 20/02 15:53:36:249 - FinalizarCupom
-- 20/02 15:53:36:249 - BloquearMouseTeclado: SIM
-- 20/02 15:53:36:249 - InfoECF: ineEstadoECF
-- 20/02 15:53:36:280 -     Ret: L
-- 20/02 15:53:36:280 - ImprimirTransacoesPendentes
-- 20/02 15:53:36:280 - InfoECF: ineEstadoECF
-- 20/02 15:53:36:311 -     Ret: L
-- 20/02 15:53:36:311 - BloquearMouseTeclado: SIM
-- 20/02 15:53:36:311 - PagGo DoExibeMsg: Oper: opmExibirMsgOperador Mensagem: AUTORIZADA 002661
-- 20/02 15:53:38:323 - PagGo ECFAbreVinculado: COO:  Indice: 02 Valor: 200,00
-- 20/02 15:53:38:339 - PagGo ECFImprimeVia: trVinculado Via: 1
-- 20/02 15:53:39:072 - PagGo ComandarECF: Oper: opePulaLinhas
-- 20/02 15:53:41:116 - PagGo DoExibeMsg: Oper: opmDestaqueVia Mensagem: Destaque a 1ª Via
-- 20/02 15:53:43:128 - PagGo ECFImprimeVia: trVinculado Via: 2
-- 20/02 15:53:43:565 - PagGo DoExibeMsg: Oper: opmRemoverMsgOperador Mensagem: 
-- 20/02 15:53:45:577 - PagGo DoExibeMsg: Oper: opmRemoverMsgCliente Mensagem: 
-- 20/02 15:53:47:590 - PagGo ComandarECF: Oper: opeFechaVinculado
-- 20/02 15:53:47:621 - ConfirmarTransacoesPendentes
-- 20/02 15:53:55:078 - PagGo IniciarRequisicao: CNF
-- 20/02 15:53:55:686 - PagGo IniciarRequisicao: ATV
-- 20/02 15:53:56:232 - PagGo FinalizarRequisicao: ATV, Fechando arquivo: C:\TEF_Dial\Req\intpos.tmp
-- 20/02 15:53:56:451 - PagGo FinalizarRequisicao: ATV, Renomeando: C:\TEF_Dial\Req\intpos.tmp para: C:\TEF_Dial\Req\intpos.001
-- 20/02 15:53:56:497 - PagGo FinalizarRequisicao: ATV, Aguardando: C:\TEF_Dial\Resp\intpos.sts
-- 20/02 15:53:56:560 - PagGo FinalizarRequisicao: ATV, Fim da Espera de: C:\TEF_Dial\Resp\intpos.sts Recebido
-- 20/02 15:53:56:560 - PagGo FinalizarRequisicao: ATV, Verificando conteudo de: C:\TEF_Dial\Resp\intpos.sts
-- 20/02 15:53:57:028 - PagGo FinalizarRequisicao: CNF, Fechando arquivo: C:\TEF_Dial\Req\intpos.tmp
-- 20/02 15:53:57:231 - PagGo FinalizarRequisicao: CNF, Renomeando: C:\TEF_Dial\Req\intpos.tmp para: C:\TEF_Dial\Req\intpos.001
-- 20/02 15:53:57:262 - PagGo FinalizarRequisicao: CNF, Aguardando: C:\TEF_Dial\Resp\intpos.sts
-- 20/02 15:53:57:324 - PagGo FinalizarRequisicao: CNF, Fim da Espera de: C:\TEF_Dial\Resp\intpos.sts Recebido
-- 20/02 15:53:57:324 - PagGo FinalizarRequisicao: CNF, Verificando conteudo de: C:\TEF_Dial\Resp\intpos.sts
-- 20/02 15:53:57:402 - BloquearMouseTeclado: NAO
-- 20/02 17:26:02:491 - PagGo DesInicializado
-- 20/02 17:26:02:495 - PagGo Inicializado
-- 20/02 17:26:02:496 - PagGo CancelarTransacoesPendentesClass 
-- 20/02 17:26:02:497 - PagGo IniciarRequisicao: ATV
-- 23/02 15:58:42:467 - PagGo DesInicializado
-- 23/02 15:58:42:471 - PagGo Inicializado
-- 23/02 15:58:42:471 - PagGo CancelarTransacoesPendentesClass 
-- 23/02 15:58:42:472 - PagGo IniciarRequisicao: ATV
-- 23/02 15:58:42:474 - PagGo FinalizarRequisicao: ATV, Fechando arquivo: C:\TEF_Dial\Req\intpos.tmp
-- 23/02 15:58:42:477 - PagGo FinalizarRequisicao: ATV, Renomeando: C:\TEF_Dial\Req\intpos.tmp para: C:\TEF_Dial\Req\intpos.001
-- 23/02 15:58:42:478 - PagGo FinalizarRequisicao: ATV, Aguardando: C:\TEF_Dial\Resp\intpos.sts
-- 23/02 15:58:42:488 - PagGo FinalizarRequisicao: ATV, Fim da Espera de: C:\TEF_Dial\Resp\intpos.sts Recebido
-- 23/02 15:58:42:488 - PagGo FinalizarRequisicao: ATV, Verificando conteudo de: C:\TEF_Dial\Resp\intpos.sts
-- 23/02 16:00:00:268 - InfoECF: ineEstadoECF
-- 23/02 16:00:00:271 -     Ret: N
-- 23/02 16:00:00:271 - InfoECF: ineSubTotal
-- 23/02 16:00:00:274 -     Ret: 200
-- 23/02 16:00:00:274 - InfoECF: ineTotalAPagar
-- 23/02 16:00:00:277 -     Ret: 0
-- 23/02 16:00:00:277 - PagGo IniciarRequisicao: CRT
-- 23/02 16:00:00:277 - ConfirmarTransacoesAnteriores
-- 23/02 16:00:00:278 - PagGo IniciarRequisicao: ATV
-- 23/02 16:00:00:280 - PagGo FinalizarRequisicao: ATV, Fechando arquivo: C:\TEF_Dial\Req\intpos.tmp
-- 23/02 16:00:00:282 - PagGo FinalizarRequisicao: ATV, Renomeando: C:\TEF_Dial\Req\intpos.tmp para: C:\TEF_Dial\Req\intpos.001
-- 23/02 16:00:00:283 - PagGo FinalizarRequisicao: ATV, Aguardando: C:\TEF_Dial\Resp\intpos.sts
-- 23/02 16:00:00:393 - PagGo FinalizarRequisicao: ATV, Fim da Espera de: C:\TEF_Dial\Resp\intpos.sts Recebido
-- 23/02 16:00:00:393 - PagGo FinalizarRequisicao: ATV, Verificando conteudo de: C:\TEF_Dial\Resp\intpos.sts
-- 23/02 16:00:00:397 - PagGo FinalizarRequisicao: CRT, Fechando arquivo: C:\TEF_Dial\Req\intpos.tmp
-- 23/02 16:00:00:400 - PagGo FinalizarRequisicao: CRT, Renomeando: C:\TEF_Dial\Req\intpos.tmp para: C:\TEF_Dial\Req\intpos.001
-- 23/02 16:00:00:401 - PagGo FinalizarRequisicao: CRT, Aguardando: C:\TEF_Dial\Resp\intpos.sts
-- 23/02 16:00:00:652 - PagGo FinalizarRequisicao: CRT, Fim da Espera de: C:\TEF_Dial\Resp\intpos.sts Recebido
-- 23/02 16:00:00:652 - PagGo FinalizarRequisicao: CRT, Verificando conteudo de: C:\TEF_Dial\Resp\intpos.sts
-- 23/02 16:00:00:659 - PagGo LerRespostaRequisicao: CRT, Aguardando: C:\TEF_Dial\Resp\intpos.001
-- 23/02 16:00:11:872 - PagGo LerRespostaRequisicao: CRT, Fim da Espera de: C:\TEF_Dial\Resp\intpos.001 Recebido
-- 23/02 16:00:11:872 - PagGo LerRespostaRequisicao: CRT, Verificando conteudo de: C:\TEF_Dial\Resp\intpos.001
-- 23/02 16:00:11:875 - PagGo ProcessarRespostaPagamento: CRT - 57525 Indice: 02 Valor:200,00
-- 23/02 16:00:11:875 -  CopiarResposta: CRT - 57525 Arq: C:\projetos.vcl\apps\tecsoft\ACBr_PagGo_001.tef
-- 23/02 16:00:11:880 - PagGo FinalizarResposta: CRT
-- 23/02 16:00:11:880 - FinalizarCupom
-- 23/02 16:00:11:881 - BloquearMouseTeclado: SIM
-- 23/02 16:00:11:881 - InfoECF: ineEstadoECF
-- 23/02 16:00:11:884 -     Ret: L
-- 23/02 16:00:11:884 - ImprimirTransacoesPendentes
-- 23/02 16:00:11:885 - InfoECF: ineEstadoECF
-- 23/02 16:00:11:887 -     Ret: L
-- 23/02 16:00:11:887 - BloquearMouseTeclado: SIM
-- 23/02 16:00:11:888 - PagGo DoExibeMsg: Oper: opmExibirMsgOperador Mensagem: AUTORIZADA 007709
-- 23/02 16:00:13:901 - PagGo ECFAbreVinculado: COO:  Indice: 02 Valor: 200,00
-- 23/02 16:00:13:902 - PagGo ECFImprimeVia: trVinculado Via: 1
-- 18/03 15:47:16:785 - PagGo DesInicializado
-- 18/03 15:47:16:789 - PagGo Inicializado
-- 18/03 15:47:16:790 - PagGo CancelarTransacoesPendentesClass 
-- 18/03 15:47:16:791 - PagGo IniciarRequisicao: ATV
-- 18/03 15:47:16:794 - PagGo FinalizarRequisicao: ATV, Fechando arquivo: C:\TEF_Dial\Req\intpos.tmp
-- 18/03 15:47:16:798 - PagGo FinalizarRequisicao: ATV, Renomeando: C:\TEF_Dial\Req\intpos.tmp para: C:\TEF_Dial\Req\intpos.001
-- 18/03 15:47:16:800 - PagGo FinalizarRequisicao: ATV, Aguardando: C:\TEF_Dial\Resp\intpos.sts
-- 18/03 15:47:17:310 - PagGo FinalizarRequisicao: ATV, Fim da Espera de: C:\TEF_Dial\Resp\intpos.sts Recebido
-- 18/03 15:47:17:310 - PagGo FinalizarRequisicao: ATV, Verificando conteudo de: C:\TEF_Dial\Resp\intpos.sts
-- 18/03 15:51:05:238 - PagGo DesInicializado
-- 18/03 15:51:05:241 - PagGo Inicializado
-- 18/03 15:51:05:241 - PagGo CancelarTransacoesPendentesClass 
-- 18/03 15:51:05:243 - PagGo IniciarRequisicao: ATV
-- 18/03 15:51:05:247 - PagGo FinalizarRequisicao: ATV, Fechando arquivo: C:\TEF_Dial\Req\intpos.tmp
-- 18/03 15:51:05:252 - PagGo FinalizarRequisicao: ATV, Renomeando: C:\TEF_Dial\Req\intpos.tmp para: C:\TEF_Dial\Req\intpos.001
-- 18/03 15:51:05:255 - PagGo FinalizarRequisicao: ATV, Aguardando: C:\TEF_Dial\Resp\intpos.sts
-- 18/03 15:51:05:325 - PagGo FinalizarRequisicao: ATV, Fim da Espera de: C:\TEF_Dial\Resp\intpos.sts Recebido
-- 18/03 15:51:05:325 - PagGo FinalizarRequisicao: ATV, Verificando conteudo de: C:\TEF_Dial\Resp\intpos.sts
-- 18/03 15:51:45:372 - PagGo DesInicializado
-- 18/03 15:51:45:375 - PagGo Inicializado
-- 18/03 15:51:45:376 - PagGo CancelarTransacoesPendentesClass 
-- 18/03 15:51:45:381 - PagGo IniciarRequisicao: ATV
-- 18/03 15:51:45:386 - PagGo FinalizarRequisicao: ATV, Fechando arquivo: C:\TEF_Dial\Req\intpos.tmp
-- 18/03 15:51:45:389 - PagGo FinalizarRequisicao: ATV, Renomeando: C:\TEF_Dial\Req\intpos.tmp para: C:\TEF_Dial\Req\intpos.001
-- 18/03 15:51:45:390 - PagGo FinalizarRequisicao: ATV, Aguardando: C:\TEF_Dial\Resp\intpos.sts
-- 18/03 15:51:45:430 - PagGo FinalizarRequisicao: ATV, Fim da Espera de: C:\TEF_Dial\Resp\intpos.sts Recebido
-- 18/03 15:51:45:430 - PagGo FinalizarRequisicao: ATV, Verificando conteudo de: C:\TEF_Dial\Resp\intpos.sts
