"000002","43375930000132","PR","20090506","199","199","NF","2","6101",11125.00,0,0,0.00,11125.00,12.00,1335.00,0.00,0.00,"N",0.00,0.00,0.00,0.00,0.00,0.00,11125.00,"N",0.00,0.00,0.00,"",11125.00,0.00,0.00,0.00,0.00,12.00,0.00,0.00,0.00,0.00,1335.00,0.00,0.00,0.00,0.00,"","","","","",0.00,0.00,0.00,0.00,0.00,0.00,0.00,0.00,0.00,0.00,"P",0,"","",0.00,1,0.00,"",0.00,"",0.00,"",0.00,"",0.00,"",0.00,"",0.00,"",0.00,"",0.00,"",0.00,0.00,0.00,0.00,0.00,0.00,0.00,0.00,0.00,0.00,0.00,0.00,0.00,0.00,0.00,0.00,0.00,0.00,0.00,0.00,0.00,"1","",0,"","",0.00,"",0.00,0.00,"C",0,0,"","P",0,0,0.00,0,"","",0.00,0.00,0.00,0.00,0.00,0.00,0.00,0.00,0.00,0.00,0.00,0.00,0.00,0.00,0.00,0.00,0.00,0.00,0.00,0.00,0.00,0.00,0.00,0.00,0.00,"02876495000142",0.00,0.00,0.00,0.00,0.00,0.00,0.00,0.00,0.00,0.00,0.00,0.00,0.00,0.00,0.00,0.00,0.00,0.00,0.00,0.00,0.00,0.00,0.00,0.00,0.00,0.00,0.00,0.00,0.00
"000003","43375930000485","SP","20090506","200","200","NF","2","6101",34268.65,0,0,0.00,34268.65,12.00,4112.23,0.00,0.00,"N",0.00,0.00,0.00,0.00,0.00,0.00,34268.65,"N",0.00,0.00,0.00,"",34268.65,0.00,0.00,0.00,0.00,12.00,0.00,0.00,0.00,0.00,4112.23,0.00,0.00,0.00,0.00,"","","","","",0.00,0.00,0.00,0.00,0.00,0.00,0.00,0.00,0.00,0.00,"P",0,"","",0.00,1,0.00,"",0.00,"",0.00,"",0.00,"",0.00,"",0.00,"",0.00,"",0.00,"",0.00,"",0.00,0.00,0.00,0.00,0.00,0.00,0.00,0.00,0.00,0.00,0.00,0.00,0.00,0.00,0.00,0.00,0.00,0.00,0.00,0.00,0.00,"1","",0,"","",0.00,"",0.00,0.00,"C",0,0,"","P",0,0,0.00,0,"","",0.00,0.00,0.00,0.00,0.00,0.00,0.00,0.00,0.00,0.00,0.00,0.00,0.00,0.00,0.00,0.00,0.00,0.00,0.00,0.00,0.00,0.00,0.00,0.00,0.00,"02876495000142",0.00,0.00,0.00,0.00,0.00,0.00,0.00,0.00,0.00,0.00,0.00,0.00,0.00,0.00,0.00,0.00,0.00,0.00,0.00,0.00,0.00,0.00,0.00,0.00,0.00,0.00,0.00,0.00,0.00
"000004","45990181000189","SP","20090506","201","201","NF","2","6101",13697.48,0,0,0.00,13697.48,12.00,1643.69,0.00,0.00,"N",0.00,0.00,0.00,0.00,0.00,0.00,13697.48,"N",0.00,0.00,0.00,"",13697.48,0.00,0.00,0.00,0.00,12.00,0.00,0.00,0.00,0.00,1643.69,0.00,0.00,0.00,0.00,"","","","","",0.00,0.00,0.00,0.00,0.00,0.00,0.00,0.00,0.00,0.00,"P",0,"","",0.00,1,0.00,"",0.00,"",0.00,"",0.00,"",0.00,"",0.00,"",0.00,"",0.00,"",0.00,"",0.00,0.00,0.00,0.00,0.00,0.00,0.00,0.00,0.00,0.00,0.00,0.00,0.00,0.00,0.00,0.00,0.00,0.00,0.00,0.00,0.00,"1","",0,"","",0.00,"",0.00,0.00,"C",0,0,"","P",0,0,0.00,0,"","",0.00,0.00,0.00,0.00,0.00,0.00,0.00,0.00,0.00,0.00,0.00,0.00,0.00,0.00,0.00,0.00,0.00,0.00,0.00,0.00,0.00,0.00,0.00,0.00,0.00,"02876495000142",0.00,0.00,0.00,0.00,0.00,0.00,0.00,0.00,0.00,0.00,0.00,0.00,0.00,0.00,0.00,0.00,0.00,0.00,0.00,0.00,0.00,0.00,0.00,0.00,0.00,0.00,0.00,0.00,0.00
"000005","57010662000160","SP","20090506","202","202","NF","2","6101",27936.00,0,0,0.00,27936.00,12.00,3352.32,0.00,0.00,"N",0.00,0.00,0.00,0.00,0.00,0.00,27936.00,"N",0.00,0.00,0.00,"",27936.00,0.00,0.00,0.00,0.00,12.00,0.00,0.00,0.00,0.00,3352.32,0.00,0.00,0.00,0.00,"","","","","",0.00,0.00,0.00,0.00,0.00,0.00,0.00,0.00,0.00,0.00,"P",0,"","",0.00,1,0.00,"",0.00,"",0.00,"",0.00,"",0.00,"",0.00,"",0.00,"",0.00,"",0.00,"",0.00,0.00,0.00,0.00,0.00,0.00,0.00,0.00,0.00,0.00,0.00,0.00,0.00,0.00,0.00,0.00,0.00,0.00,0.00,0.00,0.00,"1","",0,"","",0.00,"",0.00,0.00,"C",0,0,"","P",0,0,0.00,0,"","",0.00,0.00,0.00,0.00,0.00,0.00,0.00,0.00,0.00,0.00,0.00,0.00,0.00,0.00,0.00,0.00,0.00,0.00,0.00,0.00,0.00,0.00,0.00,0.00,0.00,"02876495000142",0.00,0.00,0.00,0.00,0.00,0.00,0.00,0.00,0.00,0.00,0.00,0.00,0.00,0.00,0.00,0.00,0.00,0.00,0.00,0.00,0.00,0.00,0.00,0.00,0.00,0.00,0.00,0.00,0.00
"000006","57010662002880","SP","20090506","203","203","NF","2","6920",642.00,0,0,0.00,0.00,0.00,0.00,642.00,0.00,"N",0.00,0.00,0.00,0.00,0.00,0.00,642.00,"N",0.00,0.00,0.00,"",0.00,0.00,0.00,0.00,0.00,0.00,0.00,0.00,0.00,0.00,0.00,0.00,0.00,0.00,0.00,"","","","","",0.00,0.00,0.00,0.00,0.00,0.00,0.00,0.00,0.00,0.00,"O",0,"","",0.00,1,0.00,"",0.00,"",0.00,"",0.00,"",0.00,"",0.00,"",0.00,"",0.00,"",0.00,"",0.00,0.00,0.00,0.00,0.00,0.00,0.00,0.00,0.00,0.00,0.00,0.00,0.00,0.00,0.00,0.00,0.00,0.00,0.00,0.00,0.00,"1","",0,"","",0.00,"",0.00,0.00,"C",0,0,"","P",0,0,0.00,0,"","",0.00,0.00,0.00,642.00,0.00,0.00,0.00,0.00,0.00,0.00,0.00,0.00,0.00,0.00,0.00,0.00,0.00,0.00,0.00,0.00,0.00,0.00,0.00,0.00,0.00,"02876495000142",0.00,0.00,0.00,0.00,0.00,0.00,0.00,0.00,0.00,0.00,0.00,0.00,0.00,0.00,0.00,0.00,0.00,0.00,0.00,0.00,0.00,0.00,0.00,0.00,0.00,0.00,0.00,0.00,0.00
"000007","57010662002880","SP","20090506","204","204","NF","2","6921",630.00,0,0,0.00,0.00,0.00,0.00,630.00,0.00,"N",0.00,0.00,0.00,0.00,0.00,0.00,630.00,"N",0.00,0.00,0.00,"",0.00,0.00,0.00,0.00,0.00,0.00,0.00,0.00,0.00,0.00,0.00,0.00,0.00,0.00,0.00,"","","","","",0.00,0.00,0.00,0.00,0.00,0.00,0.00,0.00,0.00,0.00,"O",0,"","",0.00,1,0.00,"",0.00,"",0.00,"",0.00,"",0.00,"",0.00,"",0.00,"",0.00,"",0.00,"",0.00,0.00,0.00,0.00,0.00,0.00,0.00,0.00,0.00,0.00,0.00,0.00,0.00,0.00,0.00,0.00,0.00,0.00,0.00,0.00,0.00,"1","",0,"","",0.00,"",0.00,0.00,"C",0,0,"","P",0,0,0.00,0,"","",0.00,0.00,0.00,630.00,0.00,0.00,0.00,0.00,0.00,0.00,0.00,0.00,0.00,0.00,0.00,0.00,0.00,0.00,0.00,0.00,0.00,0.00,0.00,0.00,0.00,"02876495000142",0.00,0.00,0.00,0.00,0.00,0.00,0.00,0.00,0.00,0.00,0.00,0.00,0.00,0.00,0.00,0.00,0.00,0.00,0.00,0.00,0.00,0.00,0.00,0.00,0.00,0.00,0.00,0.00,0.00
"000008","57010662000160","SP","20090506","205","205","NF","2","6101",18379.20,0,0,0.00,18379.20,12.00,2205.50,0.00,0.00,"N",0.00,0.00,0.00,0.00,0.00,0.00,18379.20,"N",0.00,0.00,0.00,"",18379.20,0.00,0.00,0.00,0.00,12.00,0.00,0.00,0.00,0.00,2205.50,0.00,0.00,0.00,0.00,"","","","","",0.00,0.00,0.00,0.00,0.00,0.00,0.00,0.00,0.00,0.00,"P",0,"","",0.00,1,0.00,"",0.00,"",0.00,"",0.00,"",0.00,"",0.00,"",0.00,"",0.00,"",0.00,"",0.00,0.00,0.00,0.00,0.00,0.00,0.00,0.00,0.00,0.00,0.00,0.00,0.00,0.00,0.00,0.00,0.00,0.00,0.00,0.00,0.00,"1","",0,"","",0.00,"",0.00,0.00,"C",0,0,"","P",0,0,0.00,0,"","",0.00,0.00,0.00,0.00,0.00,0.00,0.00,0.00,0.00,0.00,0.00,0.00,0.00,0.00,0.00,0.00,0.00,0.00,0.00,0.00,0.00,0.00,0.00,0.00,0.00,"02876495000142",0.00,0.00,0.00,0.00,0.00,0.00,0.00,0.00,0.00,0.00,0.00,0.00,0.00,0.00,0.00,0.00,0.00,0.00,0.00,0.00,0.00,0.00,0.00,0.00,0.00,0.00,0.00,0.00,0.00
"000009","57010662002880","SP","20090506","206","206","NF","2","6101",3360.00,0,0,0.00,3360.00,12.00,403.20,0.00,0.00,"N",0.00,0.00,0.00,0.00,0.00,0.00,3360.00,"N",0.00,0.00,0.00,"",3360.00,0.00,0.00,0.00,0.00,12.00,0.00,0.00,0.00,0.00,403.20,0.00,0.00,0.00,0.00,"","","","","",0.00,0.00,0.00,0.00,0.00,0.00,0.00,0.00,0.00,0.00,"P",0,"","",0.00,1,0.00,"",0.00,"",0.00,"",0.00,"",0.00,"",0.00,"",0.00,"",0.00,"",0.00,"",0.00,0.00,0.00,0.00,0.00,0.00,0.00,0.00,0.00,0.00,0.00,0.00,0.00,0.00,0.00,0.00,0.00,0.00,0.00,0.00,0.00,"1","",0,"","",0.00,"",0.00,0.00,"C",0,0,"","P",0,0,0.00,0,"","",0.00,0.00,0.00,0.00,0.00,0.00,0.00,0.00,0.00,0.00,0.00,0.00,0.00,0.00,0.00,0.00,0.00,0.00,0.00,0.00,0.00,0.00,0.00,0.00,0.00,"02876495000142",0.00,0.00,0.00,0.00,0.00,0.00,0.00,0.00,0.00,0.00,0.00,0.00,0.00,0.00,0.00,0.00,0.00,0.00,0.00,0.00,0.00,0.00,0.00,0.00,0.00,0.00,0.00,0.00,0.00
"000010","57010662002880","SP","20090506","207","207","NF","2","6920",492.80,0,0,0.00,0.00,0.00,0.00,492.80,0.00,"N",0.00,0.00,0.00,0.00,0.00,0.00,492.80,"N",0.00,0.00,0.00,"",0.00,0.00,0.00,0.00,0.00,0.00,0.00,0.00,0.00,0.00,0.00,0.00,0.00,0.00,0.00,"","","","","",0.00,0.00,0.00,0.00,0.00,0.00,0.00,0.00,0.00,0.00,"O",0,"","",0.00,1,0.00,"",0.00,"",0.00,"",0.00,"",0.00,"",0.00,"",0.00,"",0.00,"",0.00,"",0.00,0.00,0.00,0.00,0.00,0.00,0.00,0.00,0.00,0.00,0.00,0.00,0.00,0.00,0.00,0.00,0.00,0.00,0.00,0.00,0.00,"1","",0,"","",0.00,"",0.00,0.00,"C",0,0,"","P",0,0,0.00,0,"","",0.00,0.00,0.00,492.80,0.00,0.00,0.00,0.00,0.00,0.00,0.00,0.00,0.00,0.00,0.00,0.00,0.00,0.00,0.00,0.00,0.00,0.00,0.00,0.00,0.00,"02876495000142",0.00,0.00,0.00,0.00,0.00,0.00,0.00,0.00,0.00,0.00,0.00,0.00,0.00,0.00,0.00,0.00,0.00,0.00,0.00,0.00,0.00,0.00,0.00,0.00,0.00,0.00,0.00,0.00,0.00
"000011","57010662002880","SP","20090506","208","208","NF","2","6921",251.94,0,0,0.00,0.00,0.00,0.00,251.94,0.00,"N",0.00,0.00,0.00,0.00,0.00,0.00,251.94,"N",0.00,0.00,0.00,"",0.00,0.00,0.00,0.00,0.00,0.00,0.00,0.00,0.00,0.00,0.00,0.00,0.00,0.00,0.00,"","","","","",0.00,0.00,0.00,0.00,0.00,0.00,0.00,0.00,0.00,0.00,"O",0,"","",0.00,1,0.00,"",0.00,"",0.00,"",0.00,"",0.00,"",0.00,"",0.00,"",0.00,"",0.00,"",0.00,0.00,0.00,0.00,0.00,0.00,0.00,0.00,0.00,0.00,0.00,0.00,0.00,0.00,0.00,0.00,0.00,0.00,0.00,0.00,0.00,"1","",0,"","",0.00,"",0.00,0.00,"C",0,0,"","P",0,0,0.00,0,"","",0.00,0.00,0.00,251.94,0.00,0.00,0.00,0.00,0.00,0.00,0.00,0.00,0.00,0.00,0.00,0.00,0.00,0.00,0.00,0.00,0.00,0.00,0.00,0.00,0.00,"02876495000142",0.00,0.00,0.00,0.00,0.00,0.00,0.00,0.00,0.00,0.00,0.00,0.00,0.00,0.00,0.00,0.00,0.00,0.00,0.00,0.00,0.00,0.00,0.00,0.00,0.00,0.00,0.00,0.00,0.00
"000012","57010662002880","SP","20090506","209","209","NF","2","6101",5191.68,0,0,0.00,5191.68,12.00,623.00,0.00,0.00,"N",0.00,0.00,0.00,0.00,0.00,0.00,5191.68,"N",0.00,0.00,0.00,"",5191.68,0.00,0.00,0.00,0.00,12.00,0.00,0.00,0.00,0.00,623.00,0.00,0.00,0.00,0.00,"","","","","",0.00,0.00,0.00,0.00,0.00,0.00,0.00,0.00,0.00,0.00,"P",0,"","",0.00,1,0.00,"",0.00,"",0.00,"",0.00,"",0.00,"",0.00,"",0.00,"",0.00,"",0.00,"",0.00,0.00,0.00,0.00,0.00,0.00,0.00,0.00,0.00,0.00,0.00,0.00,0.00,0.00,0.00,0.00,0.00,0.00,0.00,0.00,0.00,"1","",0,"","",0.00,"",0.00,0.00,"C",0,0,"","P",0,0,0.00,0,"","",0.00,0.00,0.00,0.00,0.00,0.00,0.00,0.00,0.00,0.00,0.00,0.00,0.00,0.00,0.00,0.00,0.00,0.00,0.00,0.00,0.00,0.00,0.00,0.00,0.00,"02876495000142",0.00,0.00,0.00,0.00,0.00,0.00,0.00,0.00,0.00,0.00,0.00,0.00,0.00,0.00,0.00,0.00,0.00,0.00,0.00,0.00,0.00,0.00,0.00,0.00,0.00,0.00,0.00,0.00,0.00
"000013","57010662002880","SP","20090506","210","210","NF","2","6921",361.94,0,0,0.00,0.00,0.00,0.00,361.94,0.00,"N",0.00,0.00,0.00,0.00,0.00,0.00,361.94,"N",0.00,0.00,0.00,"",0.00,0.00,0.00,0.00,0.00,0.00,0.00,0.00,0.00,0.00,0.00,0.00,0.00,0.00,0.00,"","","","","",0.00,0.00,0.00,0.00,0.00,0.00,0.00,0.00,0.00,0.00,"O",0,"","",0.00,1,0.00,"",0.00,"",0.00,"",0.00,"",0.00,"",0.00,"",0.00,"",0.00,"",0.00,"",0.00,0.00,0.00,0.00,0.00,0.00,0.00,0.00,0.00,0.00,0.00,0.00,0.00,0.00,0.00,0.00,0.00,0.00,0.00,0.00,0.00,"1","",0,"","",0.00,"",0.00,0.00,"C",0,0,"","P",0,0,0.00,0,"","",0.00,0.00,0.00,361.94,0.00,0.00,0.00,0.00,0.00,0.00,0.00,0.00,0.00,0.00,0.00,0.00,0.00,0.00,0.00,0.00,0.00,0.00,0.00,0.00,0.00,"02876495000142",0.00,0.00,0.00,0.00,0.00,0.00,0.00,0.00,0.00,0.00,0.00,0.00,0.00,0.00,0.00,0.00,0.00,0.00,0.00,0.00,0.00,0.00,0.00,0.00,0.00,0.00,0.00,0.00,0.00
"000014","57010662002880","SP","20090506","211","211","NF","2","6101",10383.36,0,0,0.00,10383.36,12.00,1246.00,0.00,0.00,"N",0.00,0.00,0.00,0.00,0.00,0.00,10383.36,"N",0.00,0.00,0.00,"",10383.36,0.00,0.00,0.00,0.00,12.00,0.00,0.00,0.00,0.00,1246.00,0.00,0.00,0.00,0.00,"","","","","",0.00,0.00,0.00,0.00,0.00,0.00,0.00,0.00,0.00,0.00,"P",0,"","",0.00,1,0.00,"",0.00,"",0.00,"",0.00,"",0.00,"",0.00,"",0.00,"",0.00,"",0.00,"",0.00,0.00,0.00,0.00,0.00,0.00,0.00,0.00,0.00,0.00,0.00,0.00,0.00,0.00,0.00,0.00,0.00,0.00,0.00,0.00,0.00,"1","",0,"","",0.00,"",0.00,0.00,"C",0,0,"","P",0,0,0.00,0,"","",0.00,0.00,0.00,0.00,0.00,0.00,0.00,0.00,0.00,0.00,0.00,0.00,0.00,0.00,0.00,0.00,0.00,0.00,0.00,0.00,0.00,0.00,0.00,0.00,0.00,"02876495000142",0.00,0.00,0.00,0.00,0.00,0.00,0.00,0.00,0.00,0.00,0.00,0.00,0.00,0.00,0.00,0.00,0.00,0.00,0.00,0.00,0.00,0.00,0.00,0.00,0.00,0.00,0.00,0.00,0.00
"000015","57010662002880","SP","20090506","212","212","NF","2","6921",693.38,0,0,0.00,0.00,0.00,0.00,693.38,0.00,"N",0.00,0.00,0.00,0.00,0.00,0.00,693.38,"N",0.00,0.00,0.00,"",0.00,0.00,0.00,0.00,0.00,0.00,0.00,0.00,0.00,0.00,0.00,0.00,0.00,0.00,0.00,"","","","","",0.00,0.00,0.00,0.00,0.00,0.00,0.00,0.00,0.00,0.00,"O",0,"","",0.00,1,0.00,"",0.00,"",0.00,"",0.00,"",0.00,"",0.00,"",0.00,"",0.00,"",0.00,"",0.00,0.00,0.00,0.00,0.00,0.00,0.00,0.00,0.00,0.00,0.00,0.00,0.00,0.00,0.00,0.00,0.00,0.00,0.00,0.00,0.00,"1","",0,"","",0.00,"",0.00,0.00,"C",0,0,"","P",0,0,0.00,0,"","",0.00,0.00,0.00,693.38,0.00,0.00,0.00,0.00,0.00,0.00,0.00,0.00,0.00,0.00,0.00,0.00,0.00,0.00,0.00,0.00,0.00,0.00,0.00,0.00,0.00,"02876495000142",0.00,0.00,0.00,0.00,0.00,0.00,0.00,0.00,0.00,0.00,0.00,0.00,0.00,0.00,0.00,0.00,0.00,0.00,0.00,0.00,0.00,0.00,0.00,0.00,0.00,0.00,0.00,0.00,0.00
"000016","57010662002880","SP","20090506","213","213","NF","2","6101",10106.88,0,0,0.00,10106.88,12.00,1212.82,0.00,0.00,"N",0.00,0.00,0.00,0.00,0.00,0.00,10106.88,"N",0.00,0.00,0.00,"",10106.88,0.00,0.00,0.00,0.00,12.00,0.00,0.00,0.00,0.00,1212.82,0.00,0.00,0.00,0.00,"","","","","",0.00,0.00,0.00,0.00,0.00,0.00,0.00,0.00,0.00,0.00,"P",0,"","",0.00,1,0.00,"",0.00,"",0.00,"",0.00,"",0.00,"",0.00,"",0.00,"",0.00,"",0.00,"",0.00,0.00,0.00,0.00,0.00,0.00,0.00,0.00,0.00,0.00,0.00,0.00,0.00,0.00,0.00,0.00,0.00,0.00,0.00,0.00,0.00,"1","",0,"","",0.00,"",0.00,0.00,"C",0,0,"","P",0,0,0.00,0,"","",0.00,0.00,0.00,0.00,0.00,0.00,0.00,0.00,0.00,0.00,0.00,0.00,0.00,0.00,0.00,0.00,0.00,0.00,0.00,0.00,0.00,0.00,0.00,0.00,0.00,"02876495000142",0.00,0.00,0.00,0.00,0.00,0.00,0.00,0.00,0.00,0.00,0.00,0.00,0.00,0.00,0.00,0.00,0.00,0.00,0.00,0.00,0.00,0.00,0.00,0.00,0.00,0.00,0.00,0.00,0.00
"000017","57010662002880","SP","20090506","214","214","NF","2","6921",693.38,0,0,0.00,0.00,0.00,0.00,693.38,0.00,"N",0.00,0.00,0.00,0.00,0.00,0.00,693.38,"N",0.00,0.00,0.00,"",0.00,0.00,0.00,0.00,0.00,0.00,0.00,0.00,0.00,0.00,0.00,0.00,0.00,0.00,0.00,"","","","","",0.00,0.00,0.00,0.00,0.00,0.00,0.00,0.00,0.00,0.00,"O",0,"","",0.00,1,0.00,"",0.00,"",0.00,"",0.00,"",0.00,"",0.00,"",0.00,"",0.00,"",0.00,"",0.00,0.00,0.00,0.00,0.00,0.00,0.00,0.00,0.00,0.00,0.00,0.00,0.00,0.00,0.00,0.00,0.00,0.00,0.00,0.00,0.00,"1","",0,"","",0.00,"",0.00,0.00,"C",0,0,"","P",0,0,0.00,0,"","",0.00,0.00,0.00,693.38,0.00,0.00,0.00,0.00,0.00,0.00,0.00,0.00,0.00,0.00,0.00,0.00,0.00,0.00,0.00,0.00,0.00,0.00,0.00,0.00,0.00,"02876495000142",0.00,0.00,0.00,0.00,0.00,0.00,0.00,0.00,0.00,0.00,0.00,0.00,0.00,0.00,0.00,0.00,0.00,0.00,0.00,0.00,0.00,0.00,0.00,0.00,0.00,0.00,0.00,0.00,0.00
"000018","03509521000248","BA","20090507","215","215","NF","2","6101",15365.00,0,0,0.00,15365.00,7.00,1075.55,0.00,0.00,"N",0.00,0.00,0.00,0.00,0.00,0.00,15365.00,"N",0.00,0.00,0.00,"",15365.00,0.00,0.00,0.00,0.00,7.00,0.00,0.00,0.00,0.00,1075.55,0.00,0.00,0.00,0.00,"","","","","",0.00,0.00,0.00,0.00,0.00,0.00,0.00,0.00,0.00,0.00,"P",0,"","",0.00,1,0.00,"",0.00,"",0.00,"",0.00,"",0.00,"",0.00,"",0.00,"",0.00,"",0.00,"",0.00,0.00,0.00,0.00,0.00,0.00,0.00,0.00,0.00,0.00,0.00,0.00,0.00,0.00,0.00,0.00,0.00,0.00,0.00,0.00,0.00,"1","",0,"","",0.00,"",0.00,0.00,"C",0,0,"","P",0,0,0.00,0,"","",0.00,0.00,0.00,0.00,0.00,0.00,0.00,0.00,0.00,0.00,0.00,0.00,0.00,0.00,0.00,0.00,0.00,0.00,0.00,0.00,0.00,0.00,0.00,0.00,0.00,"02876495000142",0.00,0.00,0.00,0.00,0.00,0.00,0.00,0.00,0.00,0.00,0.00,0.00,0.00,0.00,0.00,0.00,0.00,0.00,0.00,0.00,0.00,0.00,0.00,0.00,0.00,0.00,0.00,0.00,0.00
"000019","03509521000248","BA","20090507","216","216","NF","2","6920",141.40,0,0,0.00,0.00,0.00,0.00,141.40,0.00,"N",0.00,0.00,0.00,0.00,0.00,0.00,141.40,"N",0.00,0.00,0.00,"",0.00,0.00,0.00,0.00,0.00,0.00,0.00,0.00,0.00,0.00,0.00,0.00,0.00,0.00,0.00,"","","","","",0.00,0.00,0.00,0.00,0.00,0.00,0.00,0.00,0.00,0.00,"O",0,"","",0.00,1,0.00,"",0.00,"",0.00,"",0.00,"",0.00,"",0.00,"",0.00,"",0.00,"",0.00,"",0.00,0.00,0.00,0.00,0.00,0.00,0.00,0.00,0.00,0.00,0.00,0.00,0.00,0.00,0.00,0.00,0.00,0.00,0.00,0.00,0.00,"1","",0,"","",0.00,"",0.00,0.00,"C",0,0,"","P",0,0,0.00,0,"","",0.00,0.00,0.00,141.40,0.00,0.00,0.00,0.00,0.00,0.00,0.00,0.00,0.00,0.00,0.00,0.00,0.00,0.00,0.00,0.00,0.00,0.00,0.00,0.00,0.00,"02876495000142",0.00,0.00,0.00,0.00,0.00,0.00,0.00,0.00,0.00,0.00,0.00,0.00,0.00,0.00,0.00,0.00,0.00,0.00,0.00,0.00,0.00,0.00,0.00,0.00,0.00,0.00,0.00,0.00,0.00
"000020","03509521000248","BA","20090507","217","217","NF","2","6921",3132.83,0,0,0.00,0.00,0.00,0.00,3132.83,0.00,"N",0.00,0.00,0.00,0.00,0.00,0.00,3132.83,"N",0.00,0.00,0.00,"",0.00,0.00,0.00,0.00,0.00,0.00,0.00,0.00,0.00,0.00,0.00,0.00,0.00,0.00,0.00,"","","","","",0.00,0.00,0.00,0.00,0.00,0.00,0.00,0.00,0.00,0.00,"O",0,"","",0.00,1,0.00,"",0.00,"",0.00,"",0.00,"",0.00,"",0.00,"",0.00,"",0.00,"",0.00,"",0.00,0.00,0.00,0.00,0.00,0.00,0.00,0.00,0.00,0.00,0.00,0.00,0.00,0.00,0.00,0.00,0.00,0.00,0.00,0.00,0.00,"1","",0,"","",0.00,"",0.00,0.00,"C",0,0,"","P",0,0,0.00,0,"","",0.00,0.00,0.00,3132.83,0.00,0.00,0.00,0.00,0.00,0.00,0.00,0.00,0.00,0.00,0.00,0.00,0.00,0.00,0.00,0.00,0.00,0.00,0.00,0.00,0.00,"02876495000142",0.00,0.00,0.00,0.00,0.00,0.00,0.00,0.00,0.00,0.00,0.00,0.00,0.00,0.00,0.00,0.00,0.00,0.00,0.00,0.00,0.00,0.00,0.00,0.00,0.00,0.00,0.00,0.00,0.00
"000021","57010662001999","RS","20090507","218","218","NF","2","6101",6874.56,0,0,0.00,6874.56,12.00,824.94,0.00,0.00,"N",0.00,0.00,0.00,0.00,0.00,0.00,6874.56,"N",0.00,0.00,0.00,"",6874.56,0.00,0.00,0.00,0.00,12.00,0.00,0.00,0.00,0.00,824.94,0.00,0.00,0.00,0.00,"","","","","",0.00,0.00,0.00,0.00,0.00,0.00,0.00,0.00,0.00,0.00,"P",0,"","",0.00,1,0.00,"",0.00,"",0.00,"",0.00,"",0.00,"",0.00,"",0.00,"",0.00,"",0.00,"",0.00,0.00,0.00,0.00,0.00,0.00,0.00,0.00,0.00,0.00,0.00,0.00,0.00,0.00,0.00,0.00,0.00,0.00,0.00,0.00,0.00,"1","",0,"","",0.00,"",0.00,0.00,"C",0,0,"","P",0,0,0.00,0,"","",0.00,0.00,0.00,0.00,0.00,0.00,0.00,0.00,0.00,0.00,0.00,0.00,0.00,0.00,0.00,0.00,0.00,0.00,0.00,0.00,0.00,0.00,0.00,0.00,0.00,"02876495000142",0.00,0.00,0.00,0.00,0.00,0.00,0.00,0.00,0.00,0.00,0.00,0.00,0.00,0.00,0.00,0.00,0.00,0.00,0.00,0.00,0.00,0.00,0.00,0.00,0.00,0.00,0.00,0.00,0.00
"000022","57010662001999","RS","20090507","219","219","NF","2","6920",398.40,0,0,0.00,0.00,0.00,0.00,398.40,0.00,"N",0.00,0.00,0.00,0.00,0.00,0.00,398.40,"N",0.00,0.00,0.00,"",0.00,0.00,0.00,0.00,0.00,0.00,0.00,0.00,0.00,0.00,0.00,0.00,0.00,0.00,0.00,"","","","","",0.00,0.00,0.00,0.00,0.00,0.00,0.00,0.00,0.00,0.00,"O",0,"","",0.00,1,0.00,"",0.00,"",0.00,"",0.00,"",0.00,"",0.00,"",0.00,"",0.00,"",0.00,"",0.00,0.00,0.00,0.00,0.00,0.00,0.00,0.00,0.00,0.00,0.00,0.00,0.00,0.00,0.00,0.00,0.00,0.00,0.00,0.00,0.00,"1","",0,"","",0.00,"",0.00,0.00,"C",0,0,"","P",0,0,0.00,0,"","",0.00,0.00,0.00,398.40,0.00,0.00,0.00,0.00,0.00,0.00,0.00,0.00,0.00,0.00,0.00,0.00,0.00,0.00,0.00,0.00,0.00,0.00,0.00,0.00,0.00,"02876495000142",0.00,0.00,0.00,0.00,0.00,0.00,0.00,0.00,0.00,0.00,0.00,0.00,0.00,0.00,0.00,0.00,0.00,0.00,0.00,0.00,0.00,0.00,0.00,0.00,0.00,0.00,0.00,0.00,0.00
"000023","57010662001999","RS","20090507","220","220","NF","2","6921",93.58,0,0,0.00,0.00,0.00,0.00,93.58,0.00,"N",0.00,0.00,0.00,0.00,0.00,0.00,93.58,"N",0.00,0.00,0.00,"",0.00,0.00,0.00,0.00,0.00,0.00,0.00,0.00,0.00,0.00,0.00,0.00,0.00,0.00,0.00,"","","","","",0.00,0.00,0.00,0.00,0.00,0.00,0.00,0.00,0.00,0.00,"O",0,"","",0.00,1,0.00,"",0.00,"",0.00,"",0.00,"",0.00,"",0.00,"",0.00,"",0.00,"",0.00,"",0.00,0.00,0.00,0.00,0.00,0.00,0.00,0.00,0.00,0.00,0.00,0.00,0.00,0.00,0.00,0.00,0.00,0.00,0.00,0.00,0.00,"1","",0,"","",0.00,"",0.00,0.00,"C",0,0,"","P",0,0,0.00,0,"","",0.00,0.00,0.00,93.58,0.00,0.00,0.00,0.00,0.00,0.00,0.00,0.00,0.00,0.00,0.00,0.00,0.00,0.00,0.00,0.00,0.00,0.00,0.00,0.00,0.00,"02876495000142",0.00,0.00,0.00,0.00,0.00,0.00,0.00,0.00,0.00,0.00,0.00,0.00,0.00,0.00,0.00,0.00,0.00,0.00,0.00,0.00,0.00,0.00,0.00,0.00,0.00,0.00,0.00,0.00,0.00
"000024","57010662001999","RS","20090507","221","221","NF","2","6101",6720.00,0,0,0.00,6720.00,12.00,806.40,0.00,0.00,"N",0.00,0.00,0.00,0.00,0.00,0.00,6720.00,"N",0.00,0.00,0.00,"",6720.00,0.00,0.00,0.00,0.00,12.00,0.00,0.00,0.00,0.00,806.40,0.00,0.00,0.00,0.00,"","","","","",0.00,0.00,0.00,0.00,0.00,0.00,0.00,0.00,0.00,0.00,"P",0,"","",0.00,1,0.00,"",0.00,"",0.00,"",0.00,"",0.00,"",0.00,"",0.00,"",0.00,"",0.00,"",0.00,0.00,0.00,0.00,0.00,0.00,0.00,0.00,0.00,0.00,0.00,0.00,0.00,0.00,0.00,0.00,0.00,0.00,0.00,0.00,0.00,"1","",0,"","",0.00,"",0.00,0.00,"C",0,0,"","P",0,0,0.00,0,"","",0.00,0.00,0.00,0.00,0.00,0.00,0.00,0.00,0.00,0.00,0.00,0.00,0.00,0.00,0.00,0.00,0.00,0.00,0.00,0.00,0.00,0.00,0.00,0.00,0.00,"02876495000142",0.00,0.00,0.00,0.00,0.00,0.00,0.00,0.00,0.00,0.00,0.00,0.00,0.00,0.00,0.00,0.00,0.00,0.00,0.00,0.00,0.00,0.00,0.00,0.00,0.00,0.00,0.00,0.00,0.00
"000025","57010662001999","RS","20090507","222","222","NF","2","6920",985.60,0,0,0.00,0.00,0.00,0.00,985.60,0.00,"N",0.00,0.00,0.00,0.00,0.00,0.00,985.60,"N",0.00,0.00,0.00,"",0.00,0.00,0.00,0.00,0.00,0.00,0.00,0.00,0.00,0.00,0.00,0.00,0.00,0.00,0.00,"","","","","",0.00,0.00,0.00,0.00,0.00,0.00,0.00,0.00,0.00,0.00,"O",0,"","",0.00,1,0.00,"",0.00,"",0.00,"",0.00,"",0.00,"",0.00,"",0.00,"",0.00,"",0.00,"",0.00,0.00,0.00,0.00,0.00,0.00,0.00,0.00,0.00,0.00,0.00,0.00,0.00,0.00,0.00,0.00,0.00,0.00,0.00,0.00,0.00,"1","",0,"","",0.00,"",0.00,0.00,"C",0,0,"","P",0,0,0.00,0,"","",0.00,0.00,0.00,985.60,0.00,0.00,0.00,0.00,0.00,0.00,0.00,0.00,0.00,0.00,0.00,0.00,0.00,0.00,0.00,0.00,0.00,0.00,0.00,0.00,0.00,"02876495000142",0.00,0.00,0.00,0.00,0.00,0.00,0.00,0.00,0.00,0.00,0.00,0.00,0.00,0.00,0.00,0.00,0.00,0.00,0.00,0.00,0.00,0.00,0.00,0.00,0.00,0.00,0.00,0.00,0.00
"000026","57010662001999","RS","20090507","223","223","NF","2","6921",472.38,0,0,0.00,0.00,0.00,0.00,472.38,0.00,"N",0.00,0.00,0.00,0.00,0.00,0.00,472.38,"N",0.00,0.00,0.00,"",0.00,0.00,0.00,0.00,0.00,0.00,0.00,0.00,0.00,0.00,0.00,0.00,0.00,0.00,0.00,"","","","","",0.00,0.00,0.00,0.00,0.00,0.00,0.00,0.00,0.00,0.00,"O",0,"","",0.00,1,0.00,"",0.00,"",0.00,"",0.00,"",0.00,"",0.00,"",0.00,"",0.00,"",0.00,"",0.00,0.00,0.00,0.00,0.00,0.00,0.00,0.00,0.00,0.00,0.00,0.00,0.00,0.00,0.00,0.00,0.00,0.00,0.00,0.00,0.00,"1","",0,"","",0.00,"",0.00,0.00,"C",0,0,"","P",0,0,0.00,0,"","",0.00,0.00,0.00,472.38,0.00,0.00,0.00,0.00,0.00,0.00,0.00,0.00,0.00,0.00,0.00,0.00,0.00,0.00,0.00,0.00,0.00,0.00,0.00,0.00,0.00,"02876495000142",0.00,0.00,0.00,0.00,0.00,0.00,0.00,0.00,0.00,0.00,0.00,0.00,0.00,0.00,0.00,0.00,0.00,0.00,0.00,0.00,0.00,0.00,0.00,0.00,0.00,0.00,0.00,0.00,0.00
"000027","57010662000160","SP","20090507","224","224","NF","2","6101",7675.20,0,0,0.00,7675.20,12.00,921.02,0.00,0.00,"N",0.00,0.00,0.00,0.00,0.00,0.00,7675.20,"N",0.00,0.00,0.00,"",7675.20,0.00,0.00,0.00,0.00,12.00,0.00,0.00,0.00,0.00,921.02,0.00,0.00,0.00,0.00,"","","","","",0.00,0.00,0.00,0.00,0.00,0.00,0.00,0.00,0.00,0.00,"P",0,"","",0.00,1,0.00,"",0.00,"",0.00,"",0.00,"",0.00,"",0.00,"",0.00,"",0.00,"",0.00,"",0.00,0.00,0.00,0.00,0.00,0.00,0.00,0.00,0.00,0.00,0.00,0.00,0.00,0.00,0.00,0.00,0.00,0.00,0.00,0.00,0.00,"1","",0,"","",0.00,"",0.00,0.00,"C",0,0,"","P",0,0,0.00,0,"","",0.00,0.00,0.00,0.00,0.00,0.00,0.00,0.00,0.00,0.00,0.00,0.00,0.00,0.00,0.00,0.00,0.00,0.00,0.00,0.00,0.00,0.00,0.00,0.00,0.00,"02876495000142",0.00,0.00,0.00,0.00,0.00,0.00,0.00,0.00,0.00,0.00,0.00,0.00,0.00,0.00,0.00,0.00,0.00,0.00,0.00,0.00,0.00,0.00,0.00,0.00,0.00,0.00,0.00,0.00,0.00
"000028","03523188000140","MG","20090507","225","225","NF","2","6101",75727.85,0,0,0.00,75727.85,12.00,9087.34,0.00,0.00,"N",0.00,0.00,0.00,0.00,0.00,0.00,75727.85,"N",0.00,0.00,0.00,"",75727.85,0.00,0.00,0.00,0.00,12.00,0.00,0.00,0.00,0.00,9087.34,0.00,0.00,0.00,0.00,"","","","","",0.00,0.00,0.00,0.00,0.00,0.00,0.00,0.00,0.00,0.00,"P",0,"","",0.00,1,0.00,"",0.00,"",0.00,"",0.00,"",0.00,"",0.00,"",0.00,"",0.00,"",0.00,"",0.00,0.00,0.00,0.00,0.00,0.00,0.00,0.00,0.00,0.00,0.00,0.00,0.00,0.00,0.00,0.00,0.00,0.00,0.00,0.00,0.00,"1","",0,"","",0.00,"",0.00,0.00,"C",0,0,"","P",0,0,0.00,0,"","",0.00,0.00,0.00,0.00,0.00,0.00,0.00,0.00,0.00,0.00,0.00,0.00,0.00,0.00,0.00,0.00,0.00,0.00,0.00,0.00,0.00,0.00,0.00,0.00,0.00,"02876495000142",0.00,0.00,0.00,0.00,0.00,0.00,0.00,0.00,0.00,0.00,0.00,0.00,0.00,0.00,0.00,0.00,0.00,0.00,0.00,0.00,0.00,0.00,0.00,0.00,0.00,0.00,0.00,0.00,0.00
"000029","56167091000109","SP","20090507","226","226","NF","2","6101",18368.00,0,0,0.00,18368.00,12.00,2204.16,0.00,0.00,"N",0.00,0.00,0.00,0.00,0.00,0.00,18368.00,"N",0.00,0.00,0.00,"",18368.00,0.00,0.00,0.00,0.00,12.00,0.00,0.00,0.00,0.00,2204.16,0.00,0.00,0.00,0.00,"","","","","",0.00,0.00,0.00,0.00,0.00,0.00,0.00,0.00,0.00,0.00,"P",0,"","",0.00,1,0.00,"",0.00,"",0.00,"",0.00,"",0.00,"",0.00,"",0.00,"",0.00,"",0.00,"",0.00,0.00,0.00,0.00,0.00,0.00,0.00,0.00,0.00,0.00,0.00,0.00,0.00,0.00,0.00,0.00,0.00,0.00,0.00,0.00,0.00,"1","",0,"","",0.00,"",0.00,0.00,"C",0,0,"","P",0,0,0.00,0,"","",0.00,0.00,0.00,0.00,0.00,0.00,0.00,0.00,0.00,0.00,0.00,0.00,0.00,0.00,0.00,0.00,0.00,0.00,0.00,0.00,0.00,0.00,0.00,0.00,0.00,"02876495000142",0.00,0.00,0.00,0.00,0.00,0.00,0.00,0.00,0.00,0.00,0.00,0.00,0.00,0.00,0.00,0.00,0.00,0.00,0.00,0.00,0.00,0.00,0.00,0.00,0.00,0.00,0.00,0.00,0.00
"000030","56167091000109","SP","20090507","227","227","NF","2","6920",1845.68,0,0,0.00,0.00,0.00,0.00,1845.68,0.00,"N",0.00,0.00,0.00,0.00,0.00,0.00,1845.68,"N",0.00,0.00,0.00,"",0.00,0.00,0.00,0.00,0.00,0.00,0.00,0.00,0.00,0.00,0.00,0.00,0.00,0.00,0.00,"","","","","",0.00,0.00,0.00,0.00,0.00,0.00,0.00,0.00,0.00,0.00,"O",0,"","",0.00,1,0.00,"",0.00,"",0.00,"",0.00,"",0.00,"",0.00,"",0.00,"",0.00,"",0.00,"",0.00,0.00,0.00,0.00,0.00,0.00,0.00,0.00,0.00,0.00,0.00,0.00,0.00,0.00,0.00,0.00,0.00,0.00,0.00,0.00,0.00,"1","",0,"","",0.00,"",0.00,0.00,"C",0,0,"","P",0,0,0.00,0,"","",0.00,0.00,0.00,1845.68,0.00,0.00,0.00,0.00,0.00,0.00,0.00,0.00,0.00,0.00,0.00,0.00,0.00,0.00,0.00,0.00,0.00,0.00,0.00,0.00,0.00,"02876495000142",0.00,0.00,0.00,0.00,0.00,0.00,0.00,0.00,0.00,0.00,0.00,0.00,0.00,0.00,0.00,0.00,0.00,0.00,0.00,0.00,0.00,0.00,0.00,0.00,0.00,0.00,0.00,0.00,0.00
"000031","56167091000109","SP","20090507","228","228","NF","2","6101",14850.00,0,0,0.00,14850.00,12.00,1782.00,0.00,0.00,"N",0.00,0.00,0.00,0.00,0.00,0.00,14850.00,"N",0.00,0.00,0.00,"",14850.00,0.00,0.00,0.00,0.00,12.00,0.00,0.00,0.00,0.00,1782.00,0.00,0.00,0.00,0.00,"","","","","",0.00,0.00,0.00,0.00,0.00,0.00,0.00,0.00,0.00,0.00,"P",0,"","",0.00,1,0.00,"",0.00,"",0.00,"",0.00,"",0.00,"",0.00,"",0.00,"",0.00,"",0.00,"",0.00,0.00,0.00,0.00,0.00,0.00,0.00,0.00,0.00,0.00,0.00,0.00,0.00,0.00,0.00,0.00,0.00,0.00,0.00,0.00,0.00,"1","",0,"","",0.00,"",0.00,0.00,"C",0,0,"","P",0,0,0.00,0,"","",0.00,0.00,0.00,0.00,0.00,0.00,0.00,0.00,0.00,0.00,0.00,0.00,0.00,0.00,0.00,0.00,0.00,0.00,0.00,0.00,0.00,0.00,0.00,0.00,0.00,"02876495000142",0.00,0.00,0.00,0.00,0.00,0.00,0.00,0.00,0.00,0.00,0.00,0.00,0.00,0.00,0.00,0.00,0.00,0.00,0.00,0.00,0.00,0.00,0.00,0.00,0.00,0.00,0.00,0.00,0.00
"000032","79669354000183","SC","20090508","229","229","NF","2","5101",2018.01,0,0,0.00,1834.56,17.00,311.87,0.00,183.45,"N",0.00,0.00,0.00,1834.56,183.45,0.00,0.00,"N",0.00,0.00,0.00,"",1834.56,0.00,0.00,0.00,0.00,17.00,0.00,0.00,0.00,0.00,311.87,0.00,0.00,0.00,0.00,"","","","","",0.00,0.00,0.00,0.00,0.00,0.00,0.00,0.00,0.00,0.00,"P",0,"","",0.00,1,0.00,"",0.00,"",0.00,"",0.00,"",0.00,"",0.00,"",0.00,"",0.00,"",0.00,"",0.00,0.00,0.00,0.00,0.00,0.00,0.00,0.00,0.00,0.00,0.00,0.00,0.00,0.00,0.00,0.00,0.00,0.00,0.00,0.00,0.00,"1","",0,"","",0.00,"",0.00,0.00,"C",0,0,"","P",0,0,0.00,0,"","",0.00,0.00,0.00,0.00,183.45,0.00,0.00,0.00,0.00,0.00,0.00,0.00,0.00,0.00,0.00,0.00,0.00,0.00,0.00,0.00,0.00,0.00,0.00,0.00,0.00,"02876495000142",0.00,0.00,0.00,0.00,0.00,0.00,0.00,0.00,0.00,0.00,0.00,0.00,0.00,0.00,0.00,0.00,0.00,0.00,0.00,0.00,0.00,0.00,0.00,0.00,0.00,0.00,0.00,0.00,0.00
"000033","02258243000311","SP","20090508","230","230","NF","2","6101",53280.91,0,0,0.00,53280.91,12.00,6393.70,0.00,0.00,"N",0.00,0.00,0.00,0.00,0.00,0.00,53280.91,"N",0.00,0.00,0.00,"",53280.91,0.00,0.00,0.00,0.00,12.00,0.00,0.00,0.00,0.00,6393.70,0.00,0.00,0.00,0.00,"","","","","",0.00,0.00,0.00,0.00,0.00,0.00,0.00,0.00,0.00,0.00,"P",0,"","",0.00,1,0.00,"",0.00,"",0.00,"",0.00,"",0.00,"",0.00,"",0.00,"",0.00,"",0.00,"",0.00,0.00,0.00,0.00,0.00,0.00,0.00,0.00,0.00,0.00,0.00,0.00,0.00,0.00,0.00,0.00,0.00,0.00,0.00,0.00,0.00,"1","",0,"","",0.00,"",0.00,0.00,"C",0,0,"","P",0,0,0.00,0,"","",0.00,0.00,0.00,0.00,0.00,0.00,0.00,0.00,0.00,0.00,0.00,0.00,0.00,0.00,0.00,0.00,0.00,0.00,0.00,0.00,0.00,0.00,0.00,0.00,0.00,"02876495000142",0.00,0.00,0.00,0.00,0.00,0.00,0.00,0.00,0.00,0.00,0.00,0.00,0.00,0.00,0.00,0.00,0.00,0.00,0.00,0.00,0.00,0.00,0.00,0.00,0.00,0.00,0.00,0.00,0.00
"000034","45990181000189","SP","20090508","231","231","NF","2","6101",17726.15,0,0,0.00,17726.15,12.00,2127.13,0.00,0.00,"N",0.00,0.00,0.00,0.00,0.00,0.00,17726.15,"N",0.00,0.00,0.00,"",17726.15,0.00,0.00,0.00,0.00,12.00,0.00,0.00,0.00,0.00,2127.13,0.00,0.00,0.00,0.00,"","","","","",0.00,0.00,0.00,0.00,0.00,0.00,0.00,0.00,0.00,0.00,"P",0,"","",0.00,1,0.00,"",0.00,"",0.00,"",0.00,"",0.00,"",0.00,"",0.00,"",0.00,"",0.00,"",0.00,0.00,0.00,0.00,0.00,0.00,0.00,0.00,0.00,0.00,0.00,0.00,0.00,0.00,0.00,0.00,0.00,0.00,0.00,0.00,0.00,"1","",0,"","",0.00,"",0.00,0.00,"C",0,0,"","P",0,0,0.00,0,"","",0.00,0.00,0.00,0.00,0.00,0.00,0.00,0.00,0.00,0.00,0.00,0.00,0.00,0.00,0.00,0.00,0.00,0.00,0.00,0.00,0.00,0.00,0.00,0.00,0.00,"02876495000142",0.00,0.00,0.00,0.00,0.00,0.00,0.00,0.00,0.00,0.00,0.00,0.00,0.00,0.00,0.00,0.00,0.00,0.00,0.00,0.00,0.00,0.00,0.00,0.00,0.00,0.00,0.00,0.00,0.00
"000035","83617159000187","SC","20090508","232","232","NF","2","5901",4520.00,0,0,0.00,0.00,0.00,0.00,0.00,0.00,"N",0.00,0.00,0.00,0.00,0.00,0.00,0.00,"N",0.00,0.00,0.00,"NF FISCAL CANCELADA",0.00,0.00,0.00,0.00,0.00,0.00,0.00,0.00,0.00,0.00,0.00,0.00,0.00,0.00,0.00,"","","","","",0.00,0.00,0.00,0.00,0.00,0.00,0.00,0.00,0.00,0.00,"O",0,"","",0.00,1,0.00,"",0.00,"",0.00,"",0.00,"",0.00,"",0.00,"",0.00,"",0.00,"",0.00,"",0.00,0.00,0.00,0.00,0.00,0.00,0.00,0.00,0.00,0.00,0.00,0.00,0.00,0.00,0.00,0.00,0.00,0.00,0.00,0.00,0.00,"1","",0,"","",0.00,"",0.00,0.00,"C",0,0,"","P",0,0,0.00,0,"","",0.00,0.00,0.00,0.00,0.00,0.00,0.00,0.00,0.00,0.00,0.00,0.00,0.00,0.00,0.00,0.00,0.00,0.00,0.00,0.00,0.00,0.00,0.00,0.00,0.00,"02876495000142",0.00,0.00,0.00,0.00,0.00,0.00,0.00,0.00,0.00,0.00,0.00,0.00,0.00,0.00,0.00,0.00,0.00,0.00,0.00,0.00,0.00,0.00,0.00,0.00,0.00,0.00,0.00,0.00,0.00
"000036","83617159000187","SC","20090508","233","233","NF","2","5901",4520.00,0,0,0.00,0.00,0.00,0.00,0.00,4520.00,"N",0.00,0.00,0.00,0.00,0.00,0.00,4520.00,"N",0.00,0.00,0.00,"",0.00,0.00,0.00,0.00,0.00,0.00,0.00,0.00,0.00,0.00,0.00,0.00,0.00,0.00,0.00,"","","","","",0.00,0.00,0.00,0.00,0.00,0.00,0.00,0.00,0.00,0.00,"O",0,"","",0.00,1,0.00,"",0.00,"",0.00,"",0.00,"",0.00,"",0.00,"",0.00,"",0.00,"",0.00,"",0.00,0.00,0.00,0.00,0.00,0.00,0.00,0.00,0.00,0.00,0.00,0.00,0.00,0.00,0.00,0.00,0.00,0.00,0.00,0.00,0.00,"1","",0,"","",0.00,"",0.00,0.00,"C",0,0,"","P",0,0,0.00,0,"","",0.00,0.00,0.00,0.00,4520.00,0.00,0.00,0.00,0.00,0.00,0.00,0.00,0.00,0.00,0.00,0.00,0.00,0.00,0.00,0.00,0.00,0.00,0.00,0.00,0.00,"02876495000142",0.00,0.00,0.00,0.00,0.00,0.00,0.00,0.00,0.00,0.00,0.00,0.00,0.00,0.00,0.00,0.00,0.00,0.00,0.00,0.00,0.00,0.00,0.00,0.00,0.00,0.00,0.00,0.00,0.00
"000037","83617159000187","SC","20090508","234","234","NF","2","5901",4520.00,0,0,0.00,0.00,0.00,0.00,0.00,4520.00,"N",0.00,0.00,0.00,0.00,0.00,0.00,4520.00,"N",0.00,0.00,0.00,"",0.00,0.00,0.00,0.00,0.00,0.00,0.00,0.00,0.00,0.00,0.00,0.00,0.00,0.00,0.00,"","","","","",0.00,0.00,0.00,0.00,0.00,0.00,0.00,0.00,0.00,0.00,"O",0,"","",0.00,1,0.00,"",0.00,"",0.00,"",0.00,"",0.00,"",0.00,"",0.00,"",0.00,"",0.00,"",0.00,0.00,0.00,0.00,0.00,0.00,0.00,0.00,0.00,0.00,0.00,0.00,0.00,0.00,0.00,0.00,0.00,0.00,0.00,0.00,0.00,"1","",0,"","",0.00,"",0.00,0.00,"C",0,0,"","P",0,0,0.00,0,"","",0.00,0.00,0.00,0.00,4520.00,0.00,0.00,0.00,0.00,0.00,0.00,0.00,0.00,0.00,0.00,0.00,0.00,0.00,0.00,0.00,0.00,0.00,0.00,0.00,0.00,"02876495000142",0.00,0.00,0.00,0.00,0.00,0.00,0.00,0.00,0.00,0.00,0.00,0.00,0.00,0.00,0.00,0.00,0.00,0.00,0.00,0.00,0.00,0.00,0.00,0.00,0.00,0.00,0.00,0.00,0.00
"000038","04333355000153","RS","20090508","235","235","NF","2","6101",3580.50,0,0,0.00,3255.00,12.00,390.60,0.00,325.50,"N",0.00,0.00,0.00,3255.00,325.50,0.00,0.00,"N",0.00,0.00,0.00,"",3255.00,0.00,0.00,0.00,0.00,12.00,0.00,0.00,0.00,0.00,390.60,0.00,0.00,0.00,0.00,"","","","","",0.00,0.00,0.00,0.00,0.00,0.00,0.00,0.00,0.00,0.00,"P",0,"","",0.00,1,0.00,"",0.00,"",0.00,"",0.00,"",0.00,"",0.00,"",0.00,"",0.00,"",0.00,"",0.00,0.00,0.00,0.00,0.00,0.00,0.00,0.00,0.00,0.00,0.00,0.00,0.00,0.00,0.00,0.00,0.00,0.00,0.00,0.00,0.00,"1","",0,"","",0.00,"",0.00,0.00,"C",0,0,"","P",0,0,0.00,0,"","",0.00,0.00,0.00,0.00,325.50,0.00,0.00,0.00,0.00,0.00,0.00,0.00,0.00,0.00,0.00,0.00,0.00,0.00,0.00,0.00,0.00,0.00,0.00,0.00,0.00,"02876495000142",0.00,0.00,0.00,0.00,0.00,0.00,0.00,0.00,0.00,0.00,0.00,0.00,0.00,0.00,0.00,0.00,0.00,0.00,0.00,0.00,0.00,0.00,0.00,0.00,0.00,0.00,0.00,0.00,0.00
"000039","83617159000187","SC","20090508","236","236","NF","2","5901",645.50,0,0,0.00,0.00,0.00,0.00,0.00,645.50,"N",0.00,0.00,0.00,0.00,0.00,0.00,645.50,"N",0.00,0.00,0.00,"",0.00,0.00,0.00,0.00,0.00,0.00,0.00,0.00,0.00,0.00,0.00,0.00,0.00,0.00,0.00,"","","","","",0.00,0.00,0.00,0.00,0.00,0.00,0.00,0.00,0.00,0.00,"O",0,"","",0.00,1,0.00,"",0.00,"",0.00,"",0.00,"",0.00,"",0.00,"",0.00,"",0.00,"",0.00,"",0.00,0.00,0.00,0.00,0.00,0.00,0.00,0.00,0.00,0.00,0.00,0.00,0.00,0.00,0.00,0.00,0.00,0.00,0.00,0.00,0.00,"1","",0,"","",0.00,"",0.00,0.00,"C",0,0,"","P",0,0,0.00,0,"","",0.00,0.00,0.00,0.00,645.50,0.00,0.00,0.00,0.00,0.00,0.00,0.00,0.00,0.00,0.00,0.00,0.00,0.00,0.00,0.00,0.00,0.00,0.00,0.00,0.00,"02876495000142",0.00,0.00,0.00,0.00,0.00,0.00,0.00,0.00,0.00,0.00,0.00,0.00,0.00,0.00,0.00,0.00,0.00,0.00,0.00,0.00,0.00,0.00,0.00,0.00,0.00,0.00,0.00,0.00,0.00
"000040","03523188000140","MG","20090512","237","237","NF","2","6101",22497.15,0,0,0.00,22497.15,12.00,2699.65,0.00,0.00,"N",0.00,0.00,0.00,0.00,0.00,22497.15,0.00,"N",0.00,0.00,0.00,"",22497.15,0.00,0.00,0.00,0.00,12.00,0.00,0.00,0.00,0.00,2699.65,0.00,0.00,0.00,0.00,"","","","","",0.00,0.00,0.00,0.00,0.00,0.00,0.00,0.00,0.00,0.00,"P",0,"","",0.00,1,0.00,"",0.00,"",0.00,"",0.00,"",0.00,"",0.00,"",0.00,"",0.00,"",0.00,"",0.00,0.00,0.00,0.00,0.00,0.00,0.00,0.00,0.00,0.00,0.00,0.00,0.00,0.00,0.00,0.00,0.00,0.00,0.00,0.00,0.00,"1","",0,"","",0.00,"",0.00,0.00,"C",0,0,"","P",0,0,0.00,0,"","",0.00,0.00,0.00,0.00,0.00,0.00,0.00,0.00,0.00,0.00,0.00,0.00,0.00,0.00,0.00,0.00,0.00,0.00,0.00,0.00,0.00,0.00,0.00,0.00,0.00,"02876495000142",0.00,0.00,0.00,0.00,0.00,0.00,0.00,0.00,0.00,0.00,0.00,0.00,0.00,0.00,0.00,0.00,0.00,0.00,0.00,0.00,0.00,0.00,0.00,0.00,0.00,0.00,0.00,0.00,0.00
"000041","05604239000194","SP","20090512","238","238","NF","2","6912",4450.00,0,0,0.00,0.00,0.00,0.00,0.00,4450.00,"N",0.00,0.00,0.00,0.00,0.00,0.00,4450.00,"N",0.00,0.00,0.00,"",0.00,0.00,0.00,0.00,0.00,0.00,0.00,0.00,0.00,0.00,0.00,0.00,0.00,0.00,0.00,"","","","","",0.00,0.00,0.00,0.00,0.00,0.00,0.00,0.00,0.00,0.00,"O",0,"","",0.00,1,0.00,"",0.00,"",0.00,"",0.00,"",0.00,"",0.00,"",0.00,"",0.00,"",0.00,"",0.00,0.00,0.00,0.00,0.00,0.00,0.00,0.00,0.00,0.00,0.00,0.00,0.00,0.00,0.00,0.00,0.00,0.00,0.00,0.00,0.00,"1","",0,"","",0.00,"",0.00,0.00,"C",0,0,"","P",0,0,0.00,0,"","",0.00,0.00,0.00,0.00,4450.00,0.00,0.00,0.00,0.00,0.00,0.00,0.00,0.00,0.00,0.00,0.00,0.00,0.00,0.00,0.00,0.00,0.00,0.00,0.00,0.00,"02876495000142",0.00,0.00,0.00,0.00,0.00,0.00,0.00,0.00,0.00,0.00,0.00,0.00,0.00,0.00,0.00,0.00,0.00,0.00,0.00,0.00,0.00,0.00,0.00,0.00,0.00,0.00,0.00,0.00,0.00
"000042","81048837000102","PR","20090512","239","239","NF","2","6101",1383.25,0,0,0.00,1257.50,12.00,150.90,0.00,125.75,"N",0.00,0.00,0.00,1257.50,125.75,0.00,0.00,"N",0.00,0.00,0.00,"",1257.50,0.00,0.00,0.00,0.00,12.00,0.00,0.00,0.00,0.00,150.90,0.00,0.00,0.00,0.00,"","","","","",0.00,0.00,0.00,0.00,0.00,0.00,0.00,0.00,0.00,0.00,"P",0,"","",0.00,1,0.00,"",0.00,"",0.00,"",0.00,"",0.00,"",0.00,"",0.00,"",0.00,"",0.00,"",0.00,0.00,0.00,0.00,0.00,0.00,0.00,0.00,0.00,0.00,0.00,0.00,0.00,0.00,0.00,0.00,0.00,0.00,0.00,0.00,0.00,"1","",0,"","",0.00,"",0.00,0.00,"C",0,0,"","P",0,0,0.00,0,"","",0.00,0.00,0.00,0.00,125.75,0.00,0.00,0.00,0.00,0.00,0.00,0.00,0.00,0.00,0.00,0.00,0.00,0.00,0.00,0.00,0.00,0.00,0.00,0.00,0.00,"02876495000142",0.00,0.00,0.00,0.00,0.00,0.00,0.00,0.00,0.00,0.00,0.00,0.00,0.00,0.00,0.00,0.00,0.00,0.00,0.00,0.00,0.00,0.00,0.00,0.00,0.00,0.00,0.00,0.00,0.00
"000043","83617159000187","SC","20090512","240","240","NF","2","5901",9040.00,0,0,0.00,0.00,0.00,0.00,0.00,9040.00,"N",0.00,0.00,0.00,0.00,0.00,0.00,9040.00,"N",0.00,0.00,0.00,"",0.00,0.00,0.00,0.00,0.00,0.00,0.00,0.00,0.00,0.00,0.00,0.00,0.00,0.00,0.00,"","","","","",0.00,0.00,0.00,0.00,0.00,0.00,0.00,0.00,0.00,0.00,"O",0,"","",0.00,1,0.00,"",0.00,"",0.00,"",0.00,"",0.00,"",0.00,"",0.00,"",0.00,"",0.00,"",0.00,0.00,0.00,0.00,0.00,0.00,0.00,0.00,0.00,0.00,0.00,0.00,0.00,0.00,0.00,0.00,0.00,0.00,0.00,0.00,0.00,"1","",0,"","",0.00,"",0.00,0.00,"C",0,0,"","P",0,0,0.00,0,"","",0.00,0.00,0.00,0.00,9040.00,0.00,0.00,0.00,0.00,0.00,0.00,0.00,0.00,0.00,0.00,0.00,0.00,0.00,0.00,0.00,0.00,0.00,0.00,0.00,0.00,"02876495000142",0.00,0.00,0.00,0.00,0.00,0.00,0.00,0.00,0.00,0.00,0.00,0.00,0.00,0.00,0.00,0.00,0.00,0.00,0.00,0.00,0.00,0.00,0.00,0.00,0.00,0.00,0.00,0.00,0.00
"000044","03509521000248","BA","20090512","241","241","NF","2","6101",15365.00,0,0,0.00,15365.00,7.00,1075.55,0.00,0.00,"N",0.00,0.00,0.00,0.00,0.00,15365.00,0.00,"N",0.00,0.00,0.00,"",15365.00,0.00,0.00,0.00,0.00,7.00,0.00,0.00,0.00,0.00,1075.55,0.00,0.00,0.00,0.00,"","","","","",0.00,0.00,0.00,0.00,0.00,0.00,0.00,0.00,0.00,0.00,"P",0,"","",0.00,1,0.00,"",0.00,"",0.00,"",0.00,"",0.00,"",0.00,"",0.00,"",0.00,"",0.00,"",0.00,0.00,0.00,0.00,0.00,0.00,0.00,0.00,0.00,0.00,0.00,0.00,0.00,0.00,0.00,0.00,0.00,0.00,0.00,0.00,0.00,"1","",0,"","",0.00,"",0.00,0.00,"C",0,0,"","P",0,0,0.00,0,"","",0.00,0.00,0.00,0.00,0.00,0.00,0.00,0.00,0.00,0.00,0.00,0.00,0.00,0.00,0.00,0.00,0.00,0.00,0.00,0.00,0.00,0.00,0.00,0.00,0.00,"02876495000142",0.00,0.00,0.00,0.00,0.00,0.00,0.00,0.00,0.00,0.00,0.00,0.00,0.00,0.00,0.00,0.00,0.00,0.00,0.00,0.00,0.00,0.00,0.00,0.00,0.00,0.00,0.00,0.00,0.00
"000045","03509521000248","BA","20090512","242","242","NF","2","6920",141.40,0,0,0.00,0.00,0.00,0.00,141.40,0.00,"N",0.00,0.00,0.00,0.00,0.00,0.00,141.40,"N",0.00,0.00,0.00,"",0.00,0.00,0.00,0.00,0.00,0.00,0.00,0.00,0.00,0.00,0.00,0.00,0.00,0.00,0.00,"","","","","",0.00,0.00,0.00,0.00,0.00,0.00,0.00,0.00,0.00,0.00,"O",0,"","",0.00,1,0.00,"",0.00,"",0.00,"",0.00,"",0.00,"",0.00,"",0.00,"",0.00,"",0.00,"",0.00,0.00,0.00,0.00,0.00,0.00,0.00,0.00,0.00,0.00,0.00,0.00,0.00,0.00,0.00,0.00,0.00,0.00,0.00,0.00,0.00,"1","",0,"","",0.00,"",0.00,0.00,"C",0,0,"","P",0,0,0.00,0,"","",0.00,0.00,0.00,141.40,0.00,0.00,0.00,0.00,0.00,0.00,0.00,0.00,0.00,0.00,0.00,0.00,0.00,0.00,0.00,0.00,0.00,0.00,0.00,0.00,0.00,"02876495000142",0.00,0.00,0.00,0.00,0.00,0.00,0.00,0.00,0.00,0.00,0.00,0.00,0.00,0.00,0.00,0.00,0.00,0.00,0.00,0.00,0.00,0.00,0.00,0.00,0.00,0.00,0.00,0.00,0.00
"000046","03509521000248","BA","20090512","243","243","NF","2","6921",2988.83,0,0,0.00,0.00,0.00,0.00,2988.83,0.00,"N",0.00,0.00,0.00,0.00,0.00,0.00,2988.83,"N",0.00,0.00,0.00,"",0.00,0.00,0.00,0.00,0.00,0.00,0.00,0.00,0.00,0.00,0.00,0.00,0.00,0.00,0.00,"","","","","",0.00,0.00,0.00,0.00,0.00,0.00,0.00,0.00,0.00,0.00,"O",0,"","",0.00,1,0.00,"",0.00,"",0.00,"",0.00,"",0.00,"",0.00,"",0.00,"",0.00,"",0.00,"",0.00,0.00,0.00,0.00,0.00,0.00,0.00,0.00,0.00,0.00,0.00,0.00,0.00,0.00,0.00,0.00,0.00,0.00,0.00,0.00,0.00,"1","",0,"","",0.00,"",0.00,0.00,"C",0,0,"","P",0,0,0.00,0,"","",0.00,0.00,0.00,2988.83,0.00,0.00,0.00,0.00,0.00,0.00,0.00,0.00,0.00,0.00,0.00,0.00,0.00,0.00,0.00,0.00,0.00,0.00,0.00,0.00,0.00,"02876495000142",0.00,0.00,0.00,0.00,0.00,0.00,0.00,0.00,0.00,0.00,0.00,0.00,0.00,0.00,0.00,0.00,0.00,0.00,0.00,0.00,0.00,0.00,0.00,0.00,0.00,0.00,0.00,0.00,0.00
"000047","43375930000132","PR","20090513","244","244","NF","2","6101",13350.00,0,0,0.00,13350.00,12.00,1602.00,0.00,0.00,"N",0.00,0.00,0.00,0.00,0.00,13350.00,0.00,"N",0.00,0.00,0.00,"",13350.00,0.00,0.00,0.00,0.00,12.00,0.00,0.00,0.00,0.00,1602.00,0.00,0.00,0.00,0.00,"","","","","",0.00,0.00,0.00,0.00,0.00,0.00,0.00,0.00,0.00,0.00,"P",0,"","",0.00,1,0.00,"",0.00,"",0.00,"",0.00,"",0.00,"",0.00,"",0.00,"",0.00,"",0.00,"",0.00,0.00,0.00,0.00,0.00,0.00,0.00,0.00,0.00,0.00,0.00,0.00,0.00,0.00,0.00,0.00,0.00,0.00,0.00,0.00,0.00,"1","",0,"","",0.00,"",0.00,0.00,"C",0,0,"","P",0,0,0.00,0,"","",0.00,0.00,0.00,0.00,0.00,0.00,0.00,0.00,0.00,0.00,0.00,0.00,0.00,0.00,0.00,0.00,0.00,0.00,0.00,0.00,0.00,0.00,0.00,0.00,0.00,"02876495000142",0.00,0.00,0.00,0.00,0.00,0.00,0.00,0.00,0.00,0.00,0.00,0.00,0.00,0.00,0.00,0.00,0.00,0.00,0.00,0.00,0.00,0.00,0.00,0.00,0.00,0.00,0.00,0.00,0.00
"000048","43375930000485","SP","20090513","245","245","NF","2","6101",37343.91,0,0,0.00,37343.91,12.00,4481.26,0.00,0.00,"N",0.00,0.00,0.00,0.00,0.00,37343.91,0.00,"N",0.00,0.00,0.00,"",37343.91,0.00,0.00,0.00,0.00,12.00,0.00,0.00,0.00,0.00,4481.26,0.00,0.00,0.00,0.00,"","","","","",0.00,0.00,0.00,0.00,0.00,0.00,0.00,0.00,0.00,0.00,"P",0,"","",0.00,1,0.00,"",0.00,"",0.00,"",0.00,"",0.00,"",0.00,"",0.00,"",0.00,"",0.00,"",0.00,0.00,0.00,0.00,0.00,0.00,0.00,0.00,0.00,0.00,0.00,0.00,0.00,0.00,0.00,0.00,0.00,0.00,0.00,0.00,0.00,"1","",0,"","",0.00,"",0.00,0.00,"C",0,0,"","P",0,0,0.00,0,"","",0.00,0.00,0.00,0.00,0.00,0.00,0.00,0.00,0.00,0.00,0.00,0.00,0.00,0.00,0.00,0.00,0.00,0.00,0.00,0.00,0.00,0.00,0.00,0.00,0.00,"02876495000142",0.00,0.00,0.00,0.00,0.00,0.00,0.00,0.00,0.00,0.00,0.00,0.00,0.00,0.00,0.00,0.00,0.00,0.00,0.00,0.00,0.00,0.00,0.00,0.00,0.00,0.00,0.00,0.00,0.00
"000049","57010662002880","SP","20090513","246","246","NF","2","6101",5191.68,0,0,0.00,5191.68,12.00,623.00,0.00,0.00,"N",0.00,0.00,0.00,0.00,0.00,5191.68,0.00,"N",0.00,0.00,0.00,"",5191.68,0.00,0.00,0.00,0.00,12.00,0.00,0.00,0.00,0.00,623.00,0.00,0.00,0.00,0.00,"","","","","",0.00,0.00,0.00,0.00,0.00,0.00,0.00,0.00,0.00,0.00,"P",0,"","",0.00,1,0.00,"",0.00,"",0.00,"",0.00,"",0.00,"",0.00,"",0.00,"",0.00,"",0.00,"",0.00,0.00,0.00,0.00,0.00,0.00,0.00,0.00,0.00,0.00,0.00,0.00,0.00,0.00,0.00,0.00,0.00,0.00,0.00,0.00,0.00,"1","",0,"","",0.00,"",0.00,0.00,"C",0,0,"","P",0,0,0.00,0,"","",0.00,0.00,0.00,0.00,0.00,0.00,0.00,0.00,0.00,0.00,0.00,0.00,0.00,0.00,0.00,0.00,0.00,0.00,0.00,0.00,0.00,0.00,0.00,0.00,0.00,"02876495000142",0.00,0.00,0.00,0.00,0.00,0.00,0.00,0.00,0.00,0.00,0.00,0.00,0.00,0.00,0.00,0.00,0.00,0.00,0.00,0.00,0.00,0.00,0.00,0.00,0.00,0.00,0.00,0.00,0.00
"000050","57010662002880","SP","20090513","247","247","NF","2","6921",361.94,0,0,0.00,0.00,0.00,0.00,361.94,0.00,"N",0.00,0.00,0.00,0.00,0.00,0.00,361.94,"N",0.00,0.00,0.00,"",0.00,0.00,0.00,0.00,0.00,0.00,0.00,0.00,0.00,0.00,0.00,0.00,0.00,0.00,0.00,"","","","","",0.00,0.00,0.00,0.00,0.00,0.00,0.00,0.00,0.00,0.00,"O",0,"","",0.00,1,0.00,"",0.00,"",0.00,"",0.00,"",0.00,"",0.00,"",0.00,"",0.00,"",0.00,"",0.00,0.00,0.00,0.00,0.00,0.00,0.00,0.00,0.00,0.00,0.00,0.00,0.00,0.00,0.00,0.00,0.00,0.00,0.00,0.00,0.00,"1","",0,"","",0.00,"",0.00,0.00,"C",0,0,"","P",0,0,0.00,0,"","",0.00,0.00,0.00,361.94,0.00,0.00,0.00,0.00,0.00,0.00,0.00,0.00,0.00,0.00,0.00,0.00,0.00,0.00,0.00,0.00,0.00,0.00,0.00,0.00,0.00,"02876495000142",0.00,0.00,0.00,0.00,0.00,0.00,0.00,0.00,0.00,0.00,0.00,0.00,0.00,0.00,0.00,0.00,0.00,0.00,0.00,0.00,0.00,0.00,0.00,0.00,0.00,0.00,0.00,0.00,0.00
"000051","57010662002880","SP","20090513","248","248","NF","2","6101",18170.88,0,0,0.00,18170.88,12.00,2180.50,0.00,0.00,"N",0.00,0.00,0.00,0.00,0.00,18170.88,0.00,"N",0.00,0.00,0.00,"",18170.88,0.00,0.00,0.00,0.00,12.00,0.00,0.00,0.00,0.00,2180.50,0.00,0.00,0.00,0.00,"","","","","",0.00,0.00,0.00,0.00,0.00,0.00,0.00,0.00,0.00,0.00,"P",0,"","",0.00,1,0.00,"",0.00,"",0.00,"",0.00,"",0.00,"",0.00,"",0.00,"",0.00,"",0.00,"",0.00,0.00,0.00,0.00,0.00,0.00,0.00,0.00,0.00,0.00,0.00,0.00,0.00,0.00,0.00,0.00,0.00,0.00,0.00,0.00,0.00,"1","",0,"","",0.00,"",0.00,0.00,"C",0,0,"","P",0,0,0.00,0,"","",0.00,0.00,0.00,0.00,0.00,0.00,0.00,0.00,0.00,0.00,0.00,0.00,0.00,0.00,0.00,0.00,0.00,0.00,0.00,0.00,0.00,0.00,0.00,0.00,0.00,"02876495000142",0.00,0.00,0.00,0.00,0.00,0.00,0.00,0.00,0.00,0.00,0.00,0.00,0.00,0.00,0.00,0.00,0.00,0.00,0.00,0.00,0.00,0.00,0.00,0.00,0.00,0.00,0.00,0.00,0.00
"000052","57010662002880","SP","20090513","249","249","NF","2","6921",1221.04,0,0,0.00,0.00,0.00,0.00,1221.04,0.00,"N",0.00,0.00,0.00,0.00,0.00,0.00,1221.04,"N",0.00,0.00,0.00,"",0.00,0.00,0.00,0.00,0.00,0.00,0.00,0.00,0.00,0.00,0.00,0.00,0.00,0.00,0.00,"","","","","",0.00,0.00,0.00,0.00,0.00,0.00,0.00,0.00,0.00,0.00,"O",0,"","",0.00,1,0.00,"",0.00,"",0.00,"",0.00,"",0.00,"",0.00,"",0.00,"",0.00,"",0.00,"",0.00,0.00,0.00,0.00,0.00,0.00,0.00,0.00,0.00,0.00,0.00,0.00,0.00,0.00,0.00,0.00,0.00,0.00,0.00,0.00,0.00,"1","",0,"","",0.00,"",0.00,0.00,"C",0,0,"","P",0,0,0.00,0,"","",0.00,0.00,0.00,1221.04,0.00,0.00,0.00,0.00,0.00,0.00,0.00,0.00,0.00,0.00,0.00,0.00,0.00,0.00,0.00,0.00,0.00,0.00,0.00,0.00,0.00,"02876495000142",0.00,0.00,0.00,0.00,0.00,0.00,0.00,0.00,0.00,0.00,0.00,0.00,0.00,0.00,0.00,0.00,0.00,0.00,0.00,0.00,0.00,0.00,0.00,0.00,0.00,0.00,0.00,0.00,0.00
"000053","57010662002880","SP","20090513","250","250","NF","2","6101",2609.10,0,0,0.00,2609.10,12.00,313.09,0.00,0.00,"N",0.00,0.00,0.00,0.00,0.00,2609.10,0.00,"N",0.00,0.00,0.00,"",2609.10,0.00,0.00,0.00,0.00,12.00,0.00,0.00,0.00,0.00,313.09,0.00,0.00,0.00,0.00,"","","","","",0.00,0.00,0.00,0.00,0.00,0.00,0.00,0.00,0.00,0.00,"P",0,"","",0.00,1,0.00,"",0.00,"",0.00,"",0.00,"",0.00,"",0.00,"",0.00,"",0.00,"",0.00,"",0.00,0.00,0.00,0.00,0.00,0.00,0.00,0.00,0.00,0.00,0.00,0.00,0.00,0.00,0.00,0.00,0.00,0.00,0.00,0.00,0.00,"1","",0,"","",0.00,"",0.00,0.00,"C",0,0,"","P",0,0,0.00,0,"","",0.00,0.00,0.00,0.00,0.00,0.00,0.00,0.00,0.00,0.00,0.00,0.00,0.00,0.00,0.00,0.00,0.00,0.00,0.00,0.00,0.00,0.00,0.00,0.00,0.00,"02876495000142",0.00,0.00,0.00,0.00,0.00,0.00,0.00,0.00,0.00,0.00,0.00,0.00,0.00,0.00,0.00,0.00,0.00,0.00,0.00,0.00,0.00,0.00,0.00,0.00,0.00,0.00,0.00,0.00,0.00
"000054","57010662000160","SP","20090513","251","251","NF","2","6101",12792.00,0,0,0.00,12792.00,12.00,1535.04,0.00,0.00,"N",0.00,0.00,0.00,0.00,0.00,12792.00,0.00,"N",0.00,0.00,0.00,"",12792.00,0.00,0.00,0.00,0.00,12.00,0.00,0.00,0.00,0.00,1535.04,0.00,0.00,0.00,0.00,"","","","","",0.00,0.00,0.00,0.00,0.00,0.00,0.00,0.00,0.00,0.00,"P",0,"","",0.00,1,0.00,"",0.00,"",0.00,"",0.00,"",0.00,"",0.00,"",0.00,"",0.00,"",0.00,"",0.00,0.00,0.00,0.00,0.00,0.00,0.00,0.00,0.00,0.00,0.00,0.00,0.00,0.00,0.00,0.00,0.00,0.00,0.00,0.00,0.00,"1","",0,"","",0.00,"",0.00,0.00,"C",0,0,"","P",0,0,0.00,0,"","",0.00,0.00,0.00,0.00,0.00,0.00,0.00,0.00,0.00,0.00,0.00,0.00,0.00,0.00,0.00,0.00,0.00,0.00,0.00,0.00,0.00,0.00,0.00,0.00,0.00,"02876495000142",0.00,0.00,0.00,0.00,0.00,0.00,0.00,0.00,0.00,0.00,0.00,0.00,0.00,0.00,0.00,0.00,0.00,0.00,0.00,0.00,0.00,0.00,0.00,0.00,0.00,0.00,0.00,0.00,0.00
"000055","57010662000160","SP","20090513","252","252","NF","2","6101",22348.80,0,0,0.00,22348.80,12.00,2681.85,0.00,0.00,"N",0.00,0.00,0.00,0.00,0.00,22348.80,0.00,"N",0.00,0.00,0.00,"",22348.80,0.00,0.00,0.00,0.00,12.00,0.00,0.00,0.00,0.00,2681.85,0.00,0.00,0.00,0.00,"","","","","",0.00,0.00,0.00,0.00,0.00,0.00,0.00,0.00,0.00,0.00,"P",0,"","",0.00,1,0.00,"",0.00,"",0.00,"",0.00,"",0.00,"",0.00,"",0.00,"",0.00,"",0.00,"",0.00,0.00,0.00,0.00,0.00,0.00,0.00,0.00,0.00,0.00,0.00,0.00,0.00,0.00,0.00,0.00,0.00,0.00,0.00,0.00,0.00,"1","",0,"","",0.00,"",0.00,0.00,"C",0,0,"","P",0,0,0.00,0,"","",0.00,0.00,0.00,0.00,0.00,0.00,0.00,0.00,0.00,0.00,0.00,0.00,0.00,0.00,0.00,0.00,0.00,0.00,0.00,0.00,0.00,0.00,0.00,0.00,0.00,"02876495000142",0.00,0.00,0.00,0.00,0.00,0.00,0.00,0.00,0.00,0.00,0.00,0.00,0.00,0.00,0.00,0.00,0.00,0.00,0.00,0.00,0.00,0.00,0.00,0.00,0.00,0.00,0.00,0.00,0.00
"000056","57010662000160","SP","20090513","253","253","NF","2","6920",475.20,0,0,0.00,0.00,0.00,0.00,475.20,0.00,"N",0.00,0.00,0.00,0.00,0.00,0.00,475.20,"N",0.00,0.00,0.00,"",0.00,0.00,0.00,0.00,0.00,0.00,0.00,0.00,0.00,0.00,0.00,0.00,0.00,0.00,0.00,"","","","","",0.00,0.00,0.00,0.00,0.00,0.00,0.00,0.00,0.00,0.00,"O",0,"","",0.00,1,0.00,"",0.00,"",0.00,"",0.00,"",0.00,"",0.00,"",0.00,"",0.00,"",0.00,"",0.00,0.00,0.00,0.00,0.00,0.00,0.00,0.00,0.00,0.00,0.00,0.00,0.00,0.00,0.00,0.00,0.00,0.00,0.00,0.00,0.00,"1","",0,"","",0.00,"",0.00,0.00,"C",0,0,"","P",0,0,0.00,0,"","",0.00,0.00,0.00,475.20,0.00,0.00,0.00,0.00,0.00,0.00,0.00,0.00,0.00,0.00,0.00,0.00,0.00,0.00,0.00,0.00,0.00,0.00,0.00,0.00,0.00,"02876495000142",0.00,0.00,0.00,0.00,0.00,0.00,0.00,0.00,0.00,0.00,0.00,0.00,0.00,0.00,0.00,0.00,0.00,0.00,0.00,0.00,0.00,0.00,0.00,0.00,0.00,0.00,0.00,0.00,0.00
"000057","57010662000160","SP","20090513","254","254","NF","2","6921",612.00,0,0,0.00,0.00,0.00,0.00,612.00,0.00,"N",0.00,0.00,0.00,0.00,0.00,0.00,612.00,"N",0.00,0.00,0.00,"",0.00,0.00,0.00,0.00,0.00,0.00,0.00,0.00,0.00,0.00,0.00,0.00,0.00,0.00,0.00,"","","","","",0.00,0.00,0.00,0.00,0.00,0.00,0.00,0.00,0.00,0.00,"O",0,"","",0.00,1,0.00,"",0.00,"",0.00,"",0.00,"",0.00,"",0.00,"",0.00,"",0.00,"",0.00,"",0.00,0.00,0.00,0.00,0.00,0.00,0.00,0.00,0.00,0.00,0.00,0.00,0.00,0.00,0.00,0.00,0.00,0.00,0.00,0.00,0.00,"1","",0,"","",0.00,"",0.00,0.00,"C",0,0,"","P",0,0,0.00,0,"","",0.00,0.00,0.00,612.00,0.00,0.00,0.00,0.00,0.00,0.00,0.00,0.00,0.00,0.00,0.00,0.00,0.00,0.00,0.00,0.00,0.00,0.00,0.00,0.00,0.00,"02876495000142",0.00,0.00,0.00,0.00,0.00,0.00,0.00,0.00,0.00,0.00,0.00,0.00,0.00,0.00,0.00,0.00,0.00,0.00,0.00,0.00,0.00,0.00,0.00,0.00,0.00,0.00,0.00,0.00,0.00
"000058","57010662000160","SP","20090513","255","255","NF","2","6101",16632.32,0,0,0.00,16632.32,12.00,1995.87,0.00,0.00,"N",0.00,0.00,0.00,0.00,0.00,16632.32,0.00,"N",0.00,0.00,0.00,"",16632.32,0.00,0.00,0.00,0.00,12.00,0.00,0.00,0.00,0.00,1995.87,0.00,0.00,0.00,0.00,"","","","","",0.00,0.00,0.00,0.00,0.00,0.00,0.00,0.00,0.00,0.00,"P",0,"","",0.00,1,0.00,"",0.00,"",0.00,"",0.00,"",0.00,"",0.00,"",0.00,"",0.00,"",0.00,"",0.00,0.00,0.00,0.00,0.00,0.00,0.00,0.00,0.00,0.00,0.00,0.00,0.00,0.00,0.00,0.00,0.00,0.00,0.00,0.00,0.00,"1","",0,"","",0.00,"",0.00,0.00,"C",0,0,"","P",0,0,0.00,0,"","",0.00,0.00,0.00,0.00,0.00,0.00,0.00,0.00,0.00,0.00,0.00,0.00,0.00,0.00,0.00,0.00,0.00,0.00,0.00,0.00,0.00,0.00,0.00,0.00,0.00,"02876495000142",0.00,0.00,0.00,0.00,0.00,0.00,0.00,0.00,0.00,0.00,0.00,0.00,0.00,0.00,0.00,0.00,0.00,0.00,0.00,0.00,0.00,0.00,0.00,0.00,0.00,0.00,0.00,0.00,0.00
"000059","43375930000132","PR","20090514","256","256","NF","2","6911",39.16,0,0,0.00,0.00,0.00,0.00,39.16,0.00,"N",0.00,0.00,0.00,0.00,0.00,0.00,39.16,"N",0.00,0.00,0.00,"",0.00,0.00,0.00,0.00,0.00,0.00,0.00,0.00,0.00,0.00,0.00,0.00,0.00,0.00,0.00,"","","","","",0.00,0.00,0.00,0.00,0.00,0.00,0.00,0.00,0.00,0.00,"O",0,"","",0.00,1,0.00,"",0.00,"",0.00,"",0.00,"",0.00,"",0.00,"",0.00,"",0.00,"",0.00,"",0.00,0.00,0.00,0.00,0.00,0.00,0.00,0.00,0.00,0.00,0.00,0.00,0.00,0.00,0.00,0.00,0.00,0.00,0.00,0.00,0.00,"1","",0,"","",0.00,"",0.00,0.00,"C",0,0,"","P",0,0,0.00,0,"","",0.00,0.00,0.00,39.16,0.00,0.00,0.00,0.00,0.00,0.00,0.00,0.00,0.00,0.00,0.00,0.00,0.00,0.00,0.00,0.00,0.00,0.00,0.00,0.00,0.00,"02876495000142",0.00,0.00,0.00,0.00,0.00,0.00,0.00,0.00,0.00,0.00,0.00,0.00,0.00,0.00,0.00,0.00,0.00,0.00,0.00,0.00,0.00,0.00,0.00,0.00,0.00,0.00,0.00,0.00,0.00
"000060","",".","20090514","257","257","NF","2","7101",15996.00,0,0,0.00,0.00,0.00,0.00,15996.00,0.00,"N",0.00,0.00,0.00,0.00,0.00,15996.00,0.00,"N",0.00,0.00,0.00,"",0.00,0.00,0.00,0.00,0.00,0.00,0.00,0.00,0.00,0.00,0.00,0.00,0.00,0.00,0.00,"","","","","",0.00,0.00,0.00,0.00,0.00,0.00,0.00,0.00,0.00,0.00,"P",0,"","",0.00,1,0.00,"",0.00,"",0.00,"",0.00,"",0.00,"",0.00,"",0.00,"",0.00,"",0.00,"",0.00,0.00,0.00,0.00,0.00,0.00,0.00,0.00,0.00,0.00,0.00,0.00,0.00,0.00,0.00,0.00,0.00,0.00,0.00,0.00,0.00,"1","",0,"","",0.00,"",0.00,0.00,"C",0,0,"","P",0,0,0.00,0,"","",0.00,0.00,0.00,15996.00,0.00,0.00,0.00,0.00,0.00,0.00,0.00,0.00,0.00,0.00,0.00,0.00,0.00,0.00,0.00,0.00,0.00,0.00,0.00,0.00,0.00,"02876495000142",0.00,0.00,0.00,0.00,0.00,0.00,0.00,0.00,0.00,0.00,0.00,0.00,0.00,0.00,0.00,0.00,0.00,0.00,0.00,0.00,0.00,0.00,0.00,0.00,0.00,0.00,0.00,0.00,0.00
"000061","57010662002880","SP","20090514","258","258","NF","2","6101",30.42,0,0,0.00,30.42,12.00,3.65,0.00,0.00,"N",0.00,0.00,0.00,0.00,0.00,30.42,0.00,"N",0.00,0.00,0.00,"",30.42,0.00,0.00,0.00,0.00,12.00,0.00,0.00,0.00,0.00,3.65,0.00,0.00,0.00,0.00,"","","","","",0.00,0.00,0.00,0.00,0.00,0.00,0.00,0.00,0.00,0.00,"P",0,"","",0.00,1,0.00,"",0.00,"",0.00,"",0.00,"",0.00,"",0.00,"",0.00,"",0.00,"",0.00,"",0.00,0.00,0.00,0.00,0.00,0.00,0.00,0.00,0.00,0.00,0.00,0.00,0.00,0.00,0.00,0.00,0.00,0.00,0.00,0.00,0.00,"1","",0,"","",0.00,"",0.00,0.00,"C",0,0,"","P",0,0,0.00,0,"","",0.00,0.00,0.00,0.00,0.00,0.00,0.00,0.00,0.00,0.00,0.00,0.00,0.00,0.00,0.00,0.00,0.00,0.00,0.00,0.00,0.00,0.00,0.00,0.00,0.00,"02876495000142",0.00,0.00,0.00,0.00,0.00,0.00,0.00,0.00,0.00,0.00,0.00,0.00,0.00,0.00,0.00,0.00,0.00,0.00,0.00,0.00,0.00,0.00,0.00,0.00,0.00,0.00,0.00,0.00,0.00
"000062","04974336000106","SP","20090514","259","259","NF","2","6101",52.58,0,0,0.00,47.80,12.00,5.73,0.00,4.78,"N",0.00,0.00,0.00,47.80,4.78,0.00,0.00,"N",0.00,0.00,0.00,"",47.80,0.00,0.00,0.00,0.00,12.00,0.00,0.00,0.00,0.00,5.73,0.00,0.00,0.00,0.00,"","","","","",0.00,0.00,0.00,0.00,0.00,0.00,0.00,0.00,0.00,0.00,"V",0,"","",0.00,1,0.00,"",0.00,"",0.00,"",0.00,"",0.00,"",0.00,"",0.00,"",0.00,"",0.00,"",0.00,0.00,0.00,0.00,0.00,0.00,0.00,0.00,0.00,0.00,0.00,0.00,0.00,0.00,0.00,0.00,0.00,0.00,0.00,0.00,0.00,"1","",0,"","",0.00,"",0.00,0.00,"C",0,0,"","P",0,0,0.00,0,"","",0.00,0.00,0.00,0.00,4.78,0.00,0.00,0.00,0.00,0.00,0.00,0.00,0.00,0.00,0.00,0.00,0.00,0.00,0.00,0.00,0.00,0.00,0.00,0.00,0.00,"02876495000142",0.00,0.00,0.00,0.00,0.00,0.00,0.00,0.00,0.00,0.00,0.00,0.00,0.00,0.00,0.00,0.00,0.00,0.00,0.00,0.00,0.00,0.00,0.00,0.00,0.00,0.00,0.00,0.00,0.00
"000063","94328259000100","RS","20090514","260","260","NF","2","6101",353.40,0,0,0.00,353.40,12.00,42.40,0.00,0.00,"N",0.00,0.00,0.00,353.40,0.00,0.00,0.00,"N",0.00,0.00,0.00,"",353.40,0.00,0.00,0.00,0.00,12.00,0.00,0.00,0.00,0.00,42.40,0.00,0.00,0.00,0.00,"","","","","",0.00,0.00,0.00,0.00,0.00,0.00,0.00,0.00,0.00,0.00,"P",0,"","",0.00,1,0.00,"",0.00,"",0.00,"",0.00,"",0.00,"",0.00,"",0.00,"",0.00,"",0.00,"",0.00,0.00,0.00,0.00,0.00,0.00,0.00,0.00,0.00,0.00,0.00,0.00,0.00,0.00,0.00,0.00,0.00,0.00,0.00,0.00,0.00,"1","",0,"","",0.00,"",0.00,0.00,"C",0,0,"","P",0,0,0.00,0,"","",0.00,0.00,0.00,0.00,0.00,0.00,0.00,0.00,0.00,0.00,0.00,0.00,0.00,0.00,0.00,0.00,0.00,0.00,0.00,0.00,0.00,0.00,0.00,0.00,0.00,"02876495000142",0.00,0.00,0.00,0.00,0.00,0.00,0.00,0.00,0.00,0.00,0.00,0.00,0.00,0.00,0.00,0.00,0.00,0.00,0.00,0.00,0.00,0.00,0.00,0.00,0.00,0.00,0.00,0.00,0.00
"000064","45990181000189","SP","20090514","261","261","NF","2","6101",29006.43,0,0,0.00,29006.43,12.00,3480.77,0.00,0.00,"N",0.00,0.00,0.00,0.00,0.00,29006.43,0.00,"N",0.00,0.00,0.00,"",29006.43,0.00,0.00,0.00,0.00,12.00,0.00,0.00,0.00,0.00,3480.77,0.00,0.00,0.00,0.00,"","","","","",0.00,0.00,0.00,0.00,0.00,0.00,0.00,0.00,0.00,0.00,"P",0,"","",0.00,1,0.00,"",0.00,"",0.00,"",0.00,"",0.00,"",0.00,"",0.00,"",0.00,"",0.00,"",0.00,0.00,0.00,0.00,0.00,0.00,0.00,0.00,0.00,0.00,0.00,0.00,0.00,0.00,0.00,0.00,0.00,0.00,0.00,0.00,0.00,"1","",0,"","",0.00,"",0.00,0.00,"C",0,0,"","P",0,0,0.00,0,"","",0.00,0.00,0.00,0.00,0.00,0.00,0.00,0.00,0.00,0.00,0.00,0.00,0.00,0.00,0.00,0.00,0.00,0.00,0.00,0.00,0.00,0.00,0.00,0.00,0.00,"02876495000142",0.00,0.00,0.00,0.00,0.00,0.00,0.00,0.00,0.00,0.00,0.00,0.00,0.00,0.00,0.00,0.00,0.00,0.00,0.00,0.00,0.00,0.00,0.00,0.00,0.00,0.00,0.00,0.00,0.00
"000065","03523188000140","MG","20090514","262","262","NF","2","6101",54747.60,0,0,0.00,54747.60,12.00,6569.71,0.00,0.00,"N",0.00,0.00,0.00,0.00,0.00,54747.60,0.00,"N",0.00,0.00,0.00,"",54747.60,0.00,0.00,0.00,0.00,12.00,0.00,0.00,0.00,0.00,6569.71,0.00,0.00,0.00,0.00,"","","","","",0.00,0.00,0.00,0.00,0.00,0.00,0.00,0.00,0.00,0.00,"P",0,"","",0.00,1,0.00,"",0.00,"",0.00,"",0.00,"",0.00,"",0.00,"",0.00,"",0.00,"",0.00,"",0.00,0.00,0.00,0.00,0.00,0.00,0.00,0.00,0.00,0.00,0.00,0.00,0.00,0.00,0.00,0.00,0.00,0.00,0.00,0.00,0.00,"1","",0,"","",0.00,"",0.00,0.00,"C",0,0,"","P",0,0,0.00,0,"","",0.00,0.00,0.00,0.00,0.00,0.00,0.00,0.00,0.00,0.00,0.00,0.00,0.00,0.00,0.00,0.00,0.00,0.00,0.00,0.00,0.00,0.00,0.00,0.00,0.00,"02876495000142",0.00,0.00,0.00,0.00,0.00,0.00,0.00,0.00,0.00,0.00,0.00,0.00,0.00,0.00,0.00,0.00,0.00,0.00,0.00,0.00,0.00,0.00,0.00,0.00,0.00,0.00,0.00,0.00,0.00
"000066","56167091000109","SP","20090514","263","263","NF","2","6101",15498.00,0,0,0.00,15498.00,12.00,1859.76,0.00,0.00,"N",0.00,0.00,0.00,0.00,0.00,15498.00,0.00,"N",0.00,0.00,0.00,"",15498.00,0.00,0.00,0.00,0.00,12.00,0.00,0.00,0.00,0.00,1859.76,0.00,0.00,0.00,0.00,"","","","","",0.00,0.00,0.00,0.00,0.00,0.00,0.00,0.00,0.00,0.00,"P",0,"","",0.00,1,0.00,"",0.00,"",0.00,"",0.00,"",0.00,"",0.00,"",0.00,"",0.00,"",0.00,"",0.00,0.00,0.00,0.00,0.00,0.00,0.00,0.00,0.00,0.00,0.00,0.00,0.00,0.00,0.00,0.00,0.00,0.00,0.00,0.00,0.00,"1","",0,"","",0.00,"",0.00,0.00,"C",0,0,"","P",0,0,0.00,0,"","",0.00,0.00,0.00,0.00,0.00,0.00,0.00,0.00,0.00,0.00,0.00,0.00,0.00,0.00,0.00,0.00,0.00,0.00,0.00,0.00,0.00,0.00,0.00,0.00,0.00,"02876495000142",0.00,0.00,0.00,0.00,0.00,0.00,0.00,0.00,0.00,0.00,0.00,0.00,0.00,0.00,0.00,0.00,0.00,0.00,0.00,0.00,0.00,0.00,0.00,0.00,0.00,0.00,0.00,0.00,0.00
"000067","56167091000109","SP","20090514","264","264","NF","2","6920",1596.98,0,0,0.00,0.00,0.00,0.00,1596.98,0.00,"N",0.00,0.00,0.00,0.00,0.00,0.00,1596.98,"N",0.00,0.00,0.00,"",0.00,0.00,0.00,0.00,0.00,0.00,0.00,0.00,0.00,0.00,0.00,0.00,0.00,0.00,0.00,"","","","","",0.00,0.00,0.00,0.00,0.00,0.00,0.00,0.00,0.00,0.00,"O",0,"","",0.00,1,0.00,"",0.00,"",0.00,"",0.00,"",0.00,"",0.00,"",0.00,"",0.00,"",0.00,"",0.00,0.00,0.00,0.00,0.00,0.00,0.00,0.00,0.00,0.00,0.00,0.00,0.00,0.00,0.00,0.00,0.00,0.00,0.00,0.00,0.00,"1","",0,"","",0.00,"",0.00,0.00,"C",0,0,"","P",0,0,0.00,0,"","",0.00,0.00,0.00,1596.98,0.00,0.00,0.00,0.00,0.00,0.00,0.00,0.00,0.00,0.00,0.00,0.00,0.00,0.00,0.00,0.00,0.00,0.00,0.00,0.00,0.00,"02876495000142",0.00,0.00,0.00,0.00,0.00,0.00,0.00,0.00,0.00,0.00,0.00,0.00,0.00,0.00,0.00,0.00,0.00,0.00,0.00,0.00,0.00,0.00,0.00,0.00,0.00,0.00,0.00,0.00,0.00
"000068","56167091000109","SP","20090514","265","265","NF","2","6101",14231.25,0,0,0.00,14231.25,12.00,1707.75,0.00,0.00,"N",0.00,0.00,0.00,0.00,0.00,14231.25,0.00,"N",0.00,0.00,0.00,"",14231.25,0.00,0.00,0.00,0.00,12.00,0.00,0.00,0.00,0.00,1707.75,0.00,0.00,0.00,0.00,"","","","","",0.00,0.00,0.00,0.00,0.00,0.00,0.00,0.00,0.00,0.00,"P",0,"","",0.00,1,0.00,"",0.00,"",0.00,"",0.00,"",0.00,"",0.00,"",0.00,"",0.00,"",0.00,"",0.00,0.00,0.00,0.00,0.00,0.00,0.00,0.00,0.00,0.00,0.00,0.00,0.00,0.00,0.00,0.00,0.00,0.00,0.00,0.00,0.00,"1","",0,"","",0.00,"",0.00,0.00,"C",0,0,"","P",0,0,0.00,0,"","",0.00,0.00,0.00,0.00,0.00,0.00,0.00,0.00,0.00,0.00,0.00,0.00,0.00,0.00,0.00,0.00,0.00,0.00,0.00,0.00,0.00,0.00,0.00,0.00,0.00,"02876495000142",0.00,0.00,0.00,0.00,0.00,0.00,0.00,0.00,0.00,0.00,0.00,0.00,0.00,0.00,0.00,0.00,0.00,0.00,0.00,0.00,0.00,0.00,0.00,0.00,0.00,0.00,0.00,0.00,0.00
"000069","57010662000160","SP","20090515","266","266","NF","2","6101",12792.00,0,0,0.00,12792.00,12.00,1535.04,0.00,0.00,"N",0.00,0.00,0.00,0.00,0.00,12792.00,0.00,"N",0.00,0.00,0.00,"",12792.00,0.00,0.00,0.00,0.00,12.00,0.00,0.00,0.00,0.00,1535.04,0.00,0.00,0.00,0.00,"","","","","",0.00,0.00,0.00,0.00,0.00,0.00,0.00,0.00,0.00,0.00,"P",0,"","",0.00,1,0.00,"",0.00,"",0.00,"",0.00,"",0.00,"",0.00,"",0.00,"",0.00,"",0.00,"",0.00,0.00,0.00,0.00,0.00,0.00,0.00,0.00,0.00,0.00,0.00,0.00,0.00,0.00,0.00,0.00,0.00,0.00,0.00,0.00,0.00,"1","",0,"","",0.00,"",0.00,0.00,"C",0,0,"","P",0,0,0.00,0,"","",0.00,0.00,0.00,0.00,0.00,0.00,0.00,0.00,0.00,0.00,0.00,0.00,0.00,0.00,0.00,0.00,0.00,0.00,0.00,0.00,0.00,0.00,0.00,0.00,0.00,"02876495000142",0.00,0.00,0.00,0.00,0.00,0.00,0.00,0.00,0.00,0.00,0.00,0.00,0.00,0.00,0.00,0.00,0.00,0.00,0.00,0.00,0.00,0.00,0.00,0.00,0.00,0.00,0.00,0.00,0.00
"000070","57010662001999","RS","20090515","267","267","NF","2","6101",6720.00,0,0,0.00,6720.00,12.00,806.40,0.00,0.00,"N",0.00,0.00,0.00,0.00,0.00,6720.00,0.00,"N",0.00,0.00,0.00,"",6720.00,0.00,0.00,0.00,0.00,12.00,0.00,0.00,0.00,0.00,806.40,0.00,0.00,0.00,0.00,"","","","","",0.00,0.00,0.00,0.00,0.00,0.00,0.00,0.00,0.00,0.00,"P",0,"","",0.00,1,0.00,"",0.00,"",0.00,"",0.00,"",0.00,"",0.00,"",0.00,"",0.00,"",0.00,"",0.00,0.00,0.00,0.00,0.00,0.00,0.00,0.00,0.00,0.00,0.00,0.00,0.00,0.00,0.00,0.00,0.00,0.00,0.00,0.00,0.00,"1","",0,"","",0.00,"",0.00,0.00,"C",0,0,"","P",0,0,0.00,0,"","",0.00,0.00,0.00,0.00,0.00,0.00,0.00,0.00,0.00,0.00,0.00,0.00,0.00,0.00,0.00,0.00,0.00,0.00,0.00,0.00,0.00,0.00,0.00,0.00,0.00,"02876495000142",0.00,0.00,0.00,0.00,0.00,0.00,0.00,0.00,0.00,0.00,0.00,0.00,0.00,0.00,0.00,0.00,0.00,0.00,0.00,0.00,0.00,0.00,0.00,0.00,0.00,0.00,0.00,0.00,0.00
"000071","57010662001999","RS","20090515","268","268","NF","2","6920",985.60,0,0,0.00,0.00,0.00,0.00,985.60,0.00,"N",0.00,0.00,0.00,0.00,0.00,0.00,985.60,"N",0.00,0.00,0.00,"",0.00,0.00,0.00,0.00,0.00,0.00,0.00,0.00,0.00,0.00,0.00,0.00,0.00,0.00,0.00,"","","","","",0.00,0.00,0.00,0.00,0.00,0.00,0.00,0.00,0.00,0.00,"O",0,"","",0.00,1,0.00,"",0.00,"",0.00,"",0.00,"",0.00,"",0.00,"",0.00,"",0.00,"",0.00,"",0.00,0.00,0.00,0.00,0.00,0.00,0.00,0.00,0.00,0.00,0.00,0.00,0.00,0.00,0.00,0.00,0.00,0.00,0.00,0.00,0.00,"1","",0,"","",0.00,"",0.00,0.00,"C",0,0,"","P",0,0,0.00,0,"","",0.00,0.00,0.00,985.60,0.00,0.00,0.00,0.00,0.00,0.00,0.00,0.00,0.00,0.00,0.00,0.00,0.00,0.00,0.00,0.00,0.00,0.00,0.00,0.00,0.00,"02876495000142",0.00,0.00,0.00,0.00,0.00,0.00,0.00,0.00,0.00,0.00,0.00,0.00,0.00,0.00,0.00,0.00,0.00,0.00,0.00,0.00,0.00,0.00,0.00,0.00,0.00,0.00,0.00,0.00,0.00
"000072","57010662001999","RS","20090515","269","269","NF","2","6921",472.38,0,0,0.00,0.00,0.00,0.00,472.38,0.00,"N",0.00,0.00,0.00,0.00,0.00,0.00,472.38,"N",0.00,0.00,0.00,"",0.00,0.00,0.00,0.00,0.00,0.00,0.00,0.00,0.00,0.00,0.00,0.00,0.00,0.00,0.00,"","","","","",0.00,0.00,0.00,0.00,0.00,0.00,0.00,0.00,0.00,0.00,"O",0,"","",0.00,1,0.00,"",0.00,"",0.00,"",0.00,"",0.00,"",0.00,"",0.00,"",0.00,"",0.00,"",0.00,0.00,0.00,0.00,0.00,0.00,0.00,0.00,0.00,0.00,0.00,0.00,0.00,0.00,0.00,0.00,0.00,0.00,0.00,0.00,0.00,"1","",0,"","",0.00,"",0.00,0.00,"C",0,0,"","P",0,0,0.00,0,"","",0.00,0.00,0.00,472.38,0.00,0.00,0.00,0.00,0.00,0.00,0.00,0.00,0.00,0.00,0.00,0.00,0.00,0.00,0.00,0.00,0.00,0.00,0.00,0.00,0.00,"02876495000142",0.00,0.00,0.00,0.00,0.00,0.00,0.00,0.00,0.00,0.00,0.00,0.00,0.00,0.00,0.00,0.00,0.00,0.00,0.00,0.00,0.00,0.00,0.00,0.00,0.00,0.00,0.00,0.00,0.00
"000073","57010662001999","RS","20090515","270","270","NF","2","6101",6874.56,0,0,0.00,6874.56,12.00,824.94,0.00,0.00,"N",0.00,0.00,0.00,0.00,0.00,6874.56,0.00,"N",0.00,0.00,0.00,"",6874.56,0.00,0.00,0.00,0.00,12.00,0.00,0.00,0.00,0.00,824.94,0.00,0.00,0.00,0.00,"","","","","",0.00,0.00,0.00,0.00,0.00,0.00,0.00,0.00,0.00,0.00,"P",0,"","",0.00,1,0.00,"",0.00,"",0.00,"",0.00,"",0.00,"",0.00,"",0.00,"",0.00,"",0.00,"",0.00,0.00,0.00,0.00,0.00,0.00,0.00,0.00,0.00,0.00,0.00,0.00,0.00,0.00,0.00,0.00,0.00,0.00,0.00,0.00,0.00,"1","",0,"","",0.00,"",0.00,0.00,"C",0,0,"","P",0,0,0.00,0,"","",0.00,0.00,0.00,0.00,0.00,0.00,0.00,0.00,0.00,0.00,0.00,0.00,0.00,0.00,0.00,0.00,0.00,0.00,0.00,0.00,0.00,0.00,0.00,0.00,0.00,"02876495000142",0.00,0.00,0.00,0.00,0.00,0.00,0.00,0.00,0.00,0.00,0.00,0.00,0.00,0.00,0.00,0.00,0.00,0.00,0.00,0.00,0.00,0.00,0.00,0.00,0.00,0.00,0.00,0.00,0.00
"000074","57010662001999","RS","20090515","271","271","NF","2","6920",398.40,0,0,0.00,0.00,0.00,0.00,398.40,0.00,"N",0.00,0.00,0.00,0.00,0.00,0.00,398.40,"N",0.00,0.00,0.00,"",0.00,0.00,0.00,0.00,0.00,0.00,0.00,0.00,0.00,0.00,0.00,0.00,0.00,0.00,0.00,"","","","","",0.00,0.00,0.00,0.00,0.00,0.00,0.00,0.00,0.00,0.00,"O",0,"","",0.00,1,0.00,"",0.00,"",0.00,"",0.00,"",0.00,"",0.00,"",0.00,"",0.00,"",0.00,"",0.00,0.00,0.00,0.00,0.00,0.00,0.00,0.00,0.00,0.00,0.00,0.00,0.00,0.00,0.00,0.00,0.00,0.00,0.00,0.00,0.00,"1","",0,"","",0.00,"",0.00,0.00,"C",0,0,"","P",0,0,0.00,0,"","",0.00,0.00,0.00,398.40,0.00,0.00,0.00,0.00,0.00,0.00,0.00,0.00,0.00,0.00,0.00,0.00,0.00,0.00,0.00,0.00,0.00,0.00,0.00,0.00,0.00,"02876495000142",0.00,0.00,0.00,0.00,0.00,0.00,0.00,0.00,0.00,0.00,0.00,0.00,0.00,0.00,0.00,0.00,0.00,0.00,0.00,0.00,0.00,0.00,0.00,0.00,0.00,0.00,0.00,0.00,0.00
"000075","57010662001999","RS","20090515","272","272","NF","2","6921",605.50,0,0,0.00,0.00,0.00,0.00,605.50,0.00,"N",0.00,0.00,0.00,0.00,0.00,0.00,605.50,"N",0.00,0.00,0.00,"",0.00,0.00,0.00,0.00,0.00,0.00,0.00,0.00,0.00,0.00,0.00,0.00,0.00,0.00,0.00,"","","","","",0.00,0.00,0.00,0.00,0.00,0.00,0.00,0.00,0.00,0.00,"O",0,"","",0.00,1,0.00,"",0.00,"",0.00,"",0.00,"",0.00,"",0.00,"",0.00,"",0.00,"",0.00,"",0.00,0.00,0.00,0.00,0.00,0.00,0.00,0.00,0.00,0.00,0.00,0.00,0.00,0.00,0.00,0.00,0.00,0.00,0.00,0.00,0.00,"1","",0,"","",0.00,"",0.00,0.00,"C",0,0,"","P",0,0,0.00,0,"","",0.00,0.00,0.00,605.50,0.00,0.00,0.00,0.00,0.00,0.00,0.00,0.00,0.00,0.00,0.00,0.00,0.00,0.00,0.00,0.00,0.00,0.00,0.00,0.00,0.00,"02876495000142",0.00,0.00,0.00,0.00,0.00,0.00,0.00,0.00,0.00,0.00,0.00,0.00,0.00,0.00,0.00,0.00,0.00,0.00,0.00,0.00,0.00,0.00,0.00,0.00,0.00,0.00,0.00,0.00,0.00
"000076","02258243000311","SP","20090515","273","273","NF","2","6101",15223.11,0,0,0.00,15223.11,12.00,1826.77,0.00,0.00,"N",0.00,0.00,0.00,0.00,0.00,15223.11,0.00,"N",0.00,0.00,0.00,"",15223.11,0.00,0.00,0.00,0.00,12.00,0.00,0.00,0.00,0.00,1826.77,0.00,0.00,0.00,0.00,"","","","","",0.00,0.00,0.00,0.00,0.00,0.00,0.00,0.00,0.00,0.00,"P",0,"","",0.00,1,0.00,"",0.00,"",0.00,"",0.00,"",0.00,"",0.00,"",0.00,"",0.00,"",0.00,"",0.00,0.00,0.00,0.00,0.00,0.00,0.00,0.00,0.00,0.00,0.00,0.00,0.00,0.00,0.00,0.00,0.00,0.00,0.00,0.00,0.00,"1","",0,"","",0.00,"",0.00,0.00,"C",0,0,"","P",0,0,0.00,0,"","",0.00,0.00,0.00,0.00,0.00,0.00,0.00,0.00,0.00,0.00,0.00,0.00,0.00,0.00,0.00,0.00,0.00,0.00,0.00,0.00,0.00,0.00,0.00,0.00,0.00,"02876495000142",0.00,0.00,0.00,0.00,0.00,0.00,0.00,0.00,0.00,0.00,0.00,0.00,0.00,0.00,0.00,0.00,0.00,0.00,0.00,0.00,0.00,0.00,0.00,0.00,0.00,0.00,0.00,0.00,0.00
"000077","90627670000125","RS","20090515","274","274","NF","2","6101",1582.58,0,0,0.00,1438.73,12.00,172.64,0.00,143.85,"N",0.00,0.00,0.00,1438.73,143.85,0.00,0.00,"N",0.00,0.00,0.00,"",1438.73,0.00,0.00,0.00,0.00,12.00,0.00,0.00,0.00,0.00,172.64,0.00,0.00,0.00,0.00,"","","","","",0.00,0.00,0.00,0.00,0.00,0.00,0.00,0.00,0.00,0.00,"P",0,"","",0.00,1,0.00,"",0.00,"",0.00,"",0.00,"",0.00,"",0.00,"",0.00,"",0.00,"",0.00,"",0.00,0.00,0.00,0.00,0.00,0.00,0.00,0.00,0.00,0.00,0.00,0.00,0.00,0.00,0.00,0.00,0.00,0.00,0.00,0.00,0.00,"1","",0,"","",0.00,"",0.00,0.00,"C",0,0,"","P",0,0,0.00,0,"","",0.00,0.00,0.00,0.00,143.85,0.00,0.00,0.00,0.00,0.00,0.00,0.00,0.00,0.00,0.00,0.00,0.00,0.00,0.00,0.00,0.00,0.00,0.00,0.00,0.00,"02876495000142",0.00,0.00,0.00,0.00,0.00,0.00,0.00,0.00,0.00,0.00,0.00,0.00,0.00,0.00,0.00,0.00,0.00,0.00,0.00,0.00,0.00,0.00,0.00,0.00,0.00,0.00,0.00,0.00,0.00
"000078","04333355000153","RS","20090515","275","275","NF","2","6911",35.40,0,0,0.00,0.00,0.00,0.00,35.40,0.00,"N",0.00,0.00,0.00,35.40,0.00,0.00,0.00,"N",0.00,0.00,0.00,"",0.00,0.00,0.00,0.00,0.00,0.00,0.00,0.00,0.00,0.00,0.00,0.00,0.00,0.00,0.00,"","","","","",0.00,0.00,0.00,0.00,0.00,0.00,0.00,0.00,0.00,0.00,"O",0,"","",0.00,1,0.00,"",0.00,"",0.00,"",0.00,"",0.00,"",0.00,"",0.00,"",0.00,"",0.00,"",0.00,0.00,0.00,0.00,0.00,0.00,0.00,0.00,0.00,0.00,0.00,0.00,0.00,0.00,0.00,0.00,0.00,0.00,0.00,0.00,0.00,"1","",0,"","",0.00,"",0.00,0.00,"C",0,0,"","P",0,0,0.00,0,"","",0.00,0.00,0.00,35.40,0.00,0.00,0.00,0.00,0.00,0.00,0.00,0.00,0.00,0.00,0.00,0.00,0.00,0.00,0.00,0.00,0.00,0.00,0.00,0.00,0.00,"02876495000142",0.00,0.00,0.00,0.00,0.00,0.00,0.00,0.00,0.00,0.00,0.00,0.00,0.00,0.00,0.00,0.00,0.00,0.00,0.00,0.00,0.00,0.00,0.00,0.00,0.00,0.00,0.00,0.00,0.00
"000079","43375930000132","PR","20090515","276","276","NF","2","6911",106.80,0,0,0.00,0.00,0.00,0.00,106.80,0.00,"N",0.00,0.00,0.00,0.00,0.00,0.00,106.80,"N",0.00,0.00,0.00,"",0.00,0.00,0.00,0.00,0.00,0.00,0.00,0.00,0.00,0.00,0.00,0.00,0.00,0.00,0.00,"","","","","",0.00,0.00,0.00,0.00,0.00,0.00,0.00,0.00,0.00,0.00,"O",0,"","",0.00,1,0.00,"",0.00,"",0.00,"",0.00,"",0.00,"",0.00,"",0.00,"",0.00,"",0.00,"",0.00,0.00,0.00,0.00,0.00,0.00,0.00,0.00,0.00,0.00,0.00,0.00,0.00,0.00,0.00,0.00,0.00,0.00,0.00,0.00,0.00,"1","",0,"","",0.00,"",0.00,0.00,"C",0,0,"","P",0,0,0.00,0,"","",0.00,0.00,0.00,106.80,0.00,0.00,0.00,0.00,0.00,0.00,0.00,0.00,0.00,0.00,0.00,0.00,0.00,0.00,0.00,0.00,0.00,0.00,0.00,0.00,0.00,"02876495000142",0.00,0.00,0.00,0.00,0.00,0.00,0.00,0.00,0.00,0.00,0.00,0.00,0.00,0.00,0.00,0.00,0.00,0.00,0.00,0.00,0.00,0.00,0.00,0.00,0.00,0.00,0.00,0.00,0.00
"000080","57010662002880","SP","20090518","277","277","NF","2","6101",3360.00,0,0,0.00,3360.00,12.00,403.20,0.00,0.00,"N",0.00,0.00,0.00,0.00,0.00,3360.00,0.00,"N",0.00,0.00,0.00,"",3360.00,0.00,0.00,0.00,0.00,12.00,0.00,0.00,0.00,0.00,403.20,0.00,0.00,0.00,0.00,"","","","","",0.00,0.00,0.00,0.00,0.00,0.00,0.00,0.00,0.00,0.00,"P",0,"","",0.00,1,0.00,"",0.00,"",0.00,"",0.00,"",0.00,"",0.00,"",0.00,"",0.00,"",0.00,"",0.00,0.00,0.00,0.00,0.00,0.00,0.00,0.00,0.00,0.00,0.00,0.00,0.00,0.00,0.00,0.00,0.00,0.00,0.00,0.00,0.00,"1","",0,"","",0.00,"",0.00,0.00,"C",0,0,"","P",0,0,0.00,0,"","",0.00,0.00,0.00,0.00,0.00,0.00,0.00,0.00,0.00,0.00,0.00,0.00,0.00,0.00,0.00,0.00,0.00,0.00,0.00,0.00,0.00,0.00,0.00,0.00,0.00,"02876495000142",0.00,0.00,0.00,0.00,0.00,0.00,0.00,0.00,0.00,0.00,0.00,0.00,0.00,0.00,0.00,0.00,0.00,0.00,0.00,0.00,0.00,0.00,0.00,0.00,0.00,0.00,0.00,0.00,0.00
"000081","57010662002880","SP","20090518","278","278","NF","2","6920",492.80,0,0,0.00,0.00,0.00,0.00,492.80,0.00,"N",0.00,0.00,0.00,0.00,0.00,0.00,492.80,"N",0.00,0.00,0.00,"",0.00,0.00,0.00,0.00,0.00,0.00,0.00,0.00,0.00,0.00,0.00,0.00,0.00,0.00,0.00,"","","","","",0.00,0.00,0.00,0.00,0.00,0.00,0.00,0.00,0.00,0.00,"O",0,"","",0.00,1,0.00,"",0.00,"",0.00,"",0.00,"",0.00,"",0.00,"",0.00,"",0.00,"",0.00,"",0.00,0.00,0.00,0.00,0.00,0.00,0.00,0.00,0.00,0.00,0.00,0.00,0.00,0.00,0.00,0.00,0.00,0.00,0.00,0.00,0.00,"1","",0,"","",0.00,"",0.00,0.00,"C",0,0,"","P",0,0,0.00,0,"","",0.00,0.00,0.00,492.80,0.00,0.00,0.00,0.00,0.00,0.00,0.00,0.00,0.00,0.00,0.00,0.00,0.00,0.00,0.00,0.00,0.00,0.00,0.00,0.00,0.00,"02876495000142",0.00,0.00,0.00,0.00,0.00,0.00,0.00,0.00,0.00,0.00,0.00,0.00,0.00,0.00,0.00,0.00,0.00,0.00,0.00,0.00,0.00,0.00,0.00,0.00,0.00,0.00,0.00,0.00,0.00
"000082","57010662002880","SP","20090518","279","279","NF","2","6921",251.94,0,0,0.00,0.00,0.00,0.00,251.94,0.00,"N",0.00,0.00,0.00,0.00,0.00,0.00,251.94,"N",0.00,0.00,0.00,"",0.00,0.00,0.00,0.00,0.00,0.00,0.00,0.00,0.00,0.00,0.00,0.00,0.00,0.00,0.00,"","","","","",0.00,0.00,0.00,0.00,0.00,0.00,0.00,0.00,0.00,0.00,"O",0,"","",0.00,1,0.00,"",0.00,"",0.00,"",0.00,"",0.00,"",0.00,"",0.00,"",0.00,"",0.00,"",0.00,0.00,0.00,0.00,0.00,0.00,0.00,0.00,0.00,0.00,0.00,0.00,0.00,0.00,0.00,0.00,0.00,0.00,0.00,0.00,0.00,"1","",0,"","",0.00,"",0.00,0.00,"C",0,0,"","P",0,0,0.00,0,"","",0.00,0.00,0.00,251.94,0.00,0.00,0.00,0.00,0.00,0.00,0.00,0.00,0.00,0.00,0.00,0.00,0.00,0.00,0.00,0.00,0.00,0.00,0.00,0.00,0.00,"02876495000142",0.00,0.00,0.00,0.00,0.00,0.00,0.00,0.00,0.00,0.00,0.00,0.00,0.00,0.00,0.00,0.00,0.00,0.00,0.00,0.00,0.00,0.00,0.00,0.00,0.00,0.00,0.00,0.00,0.00
"000083","57010662002880","SP","20090518","280","280","NF","2","6101",5053.44,0,0,0.00,5053.44,12.00,606.41,0.00,0.00,"N",0.00,0.00,0.00,0.00,0.00,5053.44,0.00,"N",0.00,0.00,0.00,"",5053.44,0.00,0.00,0.00,0.00,12.00,0.00,0.00,0.00,0.00,606.41,0.00,0.00,0.00,0.00,"","","","","",0.00,0.00,0.00,0.00,0.00,0.00,0.00,0.00,0.00,0.00,"P",0,"","",0.00,1,0.00,"",0.00,"",0.00,"",0.00,"",0.00,"",0.00,"",0.00,"",0.00,"",0.00,"",0.00,0.00,0.00,0.00,0.00,0.00,0.00,0.00,0.00,0.00,0.00,0.00,0.00,0.00,0.00,0.00,0.00,0.00,0.00,0.00,0.00,"1","",0,"","",0.00,"",0.00,0.00,"C",0,0,"","P",0,0,0.00,0,"","",0.00,0.00,0.00,0.00,0.00,0.00,0.00,0.00,0.00,0.00,0.00,0.00,0.00,0.00,0.00,0.00,0.00,0.00,0.00,0.00,0.00,0.00,0.00,0.00,0.00,"02876495000142",0.00,0.00,0.00,0.00,0.00,0.00,0.00,0.00,0.00,0.00,0.00,0.00,0.00,0.00,0.00,0.00,0.00,0.00,0.00,0.00,0.00,0.00,0.00,0.00,0.00,0.00,0.00,0.00,0.00
"000084","57010662002880","SP","20090518","281","281","NF","2","6921",361.94,0,0,0.00,0.00,0.00,0.00,361.94,0.00,"N",0.00,0.00,0.00,0.00,0.00,0.00,361.94,"N",0.00,0.00,0.00,"",0.00,0.00,0.00,0.00,0.00,0.00,0.00,0.00,0.00,0.00,0.00,0.00,0.00,0.00,0.00,"","","","","",0.00,0.00,0.00,0.00,0.00,0.00,0.00,0.00,0.00,0.00,"O",0,"","",0.00,1,0.00,"",0.00,"",0.00,"",0.00,"",0.00,"",0.00,"",0.00,"",0.00,"",0.00,"",0.00,0.00,0.00,0.00,0.00,0.00,0.00,0.00,0.00,0.00,0.00,0.00,0.00,0.00,0.00,0.00,0.00,0.00,0.00,0.00,0.00,"1","",0,"","",0.00,"",0.00,0.00,"C",0,0,"","P",0,0,0.00,0,"","",0.00,0.00,0.00,361.94,0.00,0.00,0.00,0.00,0.00,0.00,0.00,0.00,0.00,0.00,0.00,0.00,0.00,0.00,0.00,0.00,0.00,0.00,0.00,0.00,0.00,"02876495000142",0.00,0.00,0.00,0.00,0.00,0.00,0.00,0.00,0.00,0.00,0.00,0.00,0.00,0.00,0.00,0.00,0.00,0.00,0.00,0.00,0.00,0.00,0.00,0.00,0.00,0.00,0.00,0.00,0.00
"000085","03523188000140","MG","20090520","282","282","NF","2","6101",79159.70,0,0,0.00,79159.70,12.00,9499.16,0.00,0.00,"N",0.00,0.00,0.00,0.00,0.00,79159.70,0.00,"N",0.00,0.00,0.00,"",79159.70,0.00,0.00,0.00,0.00,12.00,0.00,0.00,0.00,0.00,9499.16,0.00,0.00,0.00,0.00,"","","","","",0.00,0.00,0.00,0.00,0.00,0.00,0.00,0.00,0.00,0.00,"P",0,"","",0.00,1,0.00,"",0.00,"",0.00,"",0.00,"",0.00,"",0.00,"",0.00,"",0.00,"",0.00,"",0.00,0.00,0.00,0.00,0.00,0.00,0.00,0.00,0.00,0.00,0.00,0.00,0.00,0.00,0.00,0.00,0.00,0.00,0.00,0.00,0.00,"1","",0,"","",0.00,"",0.00,0.00,"C",0,0,"","P",0,0,0.00,0,"","",0.00,0.00,0.00,0.00,0.00,0.00,0.00,0.00,0.00,0.00,0.00,0.00,0.00,0.00,0.00,0.00,0.00,0.00,0.00,0.00,0.00,0.00,0.00,0.00,0.00,"02876495000142",0.00,0.00,0.00,0.00,0.00,0.00,0.00,0.00,0.00,0.00,0.00,0.00,0.00,0.00,0.00,0.00,0.00,0.00,0.00,0.00,0.00,0.00,0.00,0.00,0.00,0.00,0.00,0.00,0.00
"000086","83617159000187","SC","20090520","283","283","NF","2","5901",830.00,0,0,0.00,0.00,0.00,0.00,0.00,0.00,"N",0.00,0.00,0.00,0.00,0.00,0.00,0.00,"N",0.00,0.00,0.00,"NF FISCAL CANCELADA",0.00,0.00,0.00,0.00,0.00,0.00,0.00,0.00,0.00,0.00,0.00,0.00,0.00,0.00,0.00,"","","","","",0.00,0.00,0.00,0.00,0.00,0.00,0.00,0.00,0.00,0.00,"O",0,"","",0.00,1,0.00,"",0.00,"",0.00,"",0.00,"",0.00,"",0.00,"",0.00,"",0.00,"",0.00,"",0.00,0.00,0.00,0.00,0.00,0.00,0.00,0.00,0.00,0.00,0.00,0.00,0.00,0.00,0.00,0.00,0.00,0.00,0.00,0.00,0.00,"1","",0,"","",0.00,"",0.00,0.00,"C",0,0,"","P",0,0,0.00,0,"","",0.00,0.00,0.00,0.00,0.00,0.00,0.00,0.00,0.00,0.00,0.00,0.00,0.00,0.00,0.00,0.00,0.00,0.00,0.00,0.00,0.00,0.00,0.00,0.00,0.00,"02876495000142",0.00,0.00,0.00,0.00,0.00,0.00,0.00,0.00,0.00,0.00,0.00,0.00,0.00,0.00,0.00,0.00,0.00,0.00,0.00,0.00,0.00,0.00,0.00,0.00,0.00,0.00,0.00,0.00,0.00
"000087","83617159000187","SC","20090520","284","284","NF","2","5901",565.00,0,0,0.00,0.00,0.00,0.00,0.00,565.00,"N",0.00,0.00,0.00,0.00,0.00,0.00,565.00,"N",0.00,0.00,0.00,"",0.00,0.00,0.00,0.00,0.00,0.00,0.00,0.00,0.00,0.00,0.00,0.00,0.00,0.00,0.00,"","","","","",0.00,0.00,0.00,0.00,0.00,0.00,0.00,0.00,0.00,0.00,"O",0,"","",0.00,1,0.00,"",0.00,"",0.00,"",0.00,"",0.00,"",0.00,"",0.00,"",0.00,"",0.00,"",0.00,0.00,0.00,0.00,0.00,0.00,0.00,0.00,0.00,0.00,0.00,0.00,0.00,0.00,0.00,0.00,0.00,0.00,0.00,0.00,0.00,"1","",0,"","",0.00,"",0.00,0.00,"C",0,0,"","P",0,0,0.00,0,"","",0.00,0.00,0.00,0.00,565.00,0.00,0.00,0.00,0.00,0.00,0.00,0.00,0.00,0.00,0.00,0.00,0.00,0.00,0.00,0.00,0.00,0.00,0.00,0.00,0.00,"02876495000142",0.00,0.00,0.00,0.00,0.00,0.00,0.00,0.00,0.00,0.00,0.00,0.00,0.00,0.00,0.00,0.00,0.00,0.00,0.00,0.00,0.00,0.00,0.00,0.00,0.00,0.00,0.00,0.00,0.00
"000088","83617159000187","SC","20090520","285","285","NF","2","5901",830.00,0,0,0.00,0.00,0.00,0.00,0.00,830.00,"N",0.00,0.00,0.00,0.00,0.00,0.00,830.00,"N",0.00,0.00,0.00,"",0.00,0.00,0.00,0.00,0.00,0.00,0.00,0.00,0.00,0.00,0.00,0.00,0.00,0.00,0.00,"","","","","",0.00,0.00,0.00,0.00,0.00,0.00,0.00,0.00,0.00,0.00,"O",0,"","",0.00,1,0.00,"",0.00,"",0.00,"",0.00,"",0.00,"",0.00,"",0.00,"",0.00,"",0.00,"",0.00,0.00,0.00,0.00,0.00,0.00,0.00,0.00,0.00,0.00,0.00,0.00,0.00,0.00,0.00,0.00,0.00,0.00,0.00,0.00,0.00,"1","",0,"","",0.00,"",0.00,0.00,"C",0,0,"","P",0,0,0.00,0,"","",0.00,0.00,0.00,0.00,830.00,0.00,0.00,0.00,0.00,0.00,0.00,0.00,0.00,0.00,0.00,0.00,0.00,0.00,0.00,0.00,0.00,0.00,0.00,0.00,0.00,"02876495000142",0.00,0.00,0.00,0.00,0.00,0.00,0.00,0.00,0.00,0.00,0.00,0.00,0.00,0.00,0.00,0.00,0.00,0.00,0.00,0.00,0.00,0.00,0.00,0.00,0.00,0.00,0.00,0.00,0.00
"000089","83617159000187","SC","20090520","286","286","NF","2","5901",3885.00,0,0,0.00,0.00,0.00,0.00,0.00,3885.00,"N",0.00,0.00,0.00,0.00,0.00,0.00,3885.00,"N",0.00,0.00,0.00,"",0.00,0.00,0.00,0.00,0.00,0.00,0.00,0.00,0.00,0.00,0.00,0.00,0.00,0.00,0.00,"","","","","",0.00,0.00,0.00,0.00,0.00,0.00,0.00,0.00,0.00,0.00,"O",0,"","",0.00,1,0.00,"",0.00,"",0.00,"",0.00,"",0.00,"",0.00,"",0.00,"",0.00,"",0.00,"",0.00,0.00,0.00,0.00,0.00,0.00,0.00,0.00,0.00,0.00,0.00,0.00,0.00,0.00,0.00,0.00,0.00,0.00,0.00,0.00,0.00,"1","",0,"","",0.00,"",0.00,0.00,"C",0,0,"","P",0,0,0.00,0,"","",0.00,0.00,0.00,0.00,3885.00,0.00,0.00,0.00,0.00,0.00,0.00,0.00,0.00,0.00,0.00,0.00,0.00,0.00,0.00,0.00,0.00,0.00,0.00,0.00,0.00,"02876495000142",0.00,0.00,0.00,0.00,0.00,0.00,0.00,0.00,0.00,0.00,0.00,0.00,0.00,0.00,0.00,0.00,0.00,0.00,0.00,0.00,0.00,0.00,0.00,0.00,0.00,0.00,0.00,0.00,0.00
"000090","83617159000187","SC","20090520","287","287","NF","2","5901",5870.00,0,0,0.00,0.00,0.00,0.00,0.00,5870.00,"N",0.00,0.00,0.00,0.00,0.00,0.00,5870.00,"N",0.00,0.00,0.00,"",0.00,0.00,0.00,0.00,0.00,0.00,0.00,0.00,0.00,0.00,0.00,0.00,0.00,0.00,0.00,"","","","","",0.00,0.00,0.00,0.00,0.00,0.00,0.00,0.00,0.00,0.00,"O",0,"","",0.00,1,0.00,"",0.00,"",0.00,"",0.00,"",0.00,"",0.00,"",0.00,"",0.00,"",0.00,"",0.00,0.00,0.00,0.00,0.00,0.00,0.00,0.00,0.00,0.00,0.00,0.00,0.00,0.00,0.00,0.00,0.00,0.00,0.00,0.00,0.00,"1","",0,"","",0.00,"",0.00,0.00,"C",0,0,"","P",0,0,0.00,0,"","",0.00,0.00,0.00,0.00,5870.00,0.00,0.00,0.00,0.00,0.00,0.00,0.00,0.00,0.00,0.00,0.00,0.00,0.00,0.00,0.00,0.00,0.00,0.00,0.00,0.00,"02876495000142",0.00,0.00,0.00,0.00,0.00,0.00,0.00,0.00,0.00,0.00,0.00,0.00,0.00,0.00,0.00,0.00,0.00,0.00,0.00,0.00,0.00,0.00,0.00,0.00,0.00,0.00,0.00,0.00,0.00
"000091","57010662002880","SP","20090520","288","288","NF","2","6101",7580.16,0,0,0.00,7580.16,12.00,909.61,0.00,0.00,"N",0.00,0.00,0.00,0.00,0.00,7580.16,0.00,"N",0.00,0.00,0.00,"",7580.16,0.00,0.00,0.00,0.00,12.00,0.00,0.00,0.00,0.00,909.61,0.00,0.00,0.00,0.00,"","","","","",0.00,0.00,0.00,0.00,0.00,0.00,0.00,0.00,0.00,0.00,"P",0,"","",0.00,1,0.00,"",0.00,"",0.00,"",0.00,"",0.00,"",0.00,"",0.00,"",0.00,"",0.00,"",0.00,0.00,0.00,0.00,0.00,0.00,0.00,0.00,0.00,0.00,0.00,0.00,0.00,0.00,0.00,0.00,0.00,0.00,0.00,0.00,0.00,"1","",0,"","",0.00,"",0.00,0.00,"C",0,0,"","P",0,0,0.00,0,"","",0.00,0.00,0.00,0.00,0.00,0.00,0.00,0.00,0.00,0.00,0.00,0.00,0.00,0.00,0.00,0.00,0.00,0.00,0.00,0.00,0.00,0.00,0.00,0.00,0.00,"02876495000142",0.00,0.00,0.00,0.00,0.00,0.00,0.00,0.00,0.00,0.00,0.00,0.00,0.00,0.00,0.00,0.00,0.00,0.00,0.00,0.00,0.00,0.00,0.00,0.00,0.00,0.00,0.00,0.00,0.00
"000092","57010662002880","SP","20090520","289","289","NF","2","6921",527.66,0,0,0.00,0.00,0.00,0.00,527.66,0.00,"N",0.00,0.00,0.00,0.00,0.00,0.00,527.66,"N",0.00,0.00,0.00,"",0.00,0.00,0.00,0.00,0.00,0.00,0.00,0.00,0.00,0.00,0.00,0.00,0.00,0.00,0.00,"","","","","",0.00,0.00,0.00,0.00,0.00,0.00,0.00,0.00,0.00,0.00,"O",0,"","",0.00,1,0.00,"",0.00,"",0.00,"",0.00,"",0.00,"",0.00,"",0.00,"",0.00,"",0.00,"",0.00,0.00,0.00,0.00,0.00,0.00,0.00,0.00,0.00,0.00,0.00,0.00,0.00,0.00,0.00,0.00,0.00,0.00,0.00,0.00,0.00,"1","",0,"","",0.00,"",0.00,0.00,"C",0,0,"","P",0,0,0.00,0,"","",0.00,0.00,0.00,527.66,0.00,0.00,0.00,0.00,0.00,0.00,0.00,0.00,0.00,0.00,0.00,0.00,0.00,0.00,0.00,0.00,0.00,0.00,0.00,0.00,0.00,"02876495000142",0.00,0.00,0.00,0.00,0.00,0.00,0.00,0.00,0.00,0.00,0.00,0.00,0.00,0.00,0.00,0.00,0.00,0.00,0.00,0.00,0.00,0.00,0.00,0.00,0.00,0.00,0.00,0.00,0.00
"000093","57010662002880","SP","20090520","290","290","NF","2","6101",3360.00,0,0,0.00,3360.00,12.00,403.20,0.00,0.00,"N",0.00,0.00,0.00,0.00,0.00,3360.00,0.00,"N",0.00,0.00,0.00,"",3360.00,0.00,0.00,0.00,0.00,12.00,0.00,0.00,0.00,0.00,403.20,0.00,0.00,0.00,0.00,"","","","","",0.00,0.00,0.00,0.00,0.00,0.00,0.00,0.00,0.00,0.00,"P",0,"","",0.00,1,0.00,"",0.00,"",0.00,"",0.00,"",0.00,"",0.00,"",0.00,"",0.00,"",0.00,"",0.00,0.00,0.00,0.00,0.00,0.00,0.00,0.00,0.00,0.00,0.00,0.00,0.00,0.00,0.00,0.00,0.00,0.00,0.00,0.00,0.00,"1","",0,"","",0.00,"",0.00,0.00,"C",0,0,"","P",0,0,0.00,0,"","",0.00,0.00,0.00,0.00,0.00,0.00,0.00,0.00,0.00,0.00,0.00,0.00,0.00,0.00,0.00,0.00,0.00,0.00,0.00,0.00,0.00,0.00,0.00,0.00,0.00,"02876495000142",0.00,0.00,0.00,0.00,0.00,0.00,0.00,0.00,0.00,0.00,0.00,0.00,0.00,0.00,0.00,0.00,0.00,0.00,0.00,0.00,0.00,0.00,0.00,0.00,0.00,0.00,0.00,0.00,0.00
"000094","57010662002880","SP","20090520","291","291","NF","2","6920",492.80,0,0,0.00,0.00,0.00,0.00,492.80,0.00,"N",0.00,0.00,0.00,0.00,0.00,0.00,492.80,"N",0.00,0.00,0.00,"",0.00,0.00,0.00,0.00,0.00,0.00,0.00,0.00,0.00,0.00,0.00,0.00,0.00,0.00,0.00,"","","","","",0.00,0.00,0.00,0.00,0.00,0.00,0.00,0.00,0.00,0.00,"O",0,"","",0.00,1,0.00,"",0.00,"",0.00,"",0.00,"",0.00,"",0.00,"",0.00,"",0.00,"",0.00,"",0.00,0.00,0.00,0.00,0.00,0.00,0.00,0.00,0.00,0.00,0.00,0.00,0.00,0.00,0.00,0.00,0.00,0.00,0.00,0.00,0.00,"1","",0,"","",0.00,"",0.00,0.00,"C",0,0,"","P",0,0,0.00,0,"","",0.00,0.00,0.00,492.80,0.00,0.00,0.00,0.00,0.00,0.00,0.00,0.00,0.00,0.00,0.00,0.00,0.00,0.00,0.00,0.00,0.00,0.00,0.00,0.00,0.00,"02876495000142",0.00,0.00,0.00,0.00,0.00,0.00,0.00,0.00,0.00,0.00,0.00,0.00,0.00,0.00,0.00,0.00,0.00,0.00,0.00,0.00,0.00,0.00,0.00,0.00,0.00,0.00,0.00,0.00,0.00
"000095","57010662002880","SP","20090520","292","292","NF","2","6921",251.94,0,0,0.00,0.00,0.00,0.00,251.94,0.00,"N",0.00,0.00,0.00,0.00,0.00,0.00,251.94,"N",0.00,0.00,0.00,"",0.00,0.00,0.00,0.00,0.00,0.00,0.00,0.00,0.00,0.00,0.00,0.00,0.00,0.00,0.00,"","","","","",0.00,0.00,0.00,0.00,0.00,0.00,0.00,0.00,0.00,0.00,"O",0,"","",0.00,1,0.00,"",0.00,"",0.00,"",0.00,"",0.00,"",0.00,"",0.00,"",0.00,"",0.00,"",0.00,0.00,0.00,0.00,0.00,0.00,0.00,0.00,0.00,0.00,0.00,0.00,0.00,0.00,0.00,0.00,0.00,0.00,0.00,0.00,0.00,"1","",0,"","",0.00,"",0.00,0.00,"C",0,0,"","P",0,0,0.00,0,"","",0.00,0.00,0.00,251.94,0.00,0.00,0.00,0.00,0.00,0.00,0.00,0.00,0.00,0.00,0.00,0.00,0.00,0.00,0.00,0.00,0.00,0.00,0.00,0.00,0.00,"02876495000142",0.00,0.00,0.00,0.00,0.00,0.00,0.00,0.00,0.00,0.00,0.00,0.00,0.00,0.00,0.00,0.00,0.00,0.00,0.00,0.00,0.00,0.00,0.00,0.00,0.00,0.00,0.00,0.00,0.00
"000096","57010662002880","SP","20090520","293","293","NF","2","6101",15575.04,0,0,0.00,15575.04,12.00,1869.00,0.00,0.00,"N",0.00,0.00,0.00,0.00,0.00,15575.04,0.00,"N",0.00,0.00,0.00,"",15575.04,0.00,0.00,0.00,0.00,12.00,0.00,0.00,0.00,0.00,1869.00,0.00,0.00,0.00,0.00,"","","","","",0.00,0.00,0.00,0.00,0.00,0.00,0.00,0.00,0.00,0.00,"P",0,"","",0.00,1,0.00,"",0.00,"",0.00,"",0.00,"",0.00,"",0.00,"",0.00,"",0.00,"",0.00,"",0.00,0.00,0.00,0.00,0.00,0.00,0.00,0.00,0.00,0.00,0.00,0.00,0.00,0.00,0.00,0.00,0.00,0.00,0.00,0.00,0.00,"1","",0,"","",0.00,"",0.00,0.00,"C",0,0,"","P",0,0,0.00,0,"","",0.00,0.00,0.00,0.00,0.00,0.00,0.00,0.00,0.00,0.00,0.00,0.00,0.00,0.00,0.00,0.00,0.00,0.00,0.00,0.00,0.00,0.00,0.00,0.00,0.00,"02876495000142",0.00,0.00,0.00,0.00,0.00,0.00,0.00,0.00,0.00,0.00,0.00,0.00,0.00,0.00,0.00,0.00,0.00,0.00,0.00,0.00,0.00,0.00,0.00,0.00,0.00,0.00,0.00,0.00,0.00
"000097","57010662002880","SP","20090520","294","294","NF","2","6921",1055.32,0,0,0.00,0.00,0.00,0.00,1055.32,0.00,"N",0.00,0.00,0.00,0.00,0.00,0.00,1055.32,"N",0.00,0.00,0.00,"",0.00,0.00,0.00,0.00,0.00,0.00,0.00,0.00,0.00,0.00,0.00,0.00,0.00,0.00,0.00,"","","","","",0.00,0.00,0.00,0.00,0.00,0.00,0.00,0.00,0.00,0.00,"O",0,"","",0.00,1,0.00,"",0.00,"",0.00,"",0.00,"",0.00,"",0.00,"",0.00,"",0.00,"",0.00,"",0.00,0.00,0.00,0.00,0.00,0.00,0.00,0.00,0.00,0.00,0.00,0.00,0.00,0.00,0.00,0.00,0.00,0.00,0.00,0.00,0.00,"1","",0,"","",0.00,"",0.00,0.00,"C",0,0,"","P",0,0,0.00,0,"","",0.00,0.00,0.00,1055.32,0.00,0.00,0.00,0.00,0.00,0.00,0.00,0.00,0.00,0.00,0.00,0.00,0.00,0.00,0.00,0.00,0.00,0.00,0.00,0.00,0.00,"02876495000142",0.00,0.00,0.00,0.00,0.00,0.00,0.00,0.00,0.00,0.00,0.00,0.00,0.00,0.00,0.00,0.00,0.00,0.00,0.00,0.00,0.00,0.00,0.00,0.00,0.00,0.00,0.00,0.00,0.00
"000098","57010662002880","SP","20090520","295","295","NF","2","6101",5191.68,0,0,0.00,5191.68,12.00,623.00,0.00,0.00,"N",0.00,0.00,0.00,0.00,0.00,5191.68,0.00,"N",0.00,0.00,0.00,"",5191.68,0.00,0.00,0.00,0.00,12.00,0.00,0.00,0.00,0.00,623.00,0.00,0.00,0.00,0.00,"","","","","",0.00,0.00,0.00,0.00,0.00,0.00,0.00,0.00,0.00,0.00,"P",0,"","",0.00,1,0.00,"",0.00,"",0.00,"",0.00,"",0.00,"",0.00,"",0.00,"",0.00,"",0.00,"",0.00,0.00,0.00,0.00,0.00,0.00,0.00,0.00,0.00,0.00,0.00,0.00,0.00,0.00,0.00,0.00,0.00,0.00,0.00,0.00,0.00,"1","",0,"","",0.00,"",0.00,0.00,"C",0,0,"","P",0,0,0.00,0,"","",0.00,0.00,0.00,0.00,0.00,0.00,0.00,0.00,0.00,0.00,0.00,0.00,0.00,0.00,0.00,0.00,0.00,0.00,0.00,0.00,0.00,0.00,0.00,0.00,0.00,"02876495000142",0.00,0.00,0.00,0.00,0.00,0.00,0.00,0.00,0.00,0.00,0.00,0.00,0.00,0.00,0.00,0.00,0.00,0.00,0.00,0.00,0.00,0.00,0.00,0.00,0.00,0.00,0.00,0.00,0.00
"000099","57010662002880","SP","20090520","296","296","NF","2","6921",361.94,0,0,0.00,0.00,0.00,0.00,361.94,0.00,"N",0.00,0.00,0.00,0.00,0.00,0.00,361.94,"N",0.00,0.00,0.00,"",0.00,0.00,0.00,0.00,0.00,0.00,0.00,0.00,0.00,0.00,0.00,0.00,0.00,0.00,0.00,"","","","","",0.00,0.00,0.00,0.00,0.00,0.00,0.00,0.00,0.00,0.00,"O",0,"","",0.00,1,0.00,"",0.00,"",0.00,"",0.00,"",0.00,"",0.00,"",0.00,"",0.00,"",0.00,"",0.00,0.00,0.00,0.00,0.00,0.00,0.00,0.00,0.00,0.00,0.00,0.00,0.00,0.00,0.00,0.00,0.00,0.00,0.00,0.00,0.00,"1","",0,"","",0.00,"",0.00,0.00,"C",0,0,"","P",0,0,0.00,0,"","",0.00,0.00,0.00,361.94,0.00,0.00,0.00,0.00,0.00,0.00,0.00,0.00,0.00,0.00,0.00,0.00,0.00,0.00,0.00,0.00,0.00,0.00,0.00,0.00,0.00,"02876495000142",0.00,0.00,0.00,0.00,0.00,0.00,0.00,0.00,0.00,0.00,0.00,0.00,0.00,0.00,0.00,0.00,0.00,0.00,0.00,0.00,0.00,0.00,0.00,0.00,0.00,0.00,0.00,0.00,0.00
"000100","57010662000160","SP","20090520","297","297","NF","2","6101",27936.00,0,0,0.00,27936.00,12.00,3352.32,0.00,0.00,"N",0.00,0.00,0.00,0.00,0.00,27936.00,0.00,"N",0.00,0.00,0.00,"",27936.00,0.00,0.00,0.00,0.00,12.00,0.00,0.00,0.00,0.00,3352.32,0.00,0.00,0.00,0.00,"","","","","",0.00,0.00,0.00,0.00,0.00,0.00,0.00,0.00,0.00,0.00,"P",0,"","",0.00,1,0.00,"",0.00,"",0.00,"",0.00,"",0.00,"",0.00,"",0.00,"",0.00,"",0.00,"",0.00,0.00,0.00,0.00,0.00,0.00,0.00,0.00,0.00,0.00,0.00,0.00,0.00,0.00,0.00,0.00,0.00,0.00,0.00,0.00,0.00,"1","",0,"","",0.00,"",0.00,0.00,"C",0,0,"","P",0,0,0.00,0,"","",0.00,0.00,0.00,0.00,0.00,0.00,0.00,0.00,0.00,0.00,0.00,0.00,0.00,0.00,0.00,0.00,0.00,0.00,0.00,0.00,0.00,0.00,0.00,0.00,0.00,"02876495000142",0.00,0.00,0.00,0.00,0.00,0.00,0.00,0.00,0.00,0.00,0.00,0.00,0.00,0.00,0.00,0.00,0.00,0.00,0.00,0.00,0.00,0.00,0.00,0.00,0.00,0.00,0.00,0.00,0.00
"000101","57010662000160","SP","20090520","298","298","NF","2","6920",576.00,0,0,0.00,0.00,0.00,0.00,576.00,0.00,"N",0.00,0.00,0.00,0.00,0.00,0.00,576.00,"N",0.00,0.00,0.00,"",0.00,0.00,0.00,0.00,0.00,0.00,0.00,0.00,0.00,0.00,0.00,0.00,0.00,0.00,0.00,"","","","","",0.00,0.00,0.00,0.00,0.00,0.00,0.00,0.00,0.00,0.00,"O",0,"","",0.00,1,0.00,"",0.00,"",0.00,"",0.00,"",0.00,"",0.00,"",0.00,"",0.00,"",0.00,"",0.00,0.00,0.00,0.00,0.00,0.00,0.00,0.00,0.00,0.00,0.00,0.00,0.00,0.00,0.00,0.00,0.00,0.00,0.00,0.00,0.00,"1","",0,"","",0.00,"",0.00,0.00,"C",0,0,"","P",0,0,0.00,0,"","",0.00,0.00,0.00,576.00,0.00,0.00,0.00,0.00,0.00,0.00,0.00,0.00,0.00,0.00,0.00,0.00,0.00,0.00,0.00,0.00,0.00,0.00,0.00,0.00,0.00,"02876495000142",0.00,0.00,0.00,0.00,0.00,0.00,0.00,0.00,0.00,0.00,0.00,0.00,0.00,0.00,0.00,0.00,0.00,0.00,0.00,0.00,0.00,0.00,0.00,0.00,0.00,0.00,0.00,0.00,0.00
"000102","57010662000160","SP","20090520","299","299","NF","2","6921",936.00,0,0,0.00,0.00,0.00,0.00,936.00,0.00,"N",0.00,0.00,0.00,0.00,0.00,0.00,936.00,"N",0.00,0.00,0.00,"",0.00,0.00,0.00,0.00,0.00,0.00,0.00,0.00,0.00,0.00,0.00,0.00,0.00,0.00,0.00,"","","","","",0.00,0.00,0.00,0.00,0.00,0.00,0.00,0.00,0.00,0.00,"O",0,"","",0.00,1,0.00,"",0.00,"",0.00,"",0.00,"",0.00,"",0.00,"",0.00,"",0.00,"",0.00,"",0.00,0.00,0.00,0.00,0.00,0.00,0.00,0.00,0.00,0.00,0.00,0.00,0.00,0.00,0.00,0.00,0.00,0.00,0.00,0.00,0.00,"1","",0,"","",0.00,"",0.00,0.00,"C",0,0,"","P",0,0,0.00,0,"","",0.00,0.00,0.00,936.00,0.00,0.00,0.00,0.00,0.00,0.00,0.00,0.00,0.00,0.00,0.00,0.00,0.00,0.00,0.00,0.00,0.00,0.00,0.00,0.00,0.00,"02876495000142",0.00,0.00,0.00,0.00,0.00,0.00,0.00,0.00,0.00,0.00,0.00,0.00,0.00,0.00,0.00,0.00,0.00,0.00,0.00,0.00,0.00,0.00,0.00,0.00,0.00,0.00,0.00,0.00,0.00
"000103","57010662000160","SP","20090520","300","300","NF","2","6101",31284.32,0,0,0.00,31284.32,12.00,3754.11,0.00,0.00,"N",0.00,0.00,0.00,0.00,0.00,31284.32,0.00,"N",0.00,0.00,0.00,"",31284.32,0.00,0.00,0.00,0.00,12.00,0.00,0.00,0.00,0.00,3754.11,0.00,0.00,0.00,0.00,"","","","","",0.00,0.00,0.00,0.00,0.00,0.00,0.00,0.00,0.00,0.00,"P",0,"","",0.00,1,0.00,"",0.00,"",0.00,"",0.00,"",0.00,"",0.00,"",0.00,"",0.00,"",0.00,"",0.00,0.00,0.00,0.00,0.00,0.00,0.00,0.00,0.00,0.00,0.00,0.00,0.00,0.00,0.00,0.00,0.00,0.00,0.00,0.00,0.00,"1","",0,"","",0.00,"",0.00,0.00,"C",0,0,"","P",0,0,0.00,0,"","",0.00,0.00,0.00,0.00,0.00,0.00,0.00,0.00,0.00,0.00,0.00,0.00,0.00,0.00,0.00,0.00,0.00,0.00,0.00,0.00,0.00,0.00,0.00,0.00,0.00,"02876495000142",0.00,0.00,0.00,0.00,0.00,0.00,0.00,0.00,0.00,0.00,0.00,0.00,0.00,0.00,0.00,0.00,0.00,0.00,0.00,0.00,0.00,0.00,0.00,0.00,0.00,0.00,0.00,0.00,0.00
"000104","43375930000132","PR","20090520","301","301","NF","2","6101",10680.00,0,0,0.00,10680.00,12.00,1281.60,0.00,0.00,"N",0.00,0.00,0.00,0.00,0.00,10680.00,0.00,"N",0.00,0.00,0.00,"",10680.00,0.00,0.00,0.00,0.00,12.00,0.00,0.00,0.00,0.00,1281.60,0.00,0.00,0.00,0.00,"","","","","",0.00,0.00,0.00,0.00,0.00,0.00,0.00,0.00,0.00,0.00,"P",0,"","",0.00,1,0.00,"",0.00,"",0.00,"",0.00,"",0.00,"",0.00,"",0.00,"",0.00,"",0.00,"",0.00,0.00,0.00,0.00,0.00,0.00,0.00,0.00,0.00,0.00,0.00,0.00,0.00,0.00,0.00,0.00,0.00,0.00,0.00,0.00,0.00,"1","",0,"","",0.00,"",0.00,0.00,"C",0,0,"","P",0,0,0.00,0,"","",0.00,0.00,0.00,0.00,0.00,0.00,0.00,0.00,0.00,0.00,0.00,0.00,0.00,0.00,0.00,0.00,0.00,0.00,0.00,0.00,0.00,0.00,0.00,0.00,0.00,"02876495000142",0.00,0.00,0.00,0.00,0.00,0.00,0.00,0.00,0.00,0.00,0.00,0.00,0.00,0.00,0.00,0.00,0.00,0.00,0.00,0.00,0.00,0.00,0.00,0.00,0.00,0.00,0.00,0.00,0.00
"000105","43375930000485","SP","20090520","302","302","NF","2","6101",31420.55,0,0,0.00,31420.55,12.00,3770.46,0.00,0.00,"N",0.00,0.00,0.00,0.00,0.00,31420.55,0.00,"N",0.00,0.00,0.00,"",31420.55,0.00,0.00,0.00,0.00,12.00,0.00,0.00,0.00,0.00,3770.46,0.00,0.00,0.00,0.00,"","","","","",0.00,0.00,0.00,0.00,0.00,0.00,0.00,0.00,0.00,0.00,"P",0,"","",0.00,1,0.00,"",0.00,"",0.00,"",0.00,"",0.00,"",0.00,"",0.00,"",0.00,"",0.00,"",0.00,0.00,0.00,0.00,0.00,0.00,0.00,0.00,0.00,0.00,0.00,0.00,0.00,0.00,0.00,0.00,0.00,0.00,0.00,0.00,0.00,"1","",0,"","",0.00,"",0.00,0.00,"C",0,0,"","P",0,0,0.00,0,"","",0.00,0.00,0.00,0.00,0.00,0.00,0.00,0.00,0.00,0.00,0.00,0.00,0.00,0.00,0.00,0.00,0.00,0.00,0.00,0.00,0.00,0.00,0.00,0.00,0.00,"02876495000142",0.00,0.00,0.00,0.00,0.00,0.00,0.00,0.00,0.00,0.00,0.00,0.00,0.00,0.00,0.00,0.00,0.00,0.00,0.00,0.00,0.00,0.00,0.00,0.00,0.00,0.00,0.00,0.00,0.00
"000106","45990181000189","SP","20090521","303","303","NF","2","6101",25783.50,0,0,0.00,25783.50,12.00,3094.02,0.00,0.00,"N",0.00,0.00,0.00,0.00,0.00,25783.50,0.00,"N",0.00,0.00,0.00,"",25783.50,0.00,0.00,0.00,0.00,12.00,0.00,0.00,0.00,0.00,3094.02,0.00,0.00,0.00,0.00,"","","","","",0.00,0.00,0.00,0.00,0.00,0.00,0.00,0.00,0.00,0.00,"P",0,"","",0.00,1,0.00,"",0.00,"",0.00,"",0.00,"",0.00,"",0.00,"",0.00,"",0.00,"",0.00,"",0.00,0.00,0.00,0.00,0.00,0.00,0.00,0.00,0.00,0.00,0.00,0.00,0.00,0.00,0.00,0.00,0.00,0.00,0.00,0.00,0.00,"1","",0,"","",0.00,"",0.00,0.00,"C",0,0,"","P",0,0,0.00,0,"","",0.00,0.00,0.00,0.00,0.00,0.00,0.00,0.00,0.00,0.00,0.00,0.00,0.00,0.00,0.00,0.00,0.00,0.00,0.00,0.00,0.00,0.00,0.00,0.00,0.00,"02876495000142",0.00,0.00,0.00,0.00,0.00,0.00,0.00,0.00,0.00,0.00,0.00,0.00,0.00,0.00,0.00,0.00,0.00,0.00,0.00,0.00,0.00,0.00,0.00,0.00,0.00,0.00,0.00,0.00,0.00
"000107","03509521000248","BA","20090521","304","304","NF","2","6101",15365.00,0,0,0.00,15365.00,7.00,1075.55,0.00,0.00,"N",0.00,0.00,0.00,0.00,0.00,15365.00,0.00,"N",0.00,0.00,0.00,"",15365.00,0.00,0.00,0.00,0.00,7.00,0.00,0.00,0.00,0.00,1075.55,0.00,0.00,0.00,0.00,"","","","","",0.00,0.00,0.00,0.00,0.00,0.00,0.00,0.00,0.00,0.00,"P",0,"","",0.00,1,0.00,"",0.00,"",0.00,"",0.00,"",0.00,"",0.00,"",0.00,"",0.00,"",0.00,"",0.00,0.00,0.00,0.00,0.00,0.00,0.00,0.00,0.00,0.00,0.00,0.00,0.00,0.00,0.00,0.00,0.00,0.00,0.00,0.00,0.00,"1","",0,"","",0.00,"",0.00,0.00,"C",0,0,"","P",0,0,0.00,0,"","",0.00,0.00,0.00,0.00,0.00,0.00,0.00,0.00,0.00,0.00,0.00,0.00,0.00,0.00,0.00,0.00,0.00,0.00,0.00,0.00,0.00,0.00,0.00,0.00,0.00,"02876495000142",0.00,0.00,0.00,0.00,0.00,0.00,0.00,0.00,0.00,0.00,0.00,0.00,0.00,0.00,0.00,0.00,0.00,0.00,0.00,0.00,0.00,0.00,0.00,0.00,0.00,0.00,0.00,0.00,0.00
"000108","03509521000248","BA","20090521","305","305","NF","2","6920",141.40,0,0,0.00,0.00,0.00,0.00,141.40,0.00,"N",0.00,0.00,0.00,0.00,0.00,0.00,141.40,"N",0.00,0.00,0.00,"",0.00,0.00,0.00,0.00,0.00,0.00,0.00,0.00,0.00,0.00,0.00,0.00,0.00,0.00,0.00,"","","","","",0.00,0.00,0.00,0.00,0.00,0.00,0.00,0.00,0.00,0.00,"O",0,"","",0.00,1,0.00,"",0.00,"",0.00,"",0.00,"",0.00,"",0.00,"",0.00,"",0.00,"",0.00,"",0.00,0.00,0.00,0.00,0.00,0.00,0.00,0.00,0.00,0.00,0.00,0.00,0.00,0.00,0.00,0.00,0.00,0.00,0.00,0.00,0.00,"1","",0,"","",0.00,"",0.00,0.00,"C",0,0,"","P",0,0,0.00,0,"","",0.00,0.00,0.00,141.40,0.00,0.00,0.00,0.00,0.00,0.00,0.00,0.00,0.00,0.00,0.00,0.00,0.00,0.00,0.00,0.00,0.00,0.00,0.00,0.00,0.00,"02876495000142",0.00,0.00,0.00,0.00,0.00,0.00,0.00,0.00,0.00,0.00,0.00,0.00,0.00,0.00,0.00,0.00,0.00,0.00,0.00,0.00,0.00,0.00,0.00,0.00,0.00,0.00,0.00,0.00,0.00
"000109","03509521000248","BA","20090521","306","306","NF","2","6921",3048.83,0,0,0.00,0.00,0.00,0.00,3048.83,0.00,"N",0.00,0.00,0.00,0.00,0.00,0.00,3048.83,"N",0.00,0.00,0.00,"",0.00,0.00,0.00,0.00,0.00,0.00,0.00,0.00,0.00,0.00,0.00,0.00,0.00,0.00,0.00,"","","","","",0.00,0.00,0.00,0.00,0.00,0.00,0.00,0.00,0.00,0.00,"O",0,"","",0.00,1,0.00,"",0.00,"",0.00,"",0.00,"",0.00,"",0.00,"",0.00,"",0.00,"",0.00,"",0.00,0.00,0.00,0.00,0.00,0.00,0.00,0.00,0.00,0.00,0.00,0.00,0.00,0.00,0.00,0.00,0.00,0.00,0.00,0.00,0.00,"1","",0,"","",0.00,"",0.00,0.00,"C",0,0,"","P",0,0,0.00,0,"","",0.00,0.00,0.00,3048.83,0.00,0.00,0.00,0.00,0.00,0.00,0.00,0.00,0.00,0.00,0.00,0.00,0.00,0.00,0.00,0.00,0.00,0.00,0.00,0.00,0.00,"02876495000142",0.00,0.00,0.00,0.00,0.00,0.00,0.00,0.00,0.00,0.00,0.00,0.00,0.00,0.00,0.00,0.00,0.00,0.00,0.00,0.00,0.00,0.00,0.00,0.00,0.00,0.00,0.00,0.00,0.00
"000110","57010662001999","RS","20090521","307","307","NF","2","6101",6720.00,0,0,0.00,6720.00,12.00,806.40,0.00,0.00,"N",0.00,0.00,0.00,0.00,0.00,6720.00,0.00,"N",0.00,0.00,0.00,"",6720.00,0.00,0.00,0.00,0.00,12.00,0.00,0.00,0.00,0.00,806.40,0.00,0.00,0.00,0.00,"","","","","",0.00,0.00,0.00,0.00,0.00,0.00,0.00,0.00,0.00,0.00,"P",0,"","",0.00,1,0.00,"",0.00,"",0.00,"",0.00,"",0.00,"",0.00,"",0.00,"",0.00,"",0.00,"",0.00,0.00,0.00,0.00,0.00,0.00,0.00,0.00,0.00,0.00,0.00,0.00,0.00,0.00,0.00,0.00,0.00,0.00,0.00,0.00,0.00,"1","",0,"","",0.00,"",0.00,0.00,"C",0,0,"","P",0,0,0.00,0,"","",0.00,0.00,0.00,0.00,0.00,0.00,0.00,0.00,0.00,0.00,0.00,0.00,0.00,0.00,0.00,0.00,0.00,0.00,0.00,0.00,0.00,0.00,0.00,0.00,0.00,"02876495000142",0.00,0.00,0.00,0.00,0.00,0.00,0.00,0.00,0.00,0.00,0.00,0.00,0.00,0.00,0.00,0.00,0.00,0.00,0.00,0.00,0.00,0.00,0.00,0.00,0.00,0.00,0.00,0.00,0.00
"000111","57010662001999","RS","20090521","308","308","NF","2","6920",985.60,0,0,0.00,0.00,0.00,0.00,985.60,0.00,"N",0.00,0.00,0.00,0.00,0.00,0.00,985.60,"N",0.00,0.00,0.00,"",0.00,0.00,0.00,0.00,0.00,0.00,0.00,0.00,0.00,0.00,0.00,0.00,0.00,0.00,0.00,"","","","","",0.00,0.00,0.00,0.00,0.00,0.00,0.00,0.00,0.00,0.00,"O",0,"","",0.00,1,0.00,"",0.00,"",0.00,"",0.00,"",0.00,"",0.00,"",0.00,"",0.00,"",0.00,"",0.00,0.00,0.00,0.00,0.00,0.00,0.00,0.00,0.00,0.00,0.00,0.00,0.00,0.00,0.00,0.00,0.00,0.00,0.00,0.00,0.00,"1","",0,"","",0.00,"",0.00,0.00,"C",0,0,"","P",0,0,0.00,0,"","",0.00,0.00,0.00,985.60,0.00,0.00,0.00,0.00,0.00,0.00,0.00,0.00,0.00,0.00,0.00,0.00,0.00,0.00,0.00,0.00,0.00,0.00,0.00,0.00,0.00,"02876495000142",0.00,0.00,0.00,0.00,0.00,0.00,0.00,0.00,0.00,0.00,0.00,0.00,0.00,0.00,0.00,0.00,0.00,0.00,0.00,0.00,0.00,0.00,0.00,0.00,0.00,0.00,0.00,0.00,0.00
"000112","57010662001999","RS","20090521","309","309","NF","2","6921",371.42,0,0,0.00,0.00,0.00,0.00,371.42,0.00,"N",0.00,0.00,0.00,0.00,0.00,0.00,371.42,"N",0.00,0.00,0.00,"",0.00,0.00,0.00,0.00,0.00,0.00,0.00,0.00,0.00,0.00,0.00,0.00,0.00,0.00,0.00,"","","","","",0.00,0.00,0.00,0.00,0.00,0.00,0.00,0.00,0.00,0.00,"O",0,"","",0.00,1,0.00,"",0.00,"",0.00,"",0.00,"",0.00,"",0.00,"",0.00,"",0.00,"",0.00,"",0.00,0.00,0.00,0.00,0.00,0.00,0.00,0.00,0.00,0.00,0.00,0.00,0.00,0.00,0.00,0.00,0.00,0.00,0.00,0.00,0.00,"1","",0,"","",0.00,"",0.00,0.00,"C",0,0,"","P",0,0,0.00,0,"","",0.00,0.00,0.00,371.42,0.00,0.00,0.00,0.00,0.00,0.00,0.00,0.00,0.00,0.00,0.00,0.00,0.00,0.00,0.00,0.00,0.00,0.00,0.00,0.00,0.00,"02876495000142",0.00,0.00,0.00,0.00,0.00,0.00,0.00,0.00,0.00,0.00,0.00,0.00,0.00,0.00,0.00,0.00,0.00,0.00,0.00,0.00,0.00,0.00,0.00,0.00,0.00,0.00,0.00,0.00,0.00
"000113","57010662001999","RS","20090521","310","310","NF","2","6101",6874.56,0,0,0.00,6874.56,12.00,824.94,0.00,0.00,"N",0.00,0.00,0.00,0.00,0.00,6874.56,0.00,"N",0.00,0.00,0.00,"",6874.56,0.00,0.00,0.00,0.00,12.00,0.00,0.00,0.00,0.00,824.94,0.00,0.00,0.00,0.00,"","","","","",0.00,0.00,0.00,0.00,0.00,0.00,0.00,0.00,0.00,0.00,"P",0,"","",0.00,1,0.00,"",0.00,"",0.00,"",0.00,"",0.00,"",0.00,"",0.00,"",0.00,"",0.00,"",0.00,0.00,0.00,0.00,0.00,0.00,0.00,0.00,0.00,0.00,0.00,0.00,0.00,0.00,0.00,0.00,0.00,0.00,0.00,0.00,0.00,"1","",0,"","",0.00,"",0.00,0.00,"C",0,0,"","P",0,0,0.00,0,"","",0.00,0.00,0.00,0.00,0.00,0.00,0.00,0.00,0.00,0.00,0.00,0.00,0.00,0.00,0.00,0.00,0.00,0.00,0.00,0.00,0.00,0.00,0.00,0.00,0.00,"02876495000142",0.00,0.00,0.00,0.00,0.00,0.00,0.00,0.00,0.00,0.00,0.00,0.00,0.00,0.00,0.00,0.00,0.00,0.00,0.00,0.00,0.00,0.00,0.00,0.00,0.00,0.00,0.00,0.00,0.00
"000114","83617159000187","SC","20090521","311","311","NF","2","5901",3672.50,0,0,0.00,0.00,0.00,0.00,0.00,3672.50,"N",0.00,0.00,0.00,0.00,0.00,0.00,3672.50,"N",0.00,0.00,0.00,"",0.00,0.00,0.00,0.00,0.00,0.00,0.00,0.00,0.00,0.00,0.00,0.00,0.00,0.00,0.00,"","","","","",0.00,0.00,0.00,0.00,0.00,0.00,0.00,0.00,0.00,0.00,"O",0,"","",0.00,1,0.00,"",0.00,"",0.00,"",0.00,"",0.00,"",0.00,"",0.00,"",0.00,"",0.00,"",0.00,0.00,0.00,0.00,0.00,0.00,0.00,0.00,0.00,0.00,0.00,0.00,0.00,0.00,0.00,0.00,0.00,0.00,0.00,0.00,0.00,"1","",0,"","",0.00,"",0.00,0.00,"C",0,0,"","P",0,0,0.00,0,"","",0.00,0.00,0.00,0.00,3672.50,0.00,0.00,0.00,0.00,0.00,0.00,0.00,0.00,0.00,0.00,0.00,0.00,0.00,0.00,0.00,0.00,0.00,0.00,0.00,0.00,"02876495000142",0.00,0.00,0.00,0.00,0.00,0.00,0.00,0.00,0.00,0.00,0.00,0.00,0.00,0.00,0.00,0.00,0.00,0.00,0.00,0.00,0.00,0.00,0.00,0.00,0.00,0.00,0.00,0.00,0.00
"000115","57010662001999","RS","20090521","312","312","NF","2","6920",398.40,0,0,0.00,0.00,0.00,0.00,398.40,0.00,"N",0.00,0.00,0.00,0.00,0.00,0.00,398.40,"N",0.00,0.00,0.00,"",0.00,0.00,0.00,0.00,0.00,0.00,0.00,0.00,0.00,0.00,0.00,0.00,0.00,0.00,0.00,"","","","","",0.00,0.00,0.00,0.00,0.00,0.00,0.00,0.00,0.00,0.00,"O",0,"","",0.00,1,0.00,"",0.00,"",0.00,"",0.00,"",0.00,"",0.00,"",0.00,"",0.00,"",0.00,"",0.00,0.00,0.00,0.00,0.00,0.00,0.00,0.00,0.00,0.00,0.00,0.00,0.00,0.00,0.00,0.00,0.00,0.00,0.00,0.00,0.00,"1","",0,"","",0.00,"",0.00,0.00,"C",0,0,"","P",0,0,0.00,0,"","",0.00,0.00,0.00,398.40,0.00,0.00,0.00,0.00,0.00,0.00,0.00,0.00,0.00,0.00,0.00,0.00,0.00,0.00,0.00,0.00,0.00,0.00,0.00,0.00,0.00,"02876495000142",0.00,0.00,0.00,0.00,0.00,0.00,0.00,0.00,0.00,0.00,0.00,0.00,0.00,0.00,0.00,0.00,0.00,0.00,0.00,0.00,0.00,0.00,0.00,0.00,0.00,0.00,0.00,0.00,0.00
"000116","57010662001999","RS","20090521","313","313","NF","2","6921",389.50,0,0,0.00,0.00,0.00,0.00,389.50,0.00,"N",0.00,0.00,0.00,0.00,0.00,0.00,389.50,"N",0.00,0.00,0.00,"",0.00,0.00,0.00,0.00,0.00,0.00,0.00,0.00,0.00,0.00,0.00,0.00,0.00,0.00,0.00,"","","","","",0.00,0.00,0.00,0.00,0.00,0.00,0.00,0.00,0.00,0.00,"O",0,"","",0.00,1,0.00,"",0.00,"",0.00,"",0.00,"",0.00,"",0.00,"",0.00,"",0.00,"",0.00,"",0.00,0.00,0.00,0.00,0.00,0.00,0.00,0.00,0.00,0.00,0.00,0.00,0.00,0.00,0.00,0.00,0.00,0.00,0.00,0.00,0.00,"1","",0,"","",0.00,"",0.00,0.00,"C",0,0,"","P",0,0,0.00,0,"","",0.00,0.00,0.00,389.50,0.00,0.00,0.00,0.00,0.00,0.00,0.00,0.00,0.00,0.00,0.00,0.00,0.00,0.00,0.00,0.00,0.00,0.00,0.00,0.00,0.00,"02876495000142",0.00,0.00,0.00,0.00,0.00,0.00,0.00,0.00,0.00,0.00,0.00,0.00,0.00,0.00,0.00,0.00,0.00,0.00,0.00,0.00,0.00,0.00,0.00,0.00,0.00,0.00,0.00,0.00,0.00
"000117","83617159000187","SC","20090521","314","314","NF","2","5901",2620.00,0,0,0.00,0.00,0.00,0.00,0.00,2620.00,"N",0.00,0.00,0.00,0.00,0.00,0.00,2620.00,"N",0.00,0.00,0.00,"",0.00,0.00,0.00,0.00,0.00,0.00,0.00,0.00,0.00,0.00,0.00,0.00,0.00,0.00,0.00,"","","","","",0.00,0.00,0.00,0.00,0.00,0.00,0.00,0.00,0.00,0.00,"O",0,"","",0.00,1,0.00,"",0.00,"",0.00,"",0.00,"",0.00,"",0.00,"",0.00,"",0.00,"",0.00,"",0.00,0.00,0.00,0.00,0.00,0.00,0.00,0.00,0.00,0.00,0.00,0.00,0.00,0.00,0.00,0.00,0.00,0.00,0.00,0.00,0.00,"1","",0,"","",0.00,"",0.00,0.00,"C",0,0,"","P",0,0,0.00,0,"","",0.00,0.00,0.00,0.00,2620.00,0.00,0.00,0.00,0.00,0.00,0.00,0.00,0.00,0.00,0.00,0.00,0.00,0.00,0.00,0.00,0.00,0.00,0.00,0.00,0.00,"02876495000142",0.00,0.00,0.00,0.00,0.00,0.00,0.00,0.00,0.00,0.00,0.00,0.00,0.00,0.00,0.00,0.00,0.00,0.00,0.00,0.00,0.00,0.00,0.00,0.00,0.00,0.00,0.00,0.00,0.00
"000118","83617159000187","SC","20090521","315","315","NF","2","5901",2733.75,0,0,0.00,0.00,0.00,0.00,0.00,2733.75,"N",0.00,0.00,0.00,0.00,0.00,0.00,2733.75,"N",0.00,0.00,0.00,"",0.00,0.00,0.00,0.00,0.00,0.00,0.00,0.00,0.00,0.00,0.00,0.00,0.00,0.00,0.00,"","","","","",0.00,0.00,0.00,0.00,0.00,0.00,0.00,0.00,0.00,0.00,"O",0,"","",0.00,1,0.00,"",0.00,"",0.00,"",0.00,"",0.00,"",0.00,"",0.00,"",0.00,"",0.00,"",0.00,0.00,0.00,0.00,0.00,0.00,0.00,0.00,0.00,0.00,0.00,0.00,0.00,0.00,0.00,0.00,0.00,0.00,0.00,0.00,0.00,"1","",0,"","",0.00,"",0.00,0.00,"C",0,0,"","P",0,0,0.00,0,"","",0.00,0.00,0.00,0.00,2733.75,0.00,0.00,0.00,0.00,0.00,0.00,0.00,0.00,0.00,0.00,0.00,0.00,0.00,0.00,0.00,0.00,0.00,0.00,0.00,0.00,"02876495000142",0.00,0.00,0.00,0.00,0.00,0.00,0.00,0.00,0.00,0.00,0.00,0.00,0.00,0.00,0.00,0.00,0.00,0.00,0.00,0.00,0.00,0.00,0.00,0.00,0.00,0.00,0.00,0.00,0.00
"000119","56167091000109","SP","20090521","316","316","NF","2","6101",8662.50,0,0,0.00,8662.50,12.00,1039.50,0.00,0.00,"N",0.00,0.00,0.00,0.00,0.00,8662.50,0.00,"N",0.00,0.00,0.00,"",8662.50,0.00,0.00,0.00,0.00,12.00,0.00,0.00,0.00,0.00,1039.50,0.00,0.00,0.00,0.00,"","","","","",0.00,0.00,0.00,0.00,0.00,0.00,0.00,0.00,0.00,0.00,"P",0,"","",0.00,1,0.00,"",0.00,"",0.00,"",0.00,"",0.00,"",0.00,"",0.00,"",0.00,"",0.00,"",0.00,0.00,0.00,0.00,0.00,0.00,0.00,0.00,0.00,0.00,0.00,0.00,0.00,0.00,0.00,0.00,0.00,0.00,0.00,0.00,0.00,"1","",0,"","",0.00,"",0.00,0.00,"C",0,0,"","P",0,0,0.00,0,"","",0.00,0.00,0.00,0.00,0.00,0.00,0.00,0.00,0.00,0.00,0.00,0.00,0.00,0.00,0.00,0.00,0.00,0.00,0.00,0.00,0.00,0.00,0.00,0.00,0.00,"02876495000142",0.00,0.00,0.00,0.00,0.00,0.00,0.00,0.00,0.00,0.00,0.00,0.00,0.00,0.00,0.00,0.00,0.00,0.00,0.00,0.00,0.00,0.00,0.00,0.00,0.00,0.00,0.00,0.00,0.00
"000120","56167091000109","SP","20090521","317","317","NF","2","6101",17220.00,0,0,0.00,17220.00,12.00,2066.40,0.00,0.00,"N",0.00,0.00,0.00,0.00,0.00,17220.00,0.00,"N",0.00,0.00,0.00,"",17220.00,0.00,0.00,0.00,0.00,12.00,0.00,0.00,0.00,0.00,2066.40,0.00,0.00,0.00,0.00,"","","","","",0.00,0.00,0.00,0.00,0.00,0.00,0.00,0.00,0.00,0.00,"P",0,"","",0.00,1,0.00,"",0.00,"",0.00,"",0.00,"",0.00,"",0.00,"",0.00,"",0.00,"",0.00,"",0.00,0.00,0.00,0.00,0.00,0.00,0.00,0.00,0.00,0.00,0.00,0.00,0.00,0.00,0.00,0.00,0.00,0.00,0.00,0.00,0.00,"1","",0,"","",0.00,"",0.00,0.00,"C",0,0,"","P",0,0,0.00,0,"","",0.00,0.00,0.00,0.00,0.00,0.00,0.00,0.00,0.00,0.00,0.00,0.00,0.00,0.00,0.00,0.00,0.00,0.00,0.00,0.00,0.00,0.00,0.00,0.00,0.00,"02876495000142",0.00,0.00,0.00,0.00,0.00,0.00,0.00,0.00,0.00,0.00,0.00,0.00,0.00,0.00,0.00,0.00,0.00,0.00,0.00,0.00,0.00,0.00,0.00,0.00,0.00,0.00,0.00,0.00,0.00
"000121","56167091000109","SP","20090521","318","318","NF","2","6920",1746.20,0,0,0.00,0.00,0.00,0.00,1746.20,0.00,"N",0.00,0.00,0.00,0.00,0.00,0.00,1746.20,"N",0.00,0.00,0.00,"",0.00,0.00,0.00,0.00,0.00,0.00,0.00,0.00,0.00,0.00,0.00,0.00,0.00,0.00,0.00,"","","","","",0.00,0.00,0.00,0.00,0.00,0.00,0.00,0.00,0.00,0.00,"O",0,"","",0.00,1,0.00,"",0.00,"",0.00,"",0.00,"",0.00,"",0.00,"",0.00,"",0.00,"",0.00,"",0.00,0.00,0.00,0.00,0.00,0.00,0.00,0.00,0.00,0.00,0.00,0.00,0.00,0.00,0.00,0.00,0.00,0.00,0.00,0.00,0.00,"1","",0,"","",0.00,"",0.00,0.00,"C",0,0,"","P",0,0,0.00,0,"","",0.00,0.00,0.00,1746.20,0.00,0.00,0.00,0.00,0.00,0.00,0.00,0.00,0.00,0.00,0.00,0.00,0.00,0.00,0.00,0.00,0.00,0.00,0.00,0.00,0.00,"02876495000142",0.00,0.00,0.00,0.00,0.00,0.00,0.00,0.00,0.00,0.00,0.00,0.00,0.00,0.00,0.00,0.00,0.00,0.00,0.00,0.00,0.00,0.00,0.00,0.00,0.00,0.00,0.00,0.00,0.00
"000122","02258243000311","SP","20090522","319","319","NF","2","6101",38601.47,0,0,0.00,38601.47,12.00,4632.17,0.00,0.00,"N",0.00,0.00,0.00,0.00,0.00,38601.47,0.00,"N",0.00,0.00,0.00,"",38601.47,0.00,0.00,0.00,0.00,12.00,0.00,0.00,0.00,0.00,4632.17,0.00,0.00,0.00,0.00,"","","","","",0.00,0.00,0.00,0.00,0.00,0.00,0.00,0.00,0.00,0.00,"P",0,"","",0.00,1,0.00,"",0.00,"",0.00,"",0.00,"",0.00,"",0.00,"",0.00,"",0.00,"",0.00,"",0.00,0.00,0.00,0.00,0.00,0.00,0.00,0.00,0.00,0.00,0.00,0.00,0.00,0.00,0.00,0.00,0.00,0.00,0.00,0.00,0.00,"1","",0,"","",0.00,"",0.00,0.00,"C",0,0,"","P",0,0,0.00,0,"","",0.00,0.00,0.00,0.00,0.00,0.00,0.00,0.00,0.00,0.00,0.00,0.00,0.00,0.00,0.00,0.00,0.00,0.00,0.00,0.00,0.00,0.00,0.00,0.00,0.00,"02876495000142",0.00,0.00,0.00,0.00,0.00,0.00,0.00,0.00,0.00,0.00,0.00,0.00,0.00,0.00,0.00,0.00,0.00,0.00,0.00,0.00,0.00,0.00,0.00,0.00,0.00,0.00,0.00,0.00,0.00
"000123","57010662000160","SP","20090522","320","320","NF","2","6101",15691.52,0,0,0.00,15691.52,12.00,1882.98,0.00,0.00,"N",0.00,0.00,0.00,0.00,0.00,15691.52,0.00,"N",0.00,0.00,0.00,"",15691.52,0.00,0.00,0.00,0.00,12.00,0.00,0.00,0.00,0.00,1882.98,0.00,0.00,0.00,0.00,"","","","","",0.00,0.00,0.00,0.00,0.00,0.00,0.00,0.00,0.00,0.00,"P",0,"","",0.00,1,0.00,"",0.00,"",0.00,"",0.00,"",0.00,"",0.00,"",0.00,"",0.00,"",0.00,"",0.00,0.00,0.00,0.00,0.00,0.00,0.00,0.00,0.00,0.00,0.00,0.00,0.00,0.00,0.00,0.00,0.00,0.00,0.00,0.00,0.00,"1","",0,"","",0.00,"",0.00,0.00,"C",0,0,"","P",0,0,0.00,0,"","",0.00,0.00,0.00,0.00,0.00,0.00,0.00,0.00,0.00,0.00,0.00,0.00,0.00,0.00,0.00,0.00,0.00,0.00,0.00,0.00,0.00,0.00,0.00,0.00,0.00,"02876495000142",0.00,0.00,0.00,0.00,0.00,0.00,0.00,0.00,0.00,0.00,0.00,0.00,0.00,0.00,0.00,0.00,0.00,0.00,0.00,0.00,0.00,0.00,0.00,0.00,0.00,0.00,0.00,0.00,0.00
"000124","95369039000197","PR","20090522","321","321","NF","2","6101",22873.50,0,0,0.00,19890.00,12.00,2386.80,0.00,2983.50,"N",0.00,0.00,0.00,19890.00,2983.50,0.00,0.00,"N",0.00,0.00,0.00,"",19890.00,0.00,0.00,0.00,0.00,12.00,0.00,0.00,0.00,0.00,2386.80,0.00,0.00,0.00,0.00,"","","","","",0.00,0.00,0.00,0.00,0.00,0.00,0.00,0.00,0.00,0.00,"P",0,"","",0.00,1,0.00,"",0.00,"",0.00,"",0.00,"",0.00,"",0.00,"",0.00,"",0.00,"",0.00,"",0.00,0.00,0.00,0.00,0.00,0.00,0.00,0.00,0.00,0.00,0.00,0.00,0.00,0.00,0.00,0.00,0.00,0.00,0.00,0.00,0.00,"1","",0,"","",0.00,"",0.00,0.00,"C",0,0,"","P",0,0,0.00,0,"","",0.00,0.00,0.00,0.00,2983.50,0.00,0.00,0.00,0.00,0.00,0.00,0.00,0.00,0.00,0.00,0.00,0.00,0.00,0.00,0.00,0.00,0.00,0.00,0.00,0.00,"02876495000142",0.00,0.00,0.00,0.00,0.00,0.00,0.00,0.00,0.00,0.00,0.00,0.00,0.00,0.00,0.00,0.00,0.00,0.00,0.00,0.00,0.00,0.00,0.00,0.00,0.00,0.00,0.00,0.00,0.00
"000125","",".","20090522","322","322","NF","2","7949",107.10,0,0,0.00,0.00,0.00,0.00,107.10,0.00,"N",0.00,0.00,0.00,0.00,0.00,0.00,107.10,"N",0.00,0.00,0.00,"",0.00,0.00,0.00,0.00,0.00,0.00,0.00,0.00,0.00,0.00,0.00,0.00,0.00,0.00,0.00,"","","","","",0.00,0.00,0.00,0.00,0.00,0.00,0.00,0.00,0.00,0.00,"O",0,"","",0.00,1,0.00,"",0.00,"",0.00,"",0.00,"",0.00,"",0.00,"",0.00,"",0.00,"",0.00,"",0.00,0.00,0.00,0.00,0.00,0.00,0.00,0.00,0.00,0.00,0.00,0.00,0.00,0.00,0.00,0.00,0.00,0.00,0.00,0.00,0.00,"1","",0,"","",0.00,"",0.00,0.00,"C",0,0,"","P",0,0,0.00,0,"","",0.00,0.00,0.00,107.10,0.00,0.00,0.00,0.00,0.00,0.00,0.00,0.00,0.00,0.00,0.00,0.00,0.00,0.00,0.00,0.00,0.00,0.00,0.00,0.00,0.00,"02876495000142",0.00,0.00,0.00,0.00,0.00,0.00,0.00,0.00,0.00,0.00,0.00,0.00,0.00,0.00,0.00,0.00,0.00,0.00,0.00,0.00,0.00,0.00,0.00,0.00,0.00,0.00,0.00,0.00,0.00
"000126","",".","20090525","323","323","NF","2","7101",6201.00,0,0,0.00,0.00,0.00,0.00,6100.00,101.00,"N",0.00,0.00,0.00,0.00,0.00,6201.00,0.00,"N",0.00,0.00,0.00,"",0.00,0.00,0.00,0.00,0.00,0.00,0.00,0.00,0.00,0.00,0.00,0.00,0.00,0.00,0.00,"","","","","",0.00,0.00,0.00,0.00,0.00,0.00,0.00,0.00,0.00,0.00,"P",0,"","",0.00,1,0.00,"",0.00,"",0.00,"",0.00,"",0.00,"",0.00,"",0.00,"",0.00,"",0.00,"",0.00,0.00,0.00,0.00,0.00,0.00,0.00,0.00,0.00,0.00,0.00,0.00,0.00,0.00,0.00,0.00,0.00,0.00,0.00,0.00,0.00,"1","",0,"","",0.00,"",0.00,0.00,"C",0,0,"","P",0,0,0.00,0,"","",0.00,0.00,0.00,6100.00,101.00,0.00,0.00,0.00,0.00,0.00,0.00,0.00,0.00,0.00,0.00,0.00,0.00,0.00,0.00,0.00,0.00,0.00,0.00,0.00,0.00,"02876495000142",0.00,0.00,0.00,0.00,0.00,0.00,0.00,0.00,0.00,0.00,0.00,0.00,0.00,0.00,0.00,0.00,0.00,0.00,0.00,0.00,0.00,0.00,0.00,0.00,0.00,0.00,0.00,0.00,0.00
"000127","84684182000157","SC","20090525","324","324","NF","2","5915",1880.00,0,0,0.00,0.00,0.00,0.00,0.00,1880.00,"N",0.00,0.00,0.00,0.00,0.00,0.00,1880.00,"N",0.00,0.00,0.00,"",0.00,0.00,0.00,0.00,0.00,0.00,0.00,0.00,0.00,0.00,0.00,0.00,0.00,0.00,0.00,"","","","","",0.00,0.00,0.00,0.00,0.00,0.00,0.00,0.00,0.00,0.00,"O",0,"","",0.00,1,0.00,"",0.00,"",0.00,"",0.00,"",0.00,"",0.00,"",0.00,"",0.00,"",0.00,"",0.00,0.00,0.00,0.00,0.00,0.00,0.00,0.00,0.00,0.00,0.00,0.00,0.00,0.00,0.00,0.00,0.00,0.00,0.00,0.00,0.00,"1","",0,"","",0.00,"",0.00,0.00,"C",0,0,"","P",0,0,0.00,0,"","",0.00,0.00,0.00,0.00,1880.00,0.00,0.00,0.00,0.00,0.00,0.00,0.00,0.00,0.00,0.00,0.00,0.00,0.00,0.00,0.00,0.00,0.00,0.00,0.00,0.00,"02876495000142",0.00,0.00,0.00,0.00,0.00,0.00,0.00,0.00,0.00,0.00,0.00,0.00,0.00,0.00,0.00,0.00,0.00,0.00,0.00,0.00,0.00,0.00,0.00,0.00,0.00,0.00,0.00,0.00,0.00
"000128","83617159000187","SC","20090525","325","325","NF","2","5901",5429.00,0,0,0.00,0.00,0.00,0.00,0.00,5429.00,"N",0.00,0.00,0.00,0.00,0.00,0.00,5429.00,"N",0.00,0.00,0.00,"",0.00,0.00,0.00,0.00,0.00,0.00,0.00,0.00,0.00,0.00,0.00,0.00,0.00,0.00,0.00,"","","","","",0.00,0.00,0.00,0.00,0.00,0.00,0.00,0.00,0.00,0.00,"O",0,"","",0.00,1,0.00,"",0.00,"",0.00,"",0.00,"",0.00,"",0.00,"",0.00,"",0.00,"",0.00,"",0.00,0.00,0.00,0.00,0.00,0.00,0.00,0.00,0.00,0.00,0.00,0.00,0.00,0.00,0.00,0.00,0.00,0.00,0.00,0.00,0.00,"1","",0,"","",0.00,"",0.00,0.00,"C",0,0,"","P",0,0,0.00,0,"","",0.00,0.00,0.00,0.00,5429.00,0.00,0.00,0.00,0.00,0.00,0.00,0.00,0.00,0.00,0.00,0.00,0.00,0.00,0.00,0.00,0.00,0.00,0.00,0.00,0.00,"02876495000142",0.00,0.00,0.00,0.00,0.00,0.00,0.00,0.00,0.00,0.00,0.00,0.00,0.00,0.00,0.00,0.00,0.00,0.00,0.00,0.00,0.00,0.00,0.00,0.00,0.00,0.00,0.00,0.00,0.00
"000129","43375930000485","SP","20090525","326","326","NF","2","6101",611.25,0,0,0.00,611.25,12.00,73.35,0.00,0.00,"N",0.00,0.00,0.00,0.00,0.00,611.25,0.00,"N",0.00,0.00,0.00,"",611.25,0.00,0.00,0.00,0.00,12.00,0.00,0.00,0.00,0.00,73.35,0.00,0.00,0.00,0.00,"","","","","",0.00,0.00,0.00,0.00,0.00,0.00,0.00,0.00,0.00,0.00,"P",0,"","",0.00,1,0.00,"",0.00,"",0.00,"",0.00,"",0.00,"",0.00,"",0.00,"",0.00,"",0.00,"",0.00,0.00,0.00,0.00,0.00,0.00,0.00,0.00,0.00,0.00,0.00,0.00,0.00,0.00,0.00,0.00,0.00,0.00,0.00,0.00,0.00,"1","",0,"","",0.00,"",0.00,0.00,"C",0,0,"","P",0,0,0.00,0,"","",0.00,0.00,0.00,0.00,0.00,0.00,0.00,0.00,0.00,0.00,0.00,0.00,0.00,0.00,0.00,0.00,0.00,0.00,0.00,0.00,0.00,0.00,0.00,0.00,0.00,"02876495000142",0.00,0.00,0.00,0.00,0.00,0.00,0.00,0.00,0.00,0.00,0.00,0.00,0.00,0.00,0.00,0.00,0.00,0.00,0.00,0.00,0.00,0.00,0.00,0.00,0.00,0.00,0.00,0.00,0.00
"000130","03509521000248","BA","20090526","327","327","NF","2","6101",15365.00,0,0,0.00,15365.00,7.00,1075.55,0.00,0.00,"N",0.00,0.00,0.00,0.00,0.00,15365.00,0.00,"N",0.00,0.00,0.00,"",15365.00,0.00,0.00,0.00,0.00,7.00,0.00,0.00,0.00,0.00,1075.55,0.00,0.00,0.00,0.00,"","","","","",0.00,0.00,0.00,0.00,0.00,0.00,0.00,0.00,0.00,0.00,"P",0,"","",0.00,1,0.00,"",0.00,"",0.00,"",0.00,"",0.00,"",0.00,"",0.00,"",0.00,"",0.00,"",0.00,0.00,0.00,0.00,0.00,0.00,0.00,0.00,0.00,0.00,0.00,0.00,0.00,0.00,0.00,0.00,0.00,0.00,0.00,0.00,0.00,"1","",0,"","",0.00,"",0.00,0.00,"C",0,0,"","P",0,0,0.00,0,"","",0.00,0.00,0.00,0.00,0.00,0.00,0.00,0.00,0.00,0.00,0.00,0.00,0.00,0.00,0.00,0.00,0.00,0.00,0.00,0.00,0.00,0.00,0.00,0.00,0.00,"02876495000142",0.00,0.00,0.00,0.00,0.00,0.00,0.00,0.00,0.00,0.00,0.00,0.00,0.00,0.00,0.00,0.00,0.00,0.00,0.00,0.00,0.00,0.00,0.00,0.00,0.00,0.00,0.00,0.00,0.00
"000131","03509521000248","BA","20090526","328","328","NF","2","6920",141.40,0,0,0.00,0.00,0.00,0.00,141.40,0.00,"N",0.00,0.00,0.00,0.00,0.00,0.00,141.40,"N",0.00,0.00,0.00,"",0.00,0.00,0.00,0.00,0.00,0.00,0.00,0.00,0.00,0.00,0.00,0.00,0.00,0.00,0.00,"","","","","",0.00,0.00,0.00,0.00,0.00,0.00,0.00,0.00,0.00,0.00,"O",0,"","",0.00,1,0.00,"",0.00,"",0.00,"",0.00,"",0.00,"",0.00,"",0.00,"",0.00,"",0.00,"",0.00,0.00,0.00,0.00,0.00,0.00,0.00,0.00,0.00,0.00,0.00,0.00,0.00,0.00,0.00,0.00,0.00,0.00,0.00,0.00,0.00,"1","",0,"","",0.00,"",0.00,0.00,"C",0,0,"","P",0,0,0.00,0,"","",0.00,0.00,0.00,141.40,0.00,0.00,0.00,0.00,0.00,0.00,0.00,0.00,0.00,0.00,0.00,0.00,0.00,0.00,0.00,0.00,0.00,0.00,0.00,0.00,0.00,"02876495000142",0.00,0.00,0.00,0.00,0.00,0.00,0.00,0.00,0.00,0.00,0.00,0.00,0.00,0.00,0.00,0.00,0.00,0.00,0.00,0.00,0.00,0.00,0.00,0.00,0.00,0.00,0.00,0.00,0.00
"000132","03509521000248","BA","20090526","329","329","NF","2","6921",3048.83,0,0,0.00,0.00,0.00,0.00,3048.83,0.00,"N",0.00,0.00,0.00,0.00,0.00,0.00,3048.83,"N",0.00,0.00,0.00,"",0.00,0.00,0.00,0.00,0.00,0.00,0.00,0.00,0.00,0.00,0.00,0.00,0.00,0.00,0.00,"","","","","",0.00,0.00,0.00,0.00,0.00,0.00,0.00,0.00,0.00,0.00,"O",0,"","",0.00,1,0.00,"",0.00,"",0.00,"",0.00,"",0.00,"",0.00,"",0.00,"",0.00,"",0.00,"",0.00,0.00,0.00,0.00,0.00,0.00,0.00,0.00,0.00,0.00,0.00,0.00,0.00,0.00,0.00,0.00,0.00,0.00,0.00,0.00,0.00,"1","",0,"","",0.00,"",0.00,0.00,"C",0,0,"","P",0,0,0.00,0,"","",0.00,0.00,0.00,3048.83,0.00,0.00,0.00,0.00,0.00,0.00,0.00,0.00,0.00,0.00,0.00,0.00,0.00,0.00,0.00,0.00,0.00,0.00,0.00,0.00,0.00,"02876495000142",0.00,0.00,0.00,0.00,0.00,0.00,0.00,0.00,0.00,0.00,0.00,0.00,0.00,0.00,0.00,0.00,0.00,0.00,0.00,0.00,0.00,0.00,0.00,0.00,0.00,0.00,0.00,0.00,0.00
"000133","57010662000160","SP","20090527","330","330","NF","2","6101",27936.00,0,0,0.00,27936.00,12.00,3352.32,0.00,0.00,"N",0.00,0.00,0.00,0.00,0.00,27936.00,0.00,"N",0.00,0.00,0.00,"",27936.00,0.00,0.00,0.00,0.00,12.00,0.00,0.00,0.00,0.00,3352.32,0.00,0.00,0.00,0.00,"","","","","",0.00,0.00,0.00,0.00,0.00,0.00,0.00,0.00,0.00,0.00,"P",0,"","",0.00,1,0.00,"",0.00,"",0.00,"",0.00,"",0.00,"",0.00,"",0.00,"",0.00,"",0.00,"",0.00,0.00,0.00,0.00,0.00,0.00,0.00,0.00,0.00,0.00,0.00,0.00,0.00,0.00,0.00,0.00,0.00,0.00,0.00,0.00,0.00,"1","",0,"","",0.00,"",0.00,0.00,"C",0,0,"","P",0,0,0.00,0,"","",0.00,0.00,0.00,0.00,0.00,0.00,0.00,0.00,0.00,0.00,0.00,0.00,0.00,0.00,0.00,0.00,0.00,0.00,0.00,0.00,0.00,0.00,0.00,0.00,0.00,"02876495000142",0.00,0.00,0.00,0.00,0.00,0.00,0.00,0.00,0.00,0.00,0.00,0.00,0.00,0.00,0.00,0.00,0.00,0.00,0.00,0.00,0.00,0.00,0.00,0.00,0.00,0.00,0.00,0.00,0.00
"000134","57010662000160","SP","20090527","331","331","NF","2","6101",26566.08,0,0,0.00,26566.08,12.00,3187.92,0.00,0.00,"N",0.00,0.00,0.00,0.00,0.00,26566.08,0.00,"N",0.00,0.00,0.00,"",26566.08,0.00,0.00,0.00,0.00,12.00,0.00,0.00,0.00,0.00,3187.92,0.00,0.00,0.00,0.00,"","","","","",0.00,0.00,0.00,0.00,0.00,0.00,0.00,0.00,0.00,0.00,"P",0,"","",0.00,1,0.00,"",0.00,"",0.00,"",0.00,"",0.00,"",0.00,"",0.00,"",0.00,"",0.00,"",0.00,0.00,0.00,0.00,0.00,0.00,0.00,0.00,0.00,0.00,0.00,0.00,0.00,0.00,0.00,0.00,0.00,0.00,0.00,0.00,0.00,"1","",0,"","",0.00,"",0.00,0.00,"C",0,0,"","P",0,0,0.00,0,"","",0.00,0.00,0.00,0.00,0.00,0.00,0.00,0.00,0.00,0.00,0.00,0.00,0.00,0.00,0.00,0.00,0.00,0.00,0.00,0.00,0.00,0.00,0.00,0.00,0.00,"02876495000142",0.00,0.00,0.00,0.00,0.00,0.00,0.00,0.00,0.00,0.00,0.00,0.00,0.00,0.00,0.00,0.00,0.00,0.00,0.00,0.00,0.00,0.00,0.00,0.00,0.00,0.00,0.00,0.00,0.00
"000135","57010662002880","SP","20090527","332","332","NF","2","6101",7787.52,0,0,0.00,7787.52,12.00,934.50,0.00,0.00,"N",0.00,0.00,0.00,0.00,0.00,7787.52,0.00,"N",0.00,0.00,0.00,"",7787.52,0.00,0.00,0.00,0.00,12.00,0.00,0.00,0.00,0.00,934.50,0.00,0.00,0.00,0.00,"","","","","",0.00,0.00,0.00,0.00,0.00,0.00,0.00,0.00,0.00,0.00,"P",0,"","",0.00,1,0.00,"",0.00,"",0.00,"",0.00,"",0.00,"",0.00,"",0.00,"",0.00,"",0.00,"",0.00,0.00,0.00,0.00,0.00,0.00,0.00,0.00,0.00,0.00,0.00,0.00,0.00,0.00,0.00,0.00,0.00,0.00,0.00,0.00,0.00,"1","",0,"","",0.00,"",0.00,0.00,"C",0,0,"","P",0,0,0.00,0,"","",0.00,0.00,0.00,0.00,0.00,0.00,0.00,0.00,0.00,0.00,0.00,0.00,0.00,0.00,0.00,0.00,0.00,0.00,0.00,0.00,0.00,0.00,0.00,0.00,0.00,"02876495000142",0.00,0.00,0.00,0.00,0.00,0.00,0.00,0.00,0.00,0.00,0.00,0.00,0.00,0.00,0.00,0.00,0.00,0.00,0.00,0.00,0.00,0.00,0.00,0.00,0.00,0.00,0.00,0.00,0.00
"000136","57010662002880","SP","20090527","333","333","NF","2","6921",527.66,0,0,0.00,0.00,0.00,0.00,527.66,0.00,"N",0.00,0.00,0.00,0.00,0.00,0.00,527.66,"N",0.00,0.00,0.00,"",0.00,0.00,0.00,0.00,0.00,0.00,0.00,0.00,0.00,0.00,0.00,0.00,0.00,0.00,0.00,"","","","","",0.00,0.00,0.00,0.00,0.00,0.00,0.00,0.00,0.00,0.00,"O",0,"","",0.00,1,0.00,"",0.00,"",0.00,"",0.00,"",0.00,"",0.00,"",0.00,"",0.00,"",0.00,"",0.00,0.00,0.00,0.00,0.00,0.00,0.00,0.00,0.00,0.00,0.00,0.00,0.00,0.00,0.00,0.00,0.00,0.00,0.00,0.00,0.00,"1","",0,"","",0.00,"",0.00,0.00,"C",0,0,"","P",0,0,0.00,0,"","",0.00,0.00,0.00,527.66,0.00,0.00,0.00,0.00,0.00,0.00,0.00,0.00,0.00,0.00,0.00,0.00,0.00,0.00,0.00,0.00,0.00,0.00,0.00,0.00,0.00,"02876495000142",0.00,0.00,0.00,0.00,0.00,0.00,0.00,0.00,0.00,0.00,0.00,0.00,0.00,0.00,0.00,0.00,0.00,0.00,0.00,0.00,0.00,0.00,0.00,0.00,0.00,0.00,0.00,0.00,0.00
"000137","57010662002880","SP","20090527","334","334","NF","2","6101",2595.84,0,0,0.00,2595.84,12.00,311.50,0.00,0.00,"N",0.00,0.00,0.00,0.00,0.00,2595.84,0.00,"N",0.00,0.00,0.00,"",2595.84,0.00,0.00,0.00,0.00,12.00,0.00,0.00,0.00,0.00,311.50,0.00,0.00,0.00,0.00,"","","","","",0.00,0.00,0.00,0.00,0.00,0.00,0.00,0.00,0.00,0.00,"P",0,"","",0.00,1,0.00,"",0.00,"",0.00,"",0.00,"",0.00,"",0.00,"",0.00,"",0.00,"",0.00,"",0.00,0.00,0.00,0.00,0.00,0.00,0.00,0.00,0.00,0.00,0.00,0.00,0.00,0.00,0.00,0.00,0.00,0.00,0.00,0.00,0.00,"1","",0,"","",0.00,"",0.00,0.00,"C",0,0,"","P",0,0,0.00,0,"","",0.00,0.00,0.00,0.00,0.00,0.00,0.00,0.00,0.00,0.00,0.00,0.00,0.00,0.00,0.00,0.00,0.00,0.00,0.00,0.00,0.00,0.00,0.00,0.00,0.00,"02876495000142",0.00,0.00,0.00,0.00,0.00,0.00,0.00,0.00,0.00,0.00,0.00,0.00,0.00,0.00,0.00,0.00,0.00,0.00,0.00,0.00,0.00,0.00,0.00,0.00,0.00,0.00,0.00,0.00,0.00
"000138","57010662002880","SP","20090527","335","335","NF","2","6921",196.22,0,0,0.00,0.00,0.00,0.00,196.22,0.00,"N",0.00,0.00,0.00,0.00,0.00,0.00,196.22,"N",0.00,0.00,0.00,"",0.00,0.00,0.00,0.00,0.00,0.00,0.00,0.00,0.00,0.00,0.00,0.00,0.00,0.00,0.00,"","","","","",0.00,0.00,0.00,0.00,0.00,0.00,0.00,0.00,0.00,0.00,"O",0,"","",0.00,1,0.00,"",0.00,"",0.00,"",0.00,"",0.00,"",0.00,"",0.00,"",0.00,"",0.00,"",0.00,0.00,0.00,0.00,0.00,0.00,0.00,0.00,0.00,0.00,0.00,0.00,0.00,0.00,0.00,0.00,0.00,0.00,0.00,0.00,0.00,"1","",0,"","",0.00,"",0.00,0.00,"C",0,0,"","P",0,0,0.00,0,"","",0.00,0.00,0.00,196.22,0.00,0.00,0.00,0.00,0.00,0.00,0.00,0.00,0.00,0.00,0.00,0.00,0.00,0.00,0.00,0.00,0.00,0.00,0.00,0.00,0.00,"02876495000142",0.00,0.00,0.00,0.00,0.00,0.00,0.00,0.00,0.00,0.00,0.00,0.00,0.00,0.00,0.00,0.00,0.00,0.00,0.00,0.00,0.00,0.00,0.00,0.00,0.00,0.00,0.00,0.00,0.00
"000139","57010662002880","SP","20090527","336","336","NF","2","6101",2609.10,0,0,0.00,2609.10,12.00,313.09,0.00,0.00,"N",0.00,0.00,0.00,0.00,0.00,2609.10,0.00,"N",0.00,0.00,0.00,"",2609.10,0.00,0.00,0.00,0.00,12.00,0.00,0.00,0.00,0.00,313.09,0.00,0.00,0.00,0.00,"","","","","",0.00,0.00,0.00,0.00,0.00,0.00,0.00,0.00,0.00,0.00,"P",0,"","",0.00,1,0.00,"",0.00,"",0.00,"",0.00,"",0.00,"",0.00,"",0.00,"",0.00,"",0.00,"",0.00,0.00,0.00,0.00,0.00,0.00,0.00,0.00,0.00,0.00,0.00,0.00,0.00,0.00,0.00,0.00,0.00,0.00,0.00,0.00,0.00,"1","",0,"","",0.00,"",0.00,0.00,"C",0,0,"","P",0,0,0.00,0,"","",0.00,0.00,0.00,0.00,0.00,0.00,0.00,0.00,0.00,0.00,0.00,0.00,0.00,0.00,0.00,0.00,0.00,0.00,0.00,0.00,0.00,0.00,0.00,0.00,0.00,"02876495000142",0.00,0.00,0.00,0.00,0.00,0.00,0.00,0.00,0.00,0.00,0.00,0.00,0.00,0.00,0.00,0.00,0.00,0.00,0.00,0.00,0.00,0.00,0.00,0.00,0.00,0.00,0.00,0.00,0.00
"000140","57010662002880","SP","20090527","337","337","NF","2","6101",5053.44,0,0,0.00,5053.44,12.00,606.41,0.00,0.00,"N",0.00,0.00,0.00,0.00,0.00,5053.44,0.00,"N",0.00,0.00,0.00,"",5053.44,0.00,0.00,0.00,0.00,12.00,0.00,0.00,0.00,0.00,606.41,0.00,0.00,0.00,0.00,"","","","","",0.00,0.00,0.00,0.00,0.00,0.00,0.00,0.00,0.00,0.00,"P",0,"","",0.00,1,0.00,"",0.00,"",0.00,"",0.00,"",0.00,"",0.00,"",0.00,"",0.00,"",0.00,"",0.00,0.00,0.00,0.00,0.00,0.00,0.00,0.00,0.00,0.00,0.00,0.00,0.00,0.00,0.00,0.00,0.00,0.00,0.00,0.00,0.00,"1","",0,"","",0.00,"",0.00,0.00,"C",0,0,"","P",0,0,0.00,0,"","",0.00,0.00,0.00,0.00,0.00,0.00,0.00,0.00,0.00,0.00,0.00,0.00,0.00,0.00,0.00,0.00,0.00,0.00,0.00,0.00,0.00,0.00,0.00,0.00,0.00,"02876495000142",0.00,0.00,0.00,0.00,0.00,0.00,0.00,0.00,0.00,0.00,0.00,0.00,0.00,0.00,0.00,0.00,0.00,0.00,0.00,0.00,0.00,0.00,0.00,0.00,0.00,0.00,0.00,0.00,0.00
"000141","57010662002880","SP","20090527","338","338","NF","2","6921",361.94,0,0,0.00,0.00,0.00,0.00,361.94,0.00,"N",0.00,0.00,0.00,0.00,0.00,0.00,361.94,"N",0.00,0.00,0.00,"",0.00,0.00,0.00,0.00,0.00,0.00,0.00,0.00,0.00,0.00,0.00,0.00,0.00,0.00,0.00,"","","","","",0.00,0.00,0.00,0.00,0.00,0.00,0.00,0.00,0.00,0.00,"O",0,"","",0.00,1,0.00,"",0.00,"",0.00,"",0.00,"",0.00,"",0.00,"",0.00,"",0.00,"",0.00,"",0.00,0.00,0.00,0.00,0.00,0.00,0.00,0.00,0.00,0.00,0.00,0.00,0.00,0.00,0.00,0.00,0.00,0.00,0.00,0.00,0.00,"1","",0,"","",0.00,"",0.00,0.00,"C",0,0,"","P",0,0,0.00,0,"","",0.00,0.00,0.00,361.94,0.00,0.00,0.00,0.00,0.00,0.00,0.00,0.00,0.00,0.00,0.00,0.00,0.00,0.00,0.00,0.00,0.00,0.00,0.00,0.00,0.00,"02876495000142",0.00,0.00,0.00,0.00,0.00,0.00,0.00,0.00,0.00,0.00,0.00,0.00,0.00,0.00,0.00,0.00,0.00,0.00,0.00,0.00,0.00,0.00,0.00,0.00,0.00,0.00,0.00,0.00,0.00
"000142","57010662002880","SP","20090527","339","339","NF","2","6101",3360.00,0,0,0.00,3360.00,12.00,403.20,0.00,0.00,"N",0.00,0.00,0.00,0.00,0.00,3360.00,0.00,"N",0.00,0.00,0.00,"",3360.00,0.00,0.00,0.00,0.00,12.00,0.00,0.00,0.00,0.00,403.20,0.00,0.00,0.00,0.00,"","","","","",0.00,0.00,0.00,0.00,0.00,0.00,0.00,0.00,0.00,0.00,"P",0,"","",0.00,1,0.00,"",0.00,"",0.00,"",0.00,"",0.00,"",0.00,"",0.00,"",0.00,"",0.00,"",0.00,0.00,0.00,0.00,0.00,0.00,0.00,0.00,0.00,0.00,0.00,0.00,0.00,0.00,0.00,0.00,0.00,0.00,0.00,0.00,0.00,"1","",0,"","",0.00,"",0.00,0.00,"C",0,0,"","P",0,0,0.00,0,"","",0.00,0.00,0.00,0.00,0.00,0.00,0.00,0.00,0.00,0.00,0.00,0.00,0.00,0.00,0.00,0.00,0.00,0.00,0.00,0.00,0.00,0.00,0.00,0.00,0.00,"02876495000142",0.00,0.00,0.00,0.00,0.00,0.00,0.00,0.00,0.00,0.00,0.00,0.00,0.00,0.00,0.00,0.00,0.00,0.00,0.00,0.00,0.00,0.00,0.00,0.00,0.00,0.00,0.00,0.00,0.00
"000143","57010662002880","SP","20090527","340","340","NF","2","6920",492.80,0,0,0.00,0.00,0.00,0.00,492.80,0.00,"N",0.00,0.00,0.00,0.00,0.00,0.00,492.80,"N",0.00,0.00,0.00,"",0.00,0.00,0.00,0.00,0.00,0.00,0.00,0.00,0.00,0.00,0.00,0.00,0.00,0.00,0.00,"","","","","",0.00,0.00,0.00,0.00,0.00,0.00,0.00,0.00,0.00,0.00,"O",0,"","",0.00,1,0.00,"",0.00,"",0.00,"",0.00,"",0.00,"",0.00,"",0.00,"",0.00,"",0.00,"",0.00,0.00,0.00,0.00,0.00,0.00,0.00,0.00,0.00,0.00,0.00,0.00,0.00,0.00,0.00,0.00,0.00,0.00,0.00,0.00,0.00,"1","",0,"","",0.00,"",0.00,0.00,"C",0,0,"","P",0,0,0.00,0,"","",0.00,0.00,0.00,492.80,0.00,0.00,0.00,0.00,0.00,0.00,0.00,0.00,0.00,0.00,0.00,0.00,0.00,0.00,0.00,0.00,0.00,0.00,0.00,0.00,0.00,"02876495000142",0.00,0.00,0.00,0.00,0.00,0.00,0.00,0.00,0.00,0.00,0.00,0.00,0.00,0.00,0.00,0.00,0.00,0.00,0.00,0.00,0.00,0.00,0.00,0.00,0.00,0.00,0.00,0.00,0.00
"000144","57010662002880","SP","20090527","341","341","NF","2","6921",251.94,0,0,0.00,0.00,0.00,0.00,251.94,0.00,"N",0.00,0.00,0.00,0.00,0.00,0.00,251.94,"N",0.00,0.00,0.00,"",0.00,0.00,0.00,0.00,0.00,0.00,0.00,0.00,0.00,0.00,0.00,0.00,0.00,0.00,0.00,"","","","","",0.00,0.00,0.00,0.00,0.00,0.00,0.00,0.00,0.00,0.00,"O",0,"","",0.00,1,0.00,"",0.00,"",0.00,"",0.00,"",0.00,"",0.00,"",0.00,"",0.00,"",0.00,"",0.00,0.00,0.00,0.00,0.00,0.00,0.00,0.00,0.00,0.00,0.00,0.00,0.00,0.00,0.00,0.00,0.00,0.00,0.00,0.00,0.00,"1","",0,"","",0.00,"",0.00,0.00,"C",0,0,"","P",0,0,0.00,0,"","",0.00,0.00,0.00,251.94,0.00,0.00,0.00,0.00,0.00,0.00,0.00,0.00,0.00,0.00,0.00,0.00,0.00,0.00,0.00,0.00,0.00,0.00,0.00,0.00,0.00,"02876495000142",0.00,0.00,0.00,0.00,0.00,0.00,0.00,0.00,0.00,0.00,0.00,0.00,0.00,0.00,0.00,0.00,0.00,0.00,0.00,0.00,0.00,0.00,0.00,0.00,0.00,0.00,0.00,0.00,0.00
"000145","83617159000187","SC","20090527","342","342","NF","2","5901",524.00,0,0,0.00,0.00,0.00,0.00,0.00,524.00,"N",0.00,0.00,0.00,0.00,0.00,0.00,524.00,"N",0.00,0.00,0.00,"",0.00,0.00,0.00,0.00,0.00,0.00,0.00,0.00,0.00,0.00,0.00,0.00,0.00,0.00,0.00,"","","","","",0.00,0.00,0.00,0.00,0.00,0.00,0.00,0.00,0.00,0.00,"O",0,"","",0.00,1,0.00,"",0.00,"",0.00,"",0.00,"",0.00,"",0.00,"",0.00,"",0.00,"",0.00,"",0.00,0.00,0.00,0.00,0.00,0.00,0.00,0.00,0.00,0.00,0.00,0.00,0.00,0.00,0.00,0.00,0.00,0.00,0.00,0.00,0.00,"1","",0,"","",0.00,"",0.00,0.00,"C",0,0,"","P",0,0,0.00,0,"","",0.00,0.00,0.00,0.00,524.00,0.00,0.00,0.00,0.00,0.00,0.00,0.00,0.00,0.00,0.00,0.00,0.00,0.00,0.00,0.00,0.00,0.00,0.00,0.00,0.00,"02876495000142",0.00,0.00,0.00,0.00,0.00,0.00,0.00,0.00,0.00,0.00,0.00,0.00,0.00,0.00,0.00,0.00,0.00,0.00,0.00,0.00,0.00,0.00,0.00,0.00,0.00,0.00,0.00,0.00,0.00
"000146","81445884000190","PR","20090527","343","343","NF","2","6101",7.84,0,0,0.00,7.84,12.00,0.94,0.00,0.00,"N",0.00,0.00,0.00,7.84,0.00,0.00,0.00,"N",0.00,0.00,0.00,"",7.84,0.00,0.00,0.00,0.00,12.00,0.00,0.00,0.00,0.00,0.94,0.00,0.00,0.00,0.00,"","","","","",0.00,0.00,0.00,0.00,0.00,0.00,0.00,0.00,0.00,0.00,"P",0,"","",0.00,1,0.00,"",0.00,"",0.00,"",0.00,"",0.00,"",0.00,"",0.00,"",0.00,"",0.00,"",0.00,0.00,0.00,0.00,0.00,0.00,0.00,0.00,0.00,0.00,0.00,0.00,0.00,0.00,0.00,0.00,0.00,0.00,0.00,0.00,0.00,"1","",0,"","",0.00,"",0.00,0.00,"C",0,0,"","P",0,0,0.00,0,"","",0.00,0.00,0.00,0.00,0.00,0.00,0.00,0.00,0.00,0.00,0.00,0.00,0.00,0.00,0.00,0.00,0.00,0.00,0.00,0.00,0.00,0.00,0.00,0.00,0.00,"02876495000142",0.00,0.00,0.00,0.00,0.00,0.00,0.00,0.00,0.00,0.00,0.00,0.00,0.00,0.00,0.00,0.00,0.00,0.00,0.00,0.00,0.00,0.00,0.00,0.00,0.00,0.00,0.00,0.00,0.00
"000147","81445884000190","PR","20090527","344","344","NF","2","6101",838.88,0,0,0.00,838.88,12.00,100.66,0.00,0.00,"N",0.00,0.00,0.00,838.88,0.00,0.00,0.00,"N",0.00,0.00,0.00,"",838.88,0.00,0.00,0.00,0.00,12.00,0.00,0.00,0.00,0.00,100.66,0.00,0.00,0.00,0.00,"","","","","",0.00,0.00,0.00,0.00,0.00,0.00,0.00,0.00,0.00,0.00,"P",0,"","",0.00,1,0.00,"",0.00,"",0.00,"",0.00,"",0.00,"",0.00,"",0.00,"",0.00,"",0.00,"",0.00,0.00,0.00,0.00,0.00,0.00,0.00,0.00,0.00,0.00,0.00,0.00,0.00,0.00,0.00,0.00,0.00,0.00,0.00,0.00,0.00,"1","",0,"","",0.00,"",0.00,0.00,"C",0,0,"","P",0,0,0.00,0,"","",0.00,0.00,0.00,0.00,0.00,0.00,0.00,0.00,0.00,0.00,0.00,0.00,0.00,0.00,0.00,0.00,0.00,0.00,0.00,0.00,0.00,0.00,0.00,0.00,0.00,"02876495000142",0.00,0.00,0.00,0.00,0.00,0.00,0.00,0.00,0.00,0.00,0.00,0.00,0.00,0.00,0.00,0.00,0.00,0.00,0.00,0.00,0.00,0.00,0.00,0.00,0.00,0.00,0.00,0.00,0.00
"000148","43375930000132","PR","20090527","345","345","NF","2","6101",11125.00,0,0,0.00,11125.00,12.00,1335.00,0.00,0.00,"N",0.00,0.00,0.00,0.00,0.00,11125.00,0.00,"N",0.00,0.00,0.00,"",11125.00,0.00,0.00,0.00,0.00,12.00,0.00,0.00,0.00,0.00,1335.00,0.00,0.00,0.00,0.00,"","","","","",0.00,0.00,0.00,0.00,0.00,0.00,0.00,0.00,0.00,0.00,"P",0,"","",0.00,1,0.00,"",0.00,"",0.00,"",0.00,"",0.00,"",0.00,"",0.00,"",0.00,"",0.00,"",0.00,0.00,0.00,0.00,0.00,0.00,0.00,0.00,0.00,0.00,0.00,0.00,0.00,0.00,0.00,0.00,0.00,0.00,0.00,0.00,0.00,"1","",0,"","",0.00,"",0.00,0.00,"C",0,0,"","P",0,0,0.00,0,"","",0.00,0.00,0.00,0.00,0.00,0.00,0.00,0.00,0.00,0.00,0.00,0.00,0.00,0.00,0.00,0.00,0.00,0.00,0.00,0.00,0.00,0.00,0.00,0.00,0.00,"02876495000142",0.00,0.00,0.00,0.00,0.00,0.00,0.00,0.00,0.00,0.00,0.00,0.00,0.00,0.00,0.00,0.00,0.00,0.00,0.00,0.00,0.00,0.00,0.00,0.00,0.00,0.00,0.00,0.00,0.00
"000149","43375930000485","SP","20090527","346","346","NF","2","5101",44107.80,0,0,0.00,0.00,0.00,0.00,0.00,0.00,"N",0.00,0.00,0.00,0.00,0.00,0.00,0.00,"N",0.00,0.00,0.00,"NF FISCAL CANCELADA",0.00,0.00,0.00,0.00,0.00,0.00,0.00,0.00,0.00,0.00,0.00,0.00,0.00,0.00,0.00,"","","","","",0.00,0.00,0.00,0.00,0.00,0.00,0.00,0.00,0.00,0.00,"P",0,"","",0.00,1,0.00,"",0.00,"",0.00,"",0.00,"",0.00,"",0.00,"",0.00,"",0.00,"",0.00,"",0.00,0.00,0.00,0.00,0.00,0.00,0.00,0.00,0.00,0.00,0.00,0.00,0.00,0.00,0.00,0.00,0.00,0.00,0.00,0.00,0.00,"1","",0,"","",0.00,"",0.00,0.00,"C",0,0,"","P",0,0,0.00,0,"","",0.00,0.00,0.00,0.00,0.00,0.00,0.00,0.00,0.00,0.00,0.00,0.00,0.00,0.00,0.00,0.00,0.00,0.00,0.00,0.00,0.00,0.00,0.00,0.00,0.00,"02876495000142",0.00,0.00,0.00,0.00,0.00,0.00,0.00,0.00,0.00,0.00,0.00,0.00,0.00,0.00,0.00,0.00,0.00,0.00,0.00,0.00,0.00,0.00,0.00,0.00,0.00,0.00,0.00,0.00,0.00
"000150","43375930000485","SP","20090528","347","347","NF","2","6101",42684.75,0,0,0.00,42684.75,12.00,5122.17,0.00,0.00,"N",0.00,0.00,0.00,0.00,0.00,42684.75,0.00,"N",0.00,0.00,0.00,"",42684.75,0.00,0.00,0.00,0.00,12.00,0.00,0.00,0.00,0.00,5122.17,0.00,0.00,0.00,0.00,"","","","","",0.00,0.00,0.00,0.00,0.00,0.00,0.00,0.00,0.00,0.00,"P",0,"","",0.00,1,0.00,"",0.00,"",0.00,"",0.00,"",0.00,"",0.00,"",0.00,"",0.00,"",0.00,"",0.00,0.00,0.00,0.00,0.00,0.00,0.00,0.00,0.00,0.00,0.00,0.00,0.00,0.00,0.00,0.00,0.00,0.00,0.00,0.00,0.00,"1","",0,"","",0.00,"",0.00,0.00,"C",0,0,"","P",0,0,0.00,0,"","",0.00,0.00,0.00,0.00,0.00,0.00,0.00,0.00,0.00,0.00,0.00,0.00,0.00,0.00,0.00,0.00,0.00,0.00,0.00,0.00,0.00,0.00,0.00,0.00,0.00,"02876495000142",0.00,0.00,0.00,0.00,0.00,0.00,0.00,0.00,0.00,0.00,0.00,0.00,0.00,0.00,0.00,0.00,0.00,0.00,0.00,0.00,0.00,0.00,0.00,0.00,0.00,0.00,0.00,0.00,0.00
"000151","03523188000140","MG","20090528","348","348","NF","2","6101",28667.85,0,0,0.00,28667.85,12.00,3440.14,0.00,0.00,"N",0.00,0.00,0.00,0.00,0.00,0.00,28667.85,"N",0.00,0.00,0.00,"",28667.85,0.00,0.00,0.00,0.00,12.00,0.00,0.00,0.00,0.00,3440.14,0.00,0.00,0.00,0.00,"","","","","",0.00,0.00,0.00,0.00,0.00,0.00,0.00,0.00,0.00,0.00,"P",0,"","",0.00,1,0.00,"",0.00,"",0.00,"",0.00,"",0.00,"",0.00,"",0.00,"",0.00,"",0.00,"",0.00,0.00,0.00,0.00,0.00,0.00,0.00,0.00,0.00,0.00,0.00,0.00,0.00,0.00,0.00,0.00,0.00,0.00,0.00,0.00,0.00,"1","",0,"","",0.00,"",0.00,0.00,"C",0,0,"","P",0,0,0.00,0,"","",0.00,0.00,0.00,0.00,0.00,0.00,0.00,0.00,0.00,0.00,0.00,0.00,0.00,0.00,0.00,0.00,0.00,0.00,0.00,0.00,0.00,0.00,0.00,0.00,0.00,"02876495000142",0.00,0.00,0.00,0.00,0.00,0.00,0.00,0.00,0.00,0.00,0.00,0.00,0.00,0.00,0.00,0.00,0.00,0.00,0.00,0.00,0.00,0.00,0.00,0.00,0.00,0.00,0.00,0.00,0.00
"000152","45990181000189","SP","20090528","349","349","NF","2","6101",19337.62,0,0,0.00,19337.62,12.00,2320.51,0.00,0.00,"N",0.00,0.00,0.00,0.00,0.00,0.00,19337.62,"N",0.00,0.00,0.00,"",19337.62,0.00,0.00,0.00,0.00,12.00,0.00,0.00,0.00,0.00,2320.51,0.00,0.00,0.00,0.00,"","","","","",0.00,0.00,0.00,0.00,0.00,0.00,0.00,0.00,0.00,0.00,"P",0,"","",0.00,1,0.00,"",0.00,"",0.00,"",0.00,"",0.00,"",0.00,"",0.00,"",0.00,"",0.00,"",0.00,0.00,0.00,0.00,0.00,0.00,0.00,0.00,0.00,0.00,0.00,0.00,0.00,0.00,0.00,0.00,0.00,0.00,0.00,0.00,0.00,"1","",0,"","",0.00,"",0.00,0.00,"C",0,0,"","P",0,0,0.00,0,"","",0.00,0.00,0.00,0.00,0.00,0.00,0.00,0.00,0.00,0.00,0.00,0.00,0.00,0.00,0.00,0.00,0.00,0.00,0.00,0.00,0.00,0.00,0.00,0.00,0.00,"02876495000142",0.00,0.00,0.00,0.00,0.00,0.00,0.00,0.00,0.00,0.00,0.00,0.00,0.00,0.00,0.00,0.00,0.00,0.00,0.00,0.00,0.00,0.00,0.00,0.00,0.00,0.00,0.00,0.00,0.00
"000153","04773769000284","RS","20090528","350","350","NF","2","6101",635.70,0,0,0.00,635.70,12.00,76.28,0.00,0.00,"N",0.00,0.00,0.00,0.00,0.00,0.00,635.70,"N",0.00,0.00,0.00,"",635.70,0.00,0.00,0.00,0.00,12.00,0.00,0.00,0.00,0.00,76.28,0.00,0.00,0.00,0.00,"","","","","",0.00,0.00,0.00,0.00,0.00,0.00,0.00,0.00,0.00,0.00,"P",0,"","",0.00,1,0.00,"",0.00,"",0.00,"",0.00,"",0.00,"",0.00,"",0.00,"",0.00,"",0.00,"",0.00,0.00,0.00,0.00,0.00,0.00,0.00,0.00,0.00,0.00,0.00,0.00,0.00,0.00,0.00,0.00,0.00,0.00,0.00,0.00,0.00,"1","",0,"","",0.00,"",0.00,0.00,"C",0,0,"","P",0,0,0.00,0,"","",0.00,0.00,0.00,0.00,0.00,0.00,0.00,0.00,0.00,0.00,0.00,0.00,0.00,0.00,0.00,0.00,0.00,0.00,0.00,0.00,0.00,0.00,0.00,0.00,0.00,"02876495000142",0.00,0.00,0.00,0.00,0.00,0.00,0.00,0.00,0.00,0.00,0.00,0.00,0.00,0.00,0.00,0.00,0.00,0.00,0.00,0.00,0.00,0.00,0.00,0.00,0.00,0.00,0.00,0.00,0.00
"000154","48297527000156","SP","20090528","351","351","NF","2","6101",2052.00,0,0,0.00,2052.00,12.00,246.24,0.00,0.00,"N",0.00,0.00,0.00,2052.00,0.00,0.00,0.00,"N",0.00,0.00,0.00,"",2052.00,0.00,0.00,0.00,0.00,12.00,0.00,0.00,0.00,0.00,246.24,0.00,0.00,0.00,0.00,"","","","","",0.00,0.00,0.00,0.00,0.00,0.00,0.00,0.00,0.00,0.00,"P",0,"","",0.00,1,0.00,"",0.00,"",0.00,"",0.00,"",0.00,"",0.00,"",0.00,"",0.00,"",0.00,"",0.00,0.00,0.00,0.00,0.00,0.00,0.00,0.00,0.00,0.00,0.00,0.00,0.00,0.00,0.00,0.00,0.00,0.00,0.00,0.00,0.00,"1","",0,"","",0.00,"",0.00,0.00,"C",0,0,"","P",0,0,0.00,0,"","",0.00,0.00,0.00,0.00,0.00,0.00,0.00,0.00,0.00,0.00,0.00,0.00,0.00,0.00,0.00,0.00,0.00,0.00,0.00,0.00,0.00,0.00,0.00,0.00,0.00,"02876495000142",0.00,0.00,0.00,0.00,0.00,0.00,0.00,0.00,0.00,0.00,0.00,0.00,0.00,0.00,0.00,0.00,0.00,0.00,0.00,0.00,0.00,0.00,0.00,0.00,0.00,0.00,0.00,0.00,0.00
"000155","",".","20090528","352","352","NF","2","7101",11730.00,0,0,0.00,0.00,0.00,0.00,11730.00,0.00,"N",0.00,0.00,0.00,0.00,0.00,0.00,11730.00,"N",0.00,0.00,0.00,"",0.00,0.00,0.00,0.00,0.00,0.00,0.00,0.00,0.00,0.00,0.00,0.00,0.00,0.00,0.00,"","","","","",0.00,0.00,0.00,0.00,0.00,0.00,0.00,0.00,0.00,0.00,"P",0,"","",0.00,1,0.00,"",0.00,"",0.00,"",0.00,"",0.00,"",0.00,"",0.00,"",0.00,"",0.00,"",0.00,0.00,0.00,0.00,0.00,0.00,0.00,0.00,0.00,0.00,0.00,0.00,0.00,0.00,0.00,0.00,0.00,0.00,0.00,0.00,0.00,"1","",0,"","",0.00,"",0.00,0.00,"C",0,0,"","P",0,0,0.00,0,"","",0.00,0.00,0.00,11730.00,0.00,0.00,0.00,0.00,0.00,0.00,0.00,0.00,0.00,0.00,0.00,0.00,0.00,0.00,0.00,0.00,0.00,0.00,0.00,0.00,0.00,"02876495000142",0.00,0.00,0.00,0.00,0.00,0.00,0.00,0.00,0.00,0.00,0.00,0.00,0.00,0.00,0.00,0.00,0.00,0.00,0.00,0.00,0.00,0.00,0.00,0.00,0.00,0.00,0.00,0.00,0.00
"000156","56167091000109","SP","20090528","353","353","NF","2","6101",17220.00,0,0,0.00,17220.00,12.00,2066.40,0.00,0.00,"N",0.00,0.00,0.00,0.00,0.00,0.00,17220.00,"N",0.00,0.00,0.00,"",17220.00,0.00,0.00,0.00,0.00,12.00,0.00,0.00,0.00,0.00,2066.40,0.00,0.00,0.00,0.00,"","","","","",0.00,0.00,0.00,0.00,0.00,0.00,0.00,0.00,0.00,0.00,"P",0,"","",0.00,1,0.00,"",0.00,"",0.00,"",0.00,"",0.00,"",0.00,"",0.00,"",0.00,"",0.00,"",0.00,0.00,0.00,0.00,0.00,0.00,0.00,0.00,0.00,0.00,0.00,0.00,0.00,0.00,0.00,0.00,0.00,0.00,0.00,0.00,0.00,"1","",0,"","",0.00,"",0.00,0.00,"C",0,0,"","P",0,0,0.00,0,"","",0.00,0.00,0.00,0.00,0.00,0.00,0.00,0.00,0.00,0.00,0.00,0.00,0.00,0.00,0.00,0.00,0.00,0.00,0.00,0.00,0.00,0.00,0.00,0.00,0.00,"02876495000142",0.00,0.00,0.00,0.00,0.00,0.00,0.00,0.00,0.00,0.00,0.00,0.00,0.00,0.00,0.00,0.00,0.00,0.00,0.00,0.00,0.00,0.00,0.00,0.00,0.00,0.00,0.00,0.00,0.00
"000157","56167091000109","SP","20090528","354","354","NF","2","6920",1746.20,0,0,0.00,0.00,0.00,0.00,1746.20,0.00,"N",0.00,0.00,0.00,0.00,0.00,0.00,1746.20,"N",0.00,0.00,0.00,"",0.00,0.00,0.00,0.00,0.00,0.00,0.00,0.00,0.00,0.00,0.00,0.00,0.00,0.00,0.00,"","","","","",0.00,0.00,0.00,0.00,0.00,0.00,0.00,0.00,0.00,0.00,"O",0,"","",0.00,1,0.00,"",0.00,"",0.00,"",0.00,"",0.00,"",0.00,"",0.00,"",0.00,"",0.00,"",0.00,0.00,0.00,0.00,0.00,0.00,0.00,0.00,0.00,0.00,0.00,0.00,0.00,0.00,0.00,0.00,0.00,0.00,0.00,0.00,0.00,"1","",0,"","",0.00,"",0.00,0.00,"C",0,0,"","P",0,0,0.00,0,"","",0.00,0.00,0.00,1746.20,0.00,0.00,0.00,0.00,0.00,0.00,0.00,0.00,0.00,0.00,0.00,0.00,0.00,0.00,0.00,0.00,0.00,0.00,0.00,0.00,0.00,"02876495000142",0.00,0.00,0.00,0.00,0.00,0.00,0.00,0.00,0.00,0.00,0.00,0.00,0.00,0.00,0.00,0.00,0.00,0.00,0.00,0.00,0.00,0.00,0.00,0.00,0.00,0.00,0.00,0.00,0.00
"000158","56167091000109","SP","20090528","355","355","NF","2","6101",14231.25,0,0,0.00,14231.25,12.00,1707.75,0.00,0.00,"N",0.00,0.00,0.00,0.00,0.00,0.00,14231.25,"N",0.00,0.00,0.00,"",14231.25,0.00,0.00,0.00,0.00,12.00,0.00,0.00,0.00,0.00,1707.75,0.00,0.00,0.00,0.00,"","","","","",0.00,0.00,0.00,0.00,0.00,0.00,0.00,0.00,0.00,0.00,"P",0,"","",0.00,1,0.00,"",0.00,"",0.00,"",0.00,"",0.00,"",0.00,"",0.00,"",0.00,"",0.00,"",0.00,0.00,0.00,0.00,0.00,0.00,0.00,0.00,0.00,0.00,0.00,0.00,0.00,0.00,0.00,0.00,0.00,0.00,0.00,0.00,0.00,"1","",0,"","",0.00,"",0.00,0.00,"C",0,0,"","P",0,0,0.00,0,"","",0.00,0.00,0.00,0.00,0.00,0.00,0.00,0.00,0.00,0.00,0.00,0.00,0.00,0.00,0.00,0.00,0.00,0.00,0.00,0.00,0.00,0.00,0.00,0.00,0.00,"02876495000142",0.00,0.00,0.00,0.00,0.00,0.00,0.00,0.00,0.00,0.00,0.00,0.00,0.00,0.00,0.00,0.00,0.00,0.00,0.00,0.00,0.00,0.00,0.00,0.00,0.00,0.00,0.00,0.00,0.00
